solid ASCII
  facet normal -9.961946e-01 0.000000e+00 -8.715631e-02
    outer loop
      vertex   -2.000000e+01 2.400000e+01 -5.100000e+01
      vertex   -2.000000e+01 2.700000e+01 -5.100000e+01
      vertex   -1.995442e+01 2.400000e+01 -5.152095e+01
    endloop
  endfacet
  facet normal -9.961946e-01 -7.668762e-16 -8.715631e-02
    outer loop
      vertex   -1.995442e+01 2.400000e+01 -5.152095e+01
      vertex   -2.000000e+01 2.700000e+01 -5.100000e+01
      vertex   -1.995442e+01 2.700000e+01 -5.152095e+01
    endloop
  endfacet
  facet normal -9.659258e-01 8.212732e-17 -2.588190e-01
    outer loop
      vertex   -1.995442e+01 2.400000e+01 -5.152095e+01
      vertex   -1.995442e+01 2.700000e+01 -5.152095e+01
      vertex   -1.981908e+01 2.400000e+01 -5.202606e+01
    endloop
  endfacet
  facet normal -9.659258e-01 0.000000e+00 -2.588190e-01
    outer loop
      vertex   -1.981908e+01 2.400000e+01 -5.202606e+01
      vertex   -1.995442e+01 2.700000e+01 -5.152095e+01
      vertex   -1.981908e+01 2.700000e+01 -5.202606e+01
    endloop
  endfacet
  facet normal -9.063078e-01 0.000000e+00 -4.226183e-01
    outer loop
      vertex   -1.981908e+01 2.400000e+01 -5.202606e+01
      vertex   -1.981908e+01 2.700000e+01 -5.202606e+01
      vertex   -1.959808e+01 2.400000e+01 -5.250000e+01
    endloop
  endfacet
  facet normal -9.063078e-01 0.000000e+00 -4.226183e-01
    outer loop
      vertex   -1.959808e+01 2.400000e+01 -5.250000e+01
      vertex   -1.981908e+01 2.700000e+01 -5.202606e+01
      vertex   -1.959808e+01 2.700000e+01 -5.250000e+01
    endloop
  endfacet
  facet normal -8.191520e-01 0.000000e+00 -5.735764e-01
    outer loop
      vertex   -1.959808e+01 2.400000e+01 -5.250000e+01
      vertex   -1.959808e+01 2.700000e+01 -5.250000e+01
      vertex   -1.929813e+01 2.400000e+01 -5.292836e+01
    endloop
  endfacet
  facet normal -8.191520e-01 0.000000e+00 -5.735764e-01
    outer loop
      vertex   -1.929813e+01 2.400000e+01 -5.292836e+01
      vertex   -1.959808e+01 2.700000e+01 -5.250000e+01
      vertex   -1.929813e+01 2.700000e+01 -5.292836e+01
    endloop
  endfacet
  facet normal -7.071068e-01 0.000000e+00 -7.071068e-01
    outer loop
      vertex   -1.929813e+01 2.400000e+01 -5.292836e+01
      vertex   -1.929813e+01 2.700000e+01 -5.292836e+01
      vertex   -1.892836e+01 2.400000e+01 -5.329813e+01
    endloop
  endfacet
  facet normal -7.071068e-01 0.000000e+00 -7.071068e-01
    outer loop
      vertex   -1.892836e+01 2.400000e+01 -5.329813e+01
      vertex   -1.929813e+01 2.700000e+01 -5.292836e+01
      vertex   -1.892836e+01 2.700000e+01 -5.329813e+01
    endloop
  endfacet
  facet normal -5.735764e-01 0.000000e+00 -8.191520e-01
    outer loop
      vertex   -1.892836e+01 2.400000e+01 -5.329813e+01
      vertex   -1.892836e+01 2.700000e+01 -5.329813e+01
      vertex   -1.850000e+01 2.400000e+01 -5.359808e+01
    endloop
  endfacet
  facet normal -5.735764e-01 0.000000e+00 -8.191520e-01
    outer loop
      vertex   -1.850000e+01 2.400000e+01 -5.359808e+01
      vertex   -1.892836e+01 2.700000e+01 -5.329813e+01
      vertex   -1.850000e+01 2.700000e+01 -5.359808e+01
    endloop
  endfacet
  facet normal -4.226183e-01 0.000000e+00 -9.063078e-01
    outer loop
      vertex   -1.850000e+01 2.400000e+01 -5.359808e+01
      vertex   -1.850000e+01 2.700000e+01 -5.359808e+01
      vertex   -1.802606e+01 2.400000e+01 -5.381908e+01
    endloop
  endfacet
  facet normal -4.226183e-01 0.000000e+00 -9.063078e-01
    outer loop
      vertex   -1.802606e+01 2.400000e+01 -5.381908e+01
      vertex   -1.850000e+01 2.700000e+01 -5.359808e+01
      vertex   -1.802606e+01 2.700000e+01 -5.381908e+01
    endloop
  endfacet
  facet normal -2.588190e-01 0.000000e+00 -9.659258e-01
    outer loop
      vertex   -1.802606e+01 2.400000e+01 -5.381908e+01
      vertex   -1.802606e+01 2.700000e+01 -5.381908e+01
      vertex   -1.752094e+01 2.400000e+01 -5.395442e+01
    endloop
  endfacet
  facet normal -2.588190e-01 0.000000e+00 -9.659258e-01
    outer loop
      vertex   -1.752094e+01 2.400000e+01 -5.395442e+01
      vertex   -1.802606e+01 2.700000e+01 -5.381908e+01
      vertex   -1.752094e+01 2.700000e+01 -5.395442e+01
    endloop
  endfacet
  facet normal -8.715574e-02 0.000000e+00 -9.961947e-01
    outer loop
      vertex   -1.752094e+01 2.400000e+01 -5.395442e+01
      vertex   -1.752094e+01 2.700000e+01 -5.395442e+01
      vertex   -1.700000e+01 2.400000e+01 -5.400000e+01
    endloop
  endfacet
  facet normal -8.715574e-02 0.000000e+00 -9.961947e-01
    outer loop
      vertex   -1.700000e+01 2.400000e+01 -5.400000e+01
      vertex   -1.752094e+01 2.700000e+01 -5.395442e+01
      vertex   -1.700000e+01 2.700000e+01 -5.400000e+01
    endloop
  endfacet
  facet normal 0.000000e+00 0.000000e+00 -1.000000e+00
    outer loop
      vertex   -1.700000e+01 2.700000e+01 -5.400000e+01
      vertex   1.700000e+01 2.700000e+01 -5.400000e+01
      vertex   -1.700000e+01 2.400000e+01 -5.400000e+01
    endloop
  endfacet
  facet normal 0.000000e+00 0.000000e+00 -1.000000e+00
    outer loop
      vertex   -1.700000e+01 2.400000e+01 -5.400000e+01
      vertex   1.700000e+01 2.700000e+01 -5.400000e+01
      vertex   1.700000e+01 2.400000e+01 -5.400000e+01
    endloop
  endfacet
  facet normal -0.000000e+00 1.000000e+00 0.000000e+00
    outer loop
      vertex   -1.295265e+01 2.700000e+01 -4.953271e+01
      vertex   1.295265e+01 2.700000e+01 -4.953271e+01
      vertex   -1.290000e+01 2.700000e+01 -5.000000e+01
    endloop
  endfacet
  facet normal 0.000000e+00 1.000000e+00 0.000000e+00
    outer loop
      vertex   -1.290000e+01 2.700000e+01 -5.000000e+01
      vertex   1.295265e+01 2.700000e+01 -4.953271e+01
      vertex   1.290000e+01 2.700000e+01 -5.000000e+01
    endloop
  endfacet
  facet normal -0.000000e+00 1.000000e+00 0.000000e+00
    outer loop
      vertex   -1.290000e+01 2.700000e+01 -5.000000e+01
      vertex   1.290000e+01 2.700000e+01 -5.000000e+01
      vertex   -1.295265e+01 2.700000e+01 -5.046729e+01
    endloop
  endfacet
  facet normal 0.000000e+00 1.000000e+00 0.000000e+00
    outer loop
      vertex   -1.295265e+01 2.700000e+01 -5.046729e+01
      vertex   1.290000e+01 2.700000e+01 -5.000000e+01
      vertex   1.295265e+01 2.700000e+01 -5.046729e+01
    endloop
  endfacet
  facet normal -0.000000e+00 1.000000e+00 0.000000e+00
    outer loop
      vertex   -1.295265e+01 2.700000e+01 -5.046729e+01
      vertex   1.295265e+01 2.700000e+01 -5.046729e+01
      vertex   -1.310797e+01 2.700000e+01 -5.091116e+01
    endloop
  endfacet
  facet normal 0.000000e+00 1.000000e+00 0.000000e+00
    outer loop
      vertex   -1.310797e+01 2.700000e+01 -5.091116e+01
      vertex   1.295265e+01 2.700000e+01 -5.046729e+01
      vertex   1.310797e+01 2.700000e+01 -5.091116e+01
    endloop
  endfacet
  facet normal -0.000000e+00 1.000000e+00 0.000000e+00
    outer loop
      vertex   -1.310797e+01 2.700000e+01 -5.091116e+01
      vertex   1.310797e+01 2.700000e+01 -5.091116e+01
      vertex   -1.335815e+01 2.700000e+01 -5.130933e+01
    endloop
  endfacet
  facet normal 0.000000e+00 1.000000e+00 0.000000e+00
    outer loop
      vertex   -1.335815e+01 2.700000e+01 -5.130933e+01
      vertex   1.310797e+01 2.700000e+01 -5.091116e+01
      vertex   1.335815e+01 2.700000e+01 -5.130933e+01
    endloop
  endfacet
  facet normal -0.000000e+00 1.000000e+00 0.000000e+00
    outer loop
      vertex   -1.335815e+01 2.700000e+01 -5.130933e+01
      vertex   1.335815e+01 2.700000e+01 -5.130933e+01
      vertex   -1.369067e+01 2.700000e+01 -5.164185e+01
    endloop
  endfacet
  facet normal 0.000000e+00 1.000000e+00 0.000000e+00
    outer loop
      vertex   -1.369067e+01 2.700000e+01 -5.164185e+01
      vertex   1.335815e+01 2.700000e+01 -5.130933e+01
      vertex   1.369067e+01 2.700000e+01 -5.164185e+01
    endloop
  endfacet
  facet normal -0.000000e+00 1.000000e+00 0.000000e+00
    outer loop
      vertex   -1.369067e+01 2.700000e+01 -5.164185e+01
      vertex   1.369067e+01 2.700000e+01 -5.164185e+01
      vertex   -1.700000e+01 2.700000e+01 -5.400000e+01
    endloop
  endfacet
  facet normal 0.000000e+00 1.000000e+00 0.000000e+00
    outer loop
      vertex   -1.700000e+01 2.700000e+01 -5.400000e+01
      vertex   1.369067e+01 2.700000e+01 -5.164185e+01
      vertex   1.700000e+01 2.700000e+01 -5.400000e+01
    endloop
  endfacet
  facet normal 0.000000e+00 1.000000e+00 0.000000e+00
    outer loop
      vertex   1.700000e+01 2.700000e+01 -5.400000e+01
      vertex   1.369067e+01 2.700000e+01 -5.164185e+01
      vertex   1.408884e+01 2.700000e+01 -5.189204e+01
    endloop
  endfacet
  facet normal 0.000000e+00 1.000000e+00 0.000000e+00
    outer loop
      vertex   1.700000e+01 2.700000e+01 -5.400000e+01
      vertex   1.408884e+01 2.700000e+01 -5.189204e+01
      vertex   1.453271e+01 2.700000e+01 -5.204735e+01
    endloop
  endfacet
  facet normal 0.000000e+00 1.000000e+00 -0.000000e+00
    outer loop
      vertex   1.295265e+01 2.700000e+01 -4.953271e+01
      vertex   -1.295265e+01 2.700000e+01 -4.953271e+01
      vertex   1.310797e+01 2.700000e+01 -4.908884e+01
    endloop
  endfacet
  facet normal 0.000000e+00 1.000000e+00 0.000000e+00
    outer loop
      vertex   1.310797e+01 2.700000e+01 -4.908884e+01
      vertex   -1.295265e+01 2.700000e+01 -4.953271e+01
      vertex   -1.310797e+01 2.700000e+01 -4.908884e+01
    endloop
  endfacet
  facet normal 0.000000e+00 1.000000e+00 -0.000000e+00
    outer loop
      vertex   1.310797e+01 2.700000e+01 -4.908884e+01
      vertex   -1.310797e+01 2.700000e+01 -4.908884e+01
      vertex   1.335815e+01 2.700000e+01 -4.869067e+01
    endloop
  endfacet
  facet normal 0.000000e+00 1.000000e+00 0.000000e+00
    outer loop
      vertex   1.335815e+01 2.700000e+01 -4.869067e+01
      vertex   -1.310797e+01 2.700000e+01 -4.908884e+01
      vertex   -1.335815e+01 2.700000e+01 -4.869067e+01
    endloop
  endfacet
  facet normal 0.000000e+00 1.000000e+00 -0.000000e+00
    outer loop
      vertex   1.335815e+01 2.700000e+01 -4.869067e+01
      vertex   -1.335815e+01 2.700000e+01 -4.869067e+01
      vertex   1.335815e+01 2.700000e+01 -6.309329e+00
    endloop
  endfacet
  facet normal 0.000000e+00 1.000000e+00 0.000000e+00
    outer loop
      vertex   1.335815e+01 2.700000e+01 -6.309329e+00
      vertex   -1.335815e+01 2.700000e+01 -4.869067e+01
      vertex   -1.335815e+01 2.700000e+01 -6.309329e+00
    endloop
  endfacet
  facet normal 0.000000e+00 1.000000e+00 0.000000e+00
    outer loop
      vertex   1.335815e+01 2.700000e+01 -6.309329e+00
      vertex   -1.335815e+01 2.700000e+01 -6.309329e+00
      vertex   1.310797e+01 2.700000e+01 -5.911156e+00
    endloop
  endfacet
  facet normal 0.000000e+00 1.000000e+00 0.000000e+00
    outer loop
      vertex   1.310797e+01 2.700000e+01 -5.911156e+00
      vertex   -1.335815e+01 2.700000e+01 -6.309329e+00
      vertex   -1.310797e+01 2.700000e+01 -5.911156e+00
    endloop
  endfacet
  facet normal 0.000000e+00 1.000000e+00 0.000000e+00
    outer loop
      vertex   1.310797e+01 2.700000e+01 -5.911156e+00
      vertex   -1.310797e+01 2.700000e+01 -5.911156e+00
      vertex   1.295265e+01 2.700000e+01 -5.467294e+00
    endloop
  endfacet
  facet normal 0.000000e+00 1.000000e+00 0.000000e+00
    outer loop
      vertex   1.295265e+01 2.700000e+01 -5.467294e+00
      vertex   -1.310797e+01 2.700000e+01 -5.911156e+00
      vertex   -1.295265e+01 2.700000e+01 -5.467294e+00
    endloop
  endfacet
  facet normal 0.000000e+00 1.000000e+00 0.000000e+00
    outer loop
      vertex   1.295265e+01 2.700000e+01 -5.467294e+00
      vertex   -1.295265e+01 2.700000e+01 -5.467294e+00
      vertex   1.290000e+01 2.700000e+01 -5.000000e+00
    endloop
  endfacet
  facet normal 0.000000e+00 1.000000e+00 0.000000e+00
    outer loop
      vertex   1.290000e+01 2.700000e+01 -5.000000e+00
      vertex   -1.295265e+01 2.700000e+01 -5.467294e+00
      vertex   -1.290000e+01 2.700000e+01 -5.000000e+00
    endloop
  endfacet
  facet normal 0.000000e+00 1.000000e+00 -0.000000e+00
    outer loop
      vertex   1.290000e+01 2.700000e+01 -5.000000e+00
      vertex   -1.290000e+01 2.700000e+01 -5.000000e+00
      vertex   1.295265e+01 2.700000e+01 -4.532706e+00
    endloop
  endfacet
  facet normal 0.000000e+00 1.000000e+00 0.000000e+00
    outer loop
      vertex   1.295265e+01 2.700000e+01 -4.532706e+00
      vertex   -1.290000e+01 2.700000e+01 -5.000000e+00
      vertex   -1.295265e+01 2.700000e+01 -4.532706e+00
    endloop
  endfacet
  facet normal 0.000000e+00 1.000000e+00 -0.000000e+00
    outer loop
      vertex   1.295265e+01 2.700000e+01 -4.532706e+00
      vertex   -1.295265e+01 2.700000e+01 -4.532706e+00
      vertex   1.310797e+01 2.700000e+01 -4.088844e+00
    endloop
  endfacet
  facet normal 0.000000e+00 1.000000e+00 0.000000e+00
    outer loop
      vertex   1.310797e+01 2.700000e+01 -4.088844e+00
      vertex   -1.295265e+01 2.700000e+01 -4.532706e+00
      vertex   -1.310797e+01 2.700000e+01 -4.088844e+00
    endloop
  endfacet
  facet normal 0.000000e+00 1.000000e+00 -0.000000e+00
    outer loop
      vertex   1.310797e+01 2.700000e+01 -4.088844e+00
      vertex   -1.310797e+01 2.700000e+01 -4.088844e+00
      vertex   1.335815e+01 2.700000e+01 -3.690671e+00
    endloop
  endfacet
  facet normal 0.000000e+00 1.000000e+00 0.000000e+00
    outer loop
      vertex   1.335815e+01 2.700000e+01 -3.690671e+00
      vertex   -1.310797e+01 2.700000e+01 -4.088844e+00
      vertex   -1.335815e+01 2.700000e+01 -3.690671e+00
    endloop
  endfacet
  facet normal 0.000000e+00 1.000000e+00 -0.000000e+00
    outer loop
      vertex   1.335815e+01 2.700000e+01 -3.690671e+00
      vertex   -1.335815e+01 2.700000e+01 -3.690671e+00
      vertex   1.369067e+01 2.700000e+01 -3.358154e+00
    endloop
  endfacet
  facet normal 0.000000e+00 1.000000e+00 0.000000e+00
    outer loop
      vertex   1.369067e+01 2.700000e+01 -3.358154e+00
      vertex   -1.335815e+01 2.700000e+01 -3.690671e+00
      vertex   -1.369067e+01 2.700000e+01 -3.358154e+00
    endloop
  endfacet
  facet normal 0.000000e+00 1.000000e+00 -0.000000e+00
    outer loop
      vertex   1.369067e+01 2.700000e+01 -3.358154e+00
      vertex   -1.369067e+01 2.700000e+01 -3.358154e+00
      vertex   2.000000e+01 2.700000e+01 3.000000e+00
    endloop
  endfacet
  facet normal 0.000000e+00 1.000000e+00 0.000000e+00
    outer loop
      vertex   2.000000e+01 2.700000e+01 3.000000e+00
      vertex   -1.369067e+01 2.700000e+01 -3.358154e+00
      vertex   -2.000000e+01 2.700000e+01 3.000000e+00
    endloop
  endfacet
  facet normal 0.000000e+00 1.000000e+00 0.000000e+00
    outer loop
      vertex   -2.000000e+01 2.700000e+01 3.000000e+00
      vertex   -1.369067e+01 2.700000e+01 -3.358154e+00
      vertex   -1.408884e+01 2.700000e+01 -3.107965e+00
    endloop
  endfacet
  facet normal 0.000000e+00 1.000000e+00 0.000000e+00
    outer loop
      vertex   -2.000000e+01 2.700000e+01 3.000000e+00
      vertex   -1.408884e+01 2.700000e+01 -3.107965e+00
      vertex   -1.453271e+01 2.700000e+01 -2.952651e+00
    endloop
  endfacet
  facet normal 0.000000e+00 1.000000e+00 0.000000e+00
    outer loop
      vertex   -1.335815e+01 2.700000e+01 -6.309329e+00
      vertex   -1.335815e+01 2.700000e+01 -4.869067e+01
      vertex   -1.369067e+01 2.700000e+01 -6.641846e+00
    endloop
  endfacet
  facet normal 0.000000e+00 1.000000e+00 0.000000e+00
    outer loop
      vertex   -1.369067e+01 2.700000e+01 -6.641846e+00
      vertex   -1.335815e+01 2.700000e+01 -4.869067e+01
      vertex   -1.369067e+01 2.700000e+01 -4.835815e+01
    endloop
  endfacet
  facet normal 0.000000e+00 1.000000e+00 0.000000e+00
    outer loop
      vertex   -1.369067e+01 2.700000e+01 -6.641846e+00
      vertex   -1.369067e+01 2.700000e+01 -4.835815e+01
      vertex   -1.408884e+01 2.700000e+01 -6.892035e+00
    endloop
  endfacet
  facet normal 0.000000e+00 1.000000e+00 0.000000e+00
    outer loop
      vertex   -1.408884e+01 2.700000e+01 -6.892035e+00
      vertex   -1.369067e+01 2.700000e+01 -4.835815e+01
      vertex   -1.408884e+01 2.700000e+01 -4.810797e+01
    endloop
  endfacet
  facet normal 0.000000e+00 1.000000e+00 0.000000e+00
    outer loop
      vertex   -1.408884e+01 2.700000e+01 -6.892035e+00
      vertex   -1.408884e+01 2.700000e+01 -4.810797e+01
      vertex   -1.453271e+01 2.700000e+01 -7.047349e+00
    endloop
  endfacet
  facet normal 0.000000e+00 1.000000e+00 0.000000e+00
    outer loop
      vertex   -1.453271e+01 2.700000e+01 -7.047349e+00
      vertex   -1.408884e+01 2.700000e+01 -4.810797e+01
      vertex   -1.453271e+01 2.700000e+01 -4.795265e+01
    endloop
  endfacet
  facet normal 0.000000e+00 1.000000e+00 0.000000e+00
    outer loop
      vertex   -1.453271e+01 2.700000e+01 -7.047349e+00
      vertex   -1.453271e+01 2.700000e+01 -4.795265e+01
      vertex   -1.500000e+01 2.700000e+01 -7.100000e+00
    endloop
  endfacet
  facet normal 0.000000e+00 1.000000e+00 0.000000e+00
    outer loop
      vertex   -1.500000e+01 2.700000e+01 -7.100000e+00
      vertex   -1.453271e+01 2.700000e+01 -4.795265e+01
      vertex   -1.500000e+01 2.700000e+01 -4.790000e+01
    endloop
  endfacet
  facet normal 0.000000e+00 1.000000e+00 0.000000e+00
    outer loop
      vertex   -1.500000e+01 2.700000e+01 -7.100000e+00
      vertex   -1.500000e+01 2.700000e+01 -4.790000e+01
      vertex   -1.546729e+01 2.700000e+01 -4.795265e+01
    endloop
  endfacet
  facet normal 0.000000e+00 1.000000e+00 0.000000e+00
    outer loop
      vertex   -1.500000e+01 2.700000e+01 -7.100000e+00
      vertex   -1.546729e+01 2.700000e+01 -4.795265e+01
      vertex   -1.546729e+01 2.700000e+01 -7.047349e+00
    endloop
  endfacet
  facet normal 0.000000e+00 1.000000e+00 0.000000e+00
    outer loop
      vertex   -1.546729e+01 2.700000e+01 -7.047349e+00
      vertex   -1.546729e+01 2.700000e+01 -4.795265e+01
      vertex   -1.591116e+01 2.700000e+01 -4.810797e+01
    endloop
  endfacet
  facet normal 0.000000e+00 1.000000e+00 0.000000e+00
    outer loop
      vertex   -1.546729e+01 2.700000e+01 -7.047349e+00
      vertex   -1.591116e+01 2.700000e+01 -4.810797e+01
      vertex   -1.591116e+01 2.700000e+01 -6.892035e+00
    endloop
  endfacet
  facet normal 0.000000e+00 1.000000e+00 0.000000e+00
    outer loop
      vertex   -1.591116e+01 2.700000e+01 -6.892035e+00
      vertex   -1.591116e+01 2.700000e+01 -4.810797e+01
      vertex   -1.630933e+01 2.700000e+01 -4.835815e+01
    endloop
  endfacet
  facet normal 0.000000e+00 1.000000e+00 0.000000e+00
    outer loop
      vertex   -1.591116e+01 2.700000e+01 -6.892035e+00
      vertex   -1.630933e+01 2.700000e+01 -4.835815e+01
      vertex   -1.630933e+01 2.700000e+01 -6.641846e+00
    endloop
  endfacet
  facet normal 0.000000e+00 1.000000e+00 0.000000e+00
    outer loop
      vertex   -1.630933e+01 2.700000e+01 -6.641846e+00
      vertex   -1.630933e+01 2.700000e+01 -4.835815e+01
      vertex   -2.000000e+01 2.700000e+01 -5.100000e+01
    endloop
  endfacet
  facet normal 0.000000e+00 1.000000e+00 0.000000e+00
    outer loop
      vertex   -1.630933e+01 2.700000e+01 -6.641846e+00
      vertex   -2.000000e+01 2.700000e+01 -5.100000e+01
      vertex   -1.664185e+01 2.700000e+01 -6.309329e+00
    endloop
  endfacet
  facet normal 0.000000e+00 1.000000e+00 0.000000e+00
    outer loop
      vertex   -1.664185e+01 2.700000e+01 -6.309329e+00
      vertex   -2.000000e+01 2.700000e+01 -5.100000e+01
      vertex   -1.689203e+01 2.700000e+01 -5.911156e+00
    endloop
  endfacet
  facet normal 0.000000e+00 1.000000e+00 0.000000e+00
    outer loop
      vertex   -1.689203e+01 2.700000e+01 -5.911156e+00
      vertex   -2.000000e+01 2.700000e+01 -5.100000e+01
      vertex   -1.704735e+01 2.700000e+01 -5.467294e+00
    endloop
  endfacet
  facet normal 0.000000e+00 1.000000e+00 0.000000e+00
    outer loop
      vertex   -1.704735e+01 2.700000e+01 -5.467294e+00
      vertex   -2.000000e+01 2.700000e+01 -5.100000e+01
      vertex   -2.000000e+01 2.700000e+01 3.000000e+00
    endloop
  endfacet
  facet normal 0.000000e+00 1.000000e+00 0.000000e+00
    outer loop
      vertex   -1.704735e+01 2.700000e+01 -5.467294e+00
      vertex   -2.000000e+01 2.700000e+01 3.000000e+00
      vertex   -1.710000e+01 2.700000e+01 -5.000000e+00
    endloop
  endfacet
  facet normal 0.000000e+00 1.000000e+00 -0.000000e+00
    outer loop
      vertex   -1.710000e+01 2.700000e+01 -5.000000e+00
      vertex   -2.000000e+01 2.700000e+01 3.000000e+00
      vertex   -1.704735e+01 2.700000e+01 -4.532706e+00
    endloop
  endfacet
  facet normal 0.000000e+00 1.000000e+00 -0.000000e+00
    outer loop
      vertex   -1.704735e+01 2.700000e+01 -4.532706e+00
      vertex   -2.000000e+01 2.700000e+01 3.000000e+00
      vertex   -1.689203e+01 2.700000e+01 -4.088844e+00
    endloop
  endfacet
  facet normal 0.000000e+00 1.000000e+00 -0.000000e+00
    outer loop
      vertex   -1.689203e+01 2.700000e+01 -4.088844e+00
      vertex   -2.000000e+01 2.700000e+01 3.000000e+00
      vertex   -1.664185e+01 2.700000e+01 -3.690671e+00
    endloop
  endfacet
  facet normal 0.000000e+00 1.000000e+00 -0.000000e+00
    outer loop
      vertex   -1.664185e+01 2.700000e+01 -3.690671e+00
      vertex   -2.000000e+01 2.700000e+01 3.000000e+00
      vertex   -1.630933e+01 2.700000e+01 -3.358154e+00
    endloop
  endfacet
  facet normal 0.000000e+00 1.000000e+00 -0.000000e+00
    outer loop
      vertex   -1.630933e+01 2.700000e+01 -3.358154e+00
      vertex   -2.000000e+01 2.700000e+01 3.000000e+00
      vertex   -1.591116e+01 2.700000e+01 -3.107965e+00
    endloop
  endfacet
  facet normal 0.000000e+00 1.000000e+00 -0.000000e+00
    outer loop
      vertex   -1.591116e+01 2.700000e+01 -3.107965e+00
      vertex   -2.000000e+01 2.700000e+01 3.000000e+00
      vertex   -1.546729e+01 2.700000e+01 -2.952651e+00
    endloop
  endfacet
  facet normal 0.000000e+00 1.000000e+00 -0.000000e+00
    outer loop
      vertex   -1.546729e+01 2.700000e+01 -2.952651e+00
      vertex   -2.000000e+01 2.700000e+01 3.000000e+00
      vertex   -1.500000e+01 2.700000e+01 -2.900000e+00
    endloop
  endfacet
  facet normal -0.000000e+00 1.000000e+00 -0.000000e+00
    outer loop
      vertex   -1.500000e+01 2.700000e+01 -2.900000e+00
      vertex   -2.000000e+01 2.700000e+01 3.000000e+00
      vertex   -1.453271e+01 2.700000e+01 -2.952651e+00
    endloop
  endfacet
  facet normal 0.000000e+00 1.000000e+00 0.000000e+00
    outer loop
      vertex   -1.630933e+01 2.700000e+01 -4.835815e+01
      vertex   -1.664185e+01 2.700000e+01 -4.869067e+01
      vertex   -2.000000e+01 2.700000e+01 -5.100000e+01
    endloop
  endfacet
  facet normal 0.000000e+00 1.000000e+00 0.000000e+00
    outer loop
      vertex   -2.000000e+01 2.700000e+01 -5.100000e+01
      vertex   -1.664185e+01 2.700000e+01 -4.869067e+01
      vertex   -1.689203e+01 2.700000e+01 -4.908884e+01
    endloop
  endfacet
  facet normal 0.000000e+00 1.000000e+00 0.000000e+00
    outer loop
      vertex   -2.000000e+01 2.700000e+01 -5.100000e+01
      vertex   -1.689203e+01 2.700000e+01 -4.908884e+01
      vertex   -1.704735e+01 2.700000e+01 -4.953271e+01
    endloop
  endfacet
  facet normal 0.000000e+00 1.000000e+00 0.000000e+00
    outer loop
      vertex   -1.704735e+01 2.700000e+01 -4.953271e+01
      vertex   -1.710000e+01 2.700000e+01 -5.000000e+01
      vertex   -2.000000e+01 2.700000e+01 -5.100000e+01
    endloop
  endfacet
  facet normal 0.000000e+00 1.000000e+00 0.000000e+00
    outer loop
      vertex   -2.000000e+01 2.700000e+01 -5.100000e+01
      vertex   -1.710000e+01 2.700000e+01 -5.000000e+01
      vertex   -1.704735e+01 2.700000e+01 -5.046729e+01
    endloop
  endfacet
  facet normal -0.000000e+00 1.000000e+00 0.000000e+00
    outer loop
      vertex   -2.000000e+01 2.700000e+01 -5.100000e+01
      vertex   -1.704735e+01 2.700000e+01 -5.046729e+01
      vertex   -1.995442e+01 2.700000e+01 -5.152095e+01
    endloop
  endfacet
  facet normal -0.000000e+00 1.000000e+00 0.000000e+00
    outer loop
      vertex   -1.995442e+01 2.700000e+01 -5.152095e+01
      vertex   -1.704735e+01 2.700000e+01 -5.046729e+01
      vertex   -1.981908e+01 2.700000e+01 -5.202606e+01
    endloop
  endfacet
  facet normal -0.000000e+00 1.000000e+00 0.000000e+00
    outer loop
      vertex   -1.981908e+01 2.700000e+01 -5.202606e+01
      vertex   -1.704735e+01 2.700000e+01 -5.046729e+01
      vertex   -1.959808e+01 2.700000e+01 -5.250000e+01
    endloop
  endfacet
  facet normal -0.000000e+00 1.000000e+00 0.000000e+00
    outer loop
      vertex   -1.959808e+01 2.700000e+01 -5.250000e+01
      vertex   -1.704735e+01 2.700000e+01 -5.046729e+01
      vertex   -1.929813e+01 2.700000e+01 -5.292836e+01
    endloop
  endfacet
  facet normal -0.000000e+00 1.000000e+00 0.000000e+00
    outer loop
      vertex   -1.929813e+01 2.700000e+01 -5.292836e+01
      vertex   -1.704735e+01 2.700000e+01 -5.046729e+01
      vertex   -1.892836e+01 2.700000e+01 -5.329813e+01
    endloop
  endfacet
  facet normal 0.000000e+00 1.000000e+00 0.000000e+00
    outer loop
      vertex   -1.892836e+01 2.700000e+01 -5.329813e+01
      vertex   -1.704735e+01 2.700000e+01 -5.046729e+01
      vertex   -1.689203e+01 2.700000e+01 -5.091116e+01
    endloop
  endfacet
  facet normal -0.000000e+00 1.000000e+00 0.000000e+00
    outer loop
      vertex   -1.892836e+01 2.700000e+01 -5.329813e+01
      vertex   -1.689203e+01 2.700000e+01 -5.091116e+01
      vertex   -1.850000e+01 2.700000e+01 -5.359808e+01
    endloop
  endfacet
  facet normal -0.000000e+00 1.000000e+00 0.000000e+00
    outer loop
      vertex   -1.850000e+01 2.700000e+01 -5.359808e+01
      vertex   -1.689203e+01 2.700000e+01 -5.091116e+01
      vertex   -1.802606e+01 2.700000e+01 -5.381908e+01
    endloop
  endfacet
  facet normal 0.000000e+00 1.000000e+00 0.000000e+00
    outer loop
      vertex   -1.802606e+01 2.700000e+01 -5.381908e+01
      vertex   -1.689203e+01 2.700000e+01 -5.091116e+01
      vertex   -1.664185e+01 2.700000e+01 -5.130933e+01
    endloop
  endfacet
  facet normal -0.000000e+00 1.000000e+00 0.000000e+00
    outer loop
      vertex   -1.802606e+01 2.700000e+01 -5.381908e+01
      vertex   -1.664185e+01 2.700000e+01 -5.130933e+01
      vertex   -1.752094e+01 2.700000e+01 -5.395442e+01
    endloop
  endfacet
  facet normal -0.000000e+00 1.000000e+00 0.000000e+00
    outer loop
      vertex   -1.752094e+01 2.700000e+01 -5.395442e+01
      vertex   -1.664185e+01 2.700000e+01 -5.130933e+01
      vertex   -1.700000e+01 2.700000e+01 -5.400000e+01
    endloop
  endfacet
  facet normal 0.000000e+00 1.000000e+00 0.000000e+00
    outer loop
      vertex   -1.700000e+01 2.700000e+01 -5.400000e+01
      vertex   -1.664185e+01 2.700000e+01 -5.130933e+01
      vertex   -1.630933e+01 2.700000e+01 -5.164185e+01
    endloop
  endfacet
  facet normal 0.000000e+00 1.000000e+00 0.000000e+00
    outer loop
      vertex   -1.700000e+01 2.700000e+01 -5.400000e+01
      vertex   -1.630933e+01 2.700000e+01 -5.164185e+01
      vertex   -1.591116e+01 2.700000e+01 -5.189204e+01
    endloop
  endfacet
  facet normal 0.000000e+00 1.000000e+00 0.000000e+00
    outer loop
      vertex   -1.591116e+01 2.700000e+01 -5.189204e+01
      vertex   -1.546729e+01 2.700000e+01 -5.204735e+01
      vertex   -1.700000e+01 2.700000e+01 -5.400000e+01
    endloop
  endfacet
  facet normal 0.000000e+00 1.000000e+00 0.000000e+00
    outer loop
      vertex   -1.700000e+01 2.700000e+01 -5.400000e+01
      vertex   -1.546729e+01 2.700000e+01 -5.204735e+01
      vertex   -1.500000e+01 2.700000e+01 -5.210000e+01
    endloop
  endfacet
  facet normal 0.000000e+00 1.000000e+00 0.000000e+00
    outer loop
      vertex   -1.700000e+01 2.700000e+01 -5.400000e+01
      vertex   -1.500000e+01 2.700000e+01 -5.210000e+01
      vertex   -1.453271e+01 2.700000e+01 -5.204735e+01
    endloop
  endfacet
  facet normal -0.000000e+00 1.000000e+00 0.000000e+00
    outer loop
      vertex   -1.453271e+01 2.700000e+01 -5.204735e+01
      vertex   -1.408884e+01 2.700000e+01 -5.189204e+01
      vertex   -1.700000e+01 2.700000e+01 -5.400000e+01
    endloop
  endfacet
  facet normal 0.000000e+00 1.000000e+00 0.000000e+00
    outer loop
      vertex   -1.700000e+01 2.700000e+01 -5.400000e+01
      vertex   -1.408884e+01 2.700000e+01 -5.189204e+01
      vertex   -1.369067e+01 2.700000e+01 -5.164185e+01
    endloop
  endfacet
  facet normal 0.000000e+00 1.000000e+00 0.000000e+00
    outer loop
      vertex   1.704735e+01 2.700000e+01 -5.467294e+00
      vertex   1.710000e+01 2.700000e+01 -5.000000e+00
      vertex   2.000000e+01 2.700000e+01 3.000000e+00
    endloop
  endfacet
  facet normal 0.000000e+00 1.000000e+00 0.000000e+00
    outer loop
      vertex   2.000000e+01 2.700000e+01 3.000000e+00
      vertex   1.710000e+01 2.700000e+01 -5.000000e+00
      vertex   1.704735e+01 2.700000e+01 -4.532706e+00
    endloop
  endfacet
  facet normal 0.000000e+00 1.000000e+00 0.000000e+00
    outer loop
      vertex   2.000000e+01 2.700000e+01 3.000000e+00
      vertex   1.704735e+01 2.700000e+01 -4.532706e+00
      vertex   1.689203e+01 2.700000e+01 -4.088844e+00
    endloop
  endfacet
  facet normal 0.000000e+00 1.000000e+00 -0.000000e+00
    outer loop
      vertex   1.689203e+01 2.700000e+01 -4.088844e+00
      vertex   1.664185e+01 2.700000e+01 -3.690671e+00
      vertex   2.000000e+01 2.700000e+01 3.000000e+00
    endloop
  endfacet
  facet normal 0.000000e+00 1.000000e+00 0.000000e+00
    outer loop
      vertex   2.000000e+01 2.700000e+01 3.000000e+00
      vertex   1.664185e+01 2.700000e+01 -3.690671e+00
      vertex   1.630933e+01 2.700000e+01 -3.358154e+00
    endloop
  endfacet
  facet normal 0.000000e+00 1.000000e+00 0.000000e+00
    outer loop
      vertex   2.000000e+01 2.700000e+01 3.000000e+00
      vertex   1.630933e+01 2.700000e+01 -3.358154e+00
      vertex   1.591116e+01 2.700000e+01 -3.107965e+00
    endloop
  endfacet
  facet normal 0.000000e+00 1.000000e+00 -0.000000e+00
    outer loop
      vertex   1.591116e+01 2.700000e+01 -3.107965e+00
      vertex   1.546729e+01 2.700000e+01 -2.952651e+00
      vertex   2.000000e+01 2.700000e+01 3.000000e+00
    endloop
  endfacet
  facet normal 0.000000e+00 1.000000e+00 0.000000e+00
    outer loop
      vertex   2.000000e+01 2.700000e+01 3.000000e+00
      vertex   1.546729e+01 2.700000e+01 -2.952651e+00
      vertex   1.500000e+01 2.700000e+01 -2.900000e+00
    endloop
  endfacet
  facet normal 0.000000e+00 1.000000e+00 0.000000e+00
    outer loop
      vertex   2.000000e+01 2.700000e+01 3.000000e+00
      vertex   1.500000e+01 2.700000e+01 -2.900000e+00
      vertex   1.453271e+01 2.700000e+01 -2.952651e+00
    endloop
  endfacet
  facet normal 0.000000e+00 1.000000e+00 -0.000000e+00
    outer loop
      vertex   1.453271e+01 2.700000e+01 -2.952651e+00
      vertex   1.408884e+01 2.700000e+01 -3.107965e+00
      vertex   2.000000e+01 2.700000e+01 3.000000e+00
    endloop
  endfacet
  facet normal 0.000000e+00 1.000000e+00 0.000000e+00
    outer loop
      vertex   2.000000e+01 2.700000e+01 3.000000e+00
      vertex   1.408884e+01 2.700000e+01 -3.107965e+00
      vertex   1.369067e+01 2.700000e+01 -3.358154e+00
    endloop
  endfacet
  facet normal 0.000000e+00 1.000000e+00 0.000000e+00
    outer loop
      vertex   1.335815e+01 2.700000e+01 -6.309329e+00
      vertex   1.369067e+01 2.700000e+01 -6.641846e+00
      vertex   1.335815e+01 2.700000e+01 -4.869067e+01
    endloop
  endfacet
  facet normal 0.000000e+00 1.000000e+00 0.000000e+00
    outer loop
      vertex   1.335815e+01 2.700000e+01 -4.869067e+01
      vertex   1.369067e+01 2.700000e+01 -6.641846e+00
      vertex   1.369067e+01 2.700000e+01 -4.835815e+01
    endloop
  endfacet
  facet normal 0.000000e+00 1.000000e+00 0.000000e+00
    outer loop
      vertex   1.369067e+01 2.700000e+01 -4.835815e+01
      vertex   1.369067e+01 2.700000e+01 -6.641846e+00
      vertex   1.408884e+01 2.700000e+01 -6.892035e+00
    endloop
  endfacet
  facet normal 0.000000e+00 1.000000e+00 0.000000e+00
    outer loop
      vertex   1.369067e+01 2.700000e+01 -4.835815e+01
      vertex   1.408884e+01 2.700000e+01 -6.892035e+00
      vertex   1.408884e+01 2.700000e+01 -4.810797e+01
    endloop
  endfacet
  facet normal 0.000000e+00 1.000000e+00 0.000000e+00
    outer loop
      vertex   1.408884e+01 2.700000e+01 -4.810797e+01
      vertex   1.408884e+01 2.700000e+01 -6.892035e+00
      vertex   1.453271e+01 2.700000e+01 -7.047349e+00
    endloop
  endfacet
  facet normal 0.000000e+00 1.000000e+00 0.000000e+00
    outer loop
      vertex   1.408884e+01 2.700000e+01 -4.810797e+01
      vertex   1.453271e+01 2.700000e+01 -7.047349e+00
      vertex   1.453271e+01 2.700000e+01 -4.795265e+01
    endloop
  endfacet
  facet normal 0.000000e+00 1.000000e+00 0.000000e+00
    outer loop
      vertex   1.453271e+01 2.700000e+01 -4.795265e+01
      vertex   1.453271e+01 2.700000e+01 -7.047349e+00
      vertex   1.500000e+01 2.700000e+01 -7.100000e+00
    endloop
  endfacet
  facet normal 0.000000e+00 1.000000e+00 0.000000e+00
    outer loop
      vertex   1.453271e+01 2.700000e+01 -4.795265e+01
      vertex   1.500000e+01 2.700000e+01 -7.100000e+00
      vertex   1.500000e+01 2.700000e+01 -4.790000e+01
    endloop
  endfacet
  facet normal -0.000000e+00 1.000000e+00 0.000000e+00
    outer loop
      vertex   1.500000e+01 2.700000e+01 -4.790000e+01
      vertex   1.500000e+01 2.700000e+01 -7.100000e+00
      vertex   1.546729e+01 2.700000e+01 -4.795265e+01
    endloop
  endfacet
  facet normal 0.000000e+00 1.000000e+00 -0.000000e+00
    outer loop
      vertex   1.546729e+01 2.700000e+01 -4.795265e+01
      vertex   1.500000e+01 2.700000e+01 -7.100000e+00
      vertex   1.546729e+01 2.700000e+01 -7.047349e+00
    endloop
  endfacet
  facet normal -0.000000e+00 1.000000e+00 0.000000e+00
    outer loop
      vertex   1.546729e+01 2.700000e+01 -4.795265e+01
      vertex   1.546729e+01 2.700000e+01 -7.047349e+00
      vertex   1.591116e+01 2.700000e+01 -4.810797e+01
    endloop
  endfacet
  facet normal 0.000000e+00 1.000000e+00 -0.000000e+00
    outer loop
      vertex   1.591116e+01 2.700000e+01 -4.810797e+01
      vertex   1.546729e+01 2.700000e+01 -7.047349e+00
      vertex   1.591116e+01 2.700000e+01 -6.892035e+00
    endloop
  endfacet
  facet normal -0.000000e+00 1.000000e+00 0.000000e+00
    outer loop
      vertex   1.591116e+01 2.700000e+01 -4.810797e+01
      vertex   1.591116e+01 2.700000e+01 -6.892035e+00
      vertex   1.630933e+01 2.700000e+01 -4.835815e+01
    endloop
  endfacet
  facet normal 0.000000e+00 1.000000e+00 -0.000000e+00
    outer loop
      vertex   1.630933e+01 2.700000e+01 -4.835815e+01
      vertex   1.591116e+01 2.700000e+01 -6.892035e+00
      vertex   1.630933e+01 2.700000e+01 -6.641846e+00
    endloop
  endfacet
  facet normal -0.000000e+00 1.000000e+00 0.000000e+00
    outer loop
      vertex   1.630933e+01 2.700000e+01 -4.835815e+01
      vertex   1.630933e+01 2.700000e+01 -6.641846e+00
      vertex   2.000000e+01 2.700000e+01 -5.100000e+01
    endloop
  endfacet
  facet normal 0.000000e+00 1.000000e+00 0.000000e+00
    outer loop
      vertex   2.000000e+01 2.700000e+01 -5.100000e+01
      vertex   1.630933e+01 2.700000e+01 -6.641846e+00
      vertex   1.664185e+01 2.700000e+01 -6.309329e+00
    endloop
  endfacet
  facet normal 0.000000e+00 1.000000e+00 0.000000e+00
    outer loop
      vertex   2.000000e+01 2.700000e+01 -5.100000e+01
      vertex   1.664185e+01 2.700000e+01 -6.309329e+00
      vertex   1.689203e+01 2.700000e+01 -5.911156e+00
    endloop
  endfacet
  facet normal -0.000000e+00 1.000000e+00 0.000000e+00
    outer loop
      vertex   1.689203e+01 2.700000e+01 -5.911156e+00
      vertex   1.704735e+01 2.700000e+01 -5.467294e+00
      vertex   2.000000e+01 2.700000e+01 -5.100000e+01
    endloop
  endfacet
  facet normal 0.000000e+00 1.000000e+00 -0.000000e+00
    outer loop
      vertex   2.000000e+01 2.700000e+01 -5.100000e+01
      vertex   1.704735e+01 2.700000e+01 -5.467294e+00
      vertex   2.000000e+01 2.700000e+01 3.000000e+00
    endloop
  endfacet
  facet normal -0.000000e+00 1.000000e+00 0.000000e+00
    outer loop
      vertex   1.704735e+01 2.700000e+01 -5.046729e+01
      vertex   1.710000e+01 2.700000e+01 -5.000000e+01
      vertex   2.000000e+01 2.700000e+01 -5.100000e+01
    endloop
  endfacet
  facet normal 0.000000e+00 1.000000e+00 0.000000e+00
    outer loop
      vertex   2.000000e+01 2.700000e+01 -5.100000e+01
      vertex   1.710000e+01 2.700000e+01 -5.000000e+01
      vertex   1.704735e+01 2.700000e+01 -4.953271e+01
    endloop
  endfacet
  facet normal 0.000000e+00 1.000000e+00 0.000000e+00
    outer loop
      vertex   2.000000e+01 2.700000e+01 -5.100000e+01
      vertex   1.704735e+01 2.700000e+01 -4.953271e+01
      vertex   1.689203e+01 2.700000e+01 -4.908884e+01
    endloop
  endfacet
  facet normal -0.000000e+00 1.000000e+00 -0.000000e+00
    outer loop
      vertex   1.689203e+01 2.700000e+01 -4.908884e+01
      vertex   1.664185e+01 2.700000e+01 -4.869067e+01
      vertex   2.000000e+01 2.700000e+01 -5.100000e+01
    endloop
  endfacet
  facet normal 0.000000e+00 1.000000e+00 0.000000e+00
    outer loop
      vertex   2.000000e+01 2.700000e+01 -5.100000e+01
      vertex   1.664185e+01 2.700000e+01 -4.869067e+01
      vertex   1.630933e+01 2.700000e+01 -4.835815e+01
    endloop
  endfacet
  facet normal 0.000000e+00 1.000000e+00 0.000000e+00
    outer loop
      vertex   1.453271e+01 2.700000e+01 -5.204735e+01
      vertex   1.500000e+01 2.700000e+01 -5.210000e+01
      vertex   1.700000e+01 2.700000e+01 -5.400000e+01
    endloop
  endfacet
  facet normal 0.000000e+00 1.000000e+00 0.000000e+00
    outer loop
      vertex   1.700000e+01 2.700000e+01 -5.400000e+01
      vertex   1.500000e+01 2.700000e+01 -5.210000e+01
      vertex   1.546729e+01 2.700000e+01 -5.204735e+01
    endloop
  endfacet
  facet normal 0.000000e+00 1.000000e+00 0.000000e+00
    outer loop
      vertex   1.700000e+01 2.700000e+01 -5.400000e+01
      vertex   1.546729e+01 2.700000e+01 -5.204735e+01
      vertex   1.591116e+01 2.700000e+01 -5.189204e+01
    endloop
  endfacet
  facet normal -0.000000e+00 1.000000e+00 0.000000e+00
    outer loop
      vertex   1.591116e+01 2.700000e+01 -5.189204e+01
      vertex   1.630933e+01 2.700000e+01 -5.164185e+01
      vertex   1.700000e+01 2.700000e+01 -5.400000e+01
    endloop
  endfacet
  facet normal 0.000000e+00 1.000000e+00 0.000000e+00
    outer loop
      vertex   1.700000e+01 2.700000e+01 -5.400000e+01
      vertex   1.630933e+01 2.700000e+01 -5.164185e+01
      vertex   1.664185e+01 2.700000e+01 -5.130933e+01
    endloop
  endfacet
  facet normal 0.000000e+00 1.000000e+00 -0.000000e+00
    outer loop
      vertex   1.700000e+01 2.700000e+01 -5.400000e+01
      vertex   1.664185e+01 2.700000e+01 -5.130933e+01
      vertex   1.752094e+01 2.700000e+01 -5.395442e+01
    endloop
  endfacet
  facet normal 0.000000e+00 1.000000e+00 -0.000000e+00
    outer loop
      vertex   1.752094e+01 2.700000e+01 -5.395442e+01
      vertex   1.664185e+01 2.700000e+01 -5.130933e+01
      vertex   1.802606e+01 2.700000e+01 -5.381908e+01
    endloop
  endfacet
  facet normal 0.000000e+00 1.000000e+00 0.000000e+00
    outer loop
      vertex   1.802606e+01 2.700000e+01 -5.381908e+01
      vertex   1.664185e+01 2.700000e+01 -5.130933e+01
      vertex   1.689203e+01 2.700000e+01 -5.091116e+01
    endloop
  endfacet
  facet normal 0.000000e+00 1.000000e+00 -0.000000e+00
    outer loop
      vertex   1.802606e+01 2.700000e+01 -5.381908e+01
      vertex   1.689203e+01 2.700000e+01 -5.091116e+01
      vertex   1.850000e+01 2.700000e+01 -5.359808e+01
    endloop
  endfacet
  facet normal 0.000000e+00 1.000000e+00 -0.000000e+00
    outer loop
      vertex   1.850000e+01 2.700000e+01 -5.359808e+01
      vertex   1.689203e+01 2.700000e+01 -5.091116e+01
      vertex   1.892836e+01 2.700000e+01 -5.329813e+01
    endloop
  endfacet
  facet normal 0.000000e+00 1.000000e+00 0.000000e+00
    outer loop
      vertex   1.892836e+01 2.700000e+01 -5.329813e+01
      vertex   1.689203e+01 2.700000e+01 -5.091116e+01
      vertex   1.704735e+01 2.700000e+01 -5.046729e+01
    endloop
  endfacet
  facet normal 0.000000e+00 1.000000e+00 -0.000000e+00
    outer loop
      vertex   1.892836e+01 2.700000e+01 -5.329813e+01
      vertex   1.704735e+01 2.700000e+01 -5.046729e+01
      vertex   1.929813e+01 2.700000e+01 -5.292836e+01
    endloop
  endfacet
  facet normal 0.000000e+00 1.000000e+00 -0.000000e+00
    outer loop
      vertex   1.929813e+01 2.700000e+01 -5.292836e+01
      vertex   1.704735e+01 2.700000e+01 -5.046729e+01
      vertex   1.959808e+01 2.700000e+01 -5.250000e+01
    endloop
  endfacet
  facet normal 0.000000e+00 1.000000e+00 -0.000000e+00
    outer loop
      vertex   1.959808e+01 2.700000e+01 -5.250000e+01
      vertex   1.704735e+01 2.700000e+01 -5.046729e+01
      vertex   1.981908e+01 2.700000e+01 -5.202606e+01
    endloop
  endfacet
  facet normal 0.000000e+00 1.000000e+00 -0.000000e+00
    outer loop
      vertex   1.981908e+01 2.700000e+01 -5.202606e+01
      vertex   1.704735e+01 2.700000e+01 -5.046729e+01
      vertex   1.995442e+01 2.700000e+01 -5.152095e+01
    endloop
  endfacet
  facet normal 0.000000e+00 1.000000e+00 -0.000000e+00
    outer loop
      vertex   1.995442e+01 2.700000e+01 -5.152095e+01
      vertex   1.704735e+01 2.700000e+01 -5.046729e+01
      vertex   2.000000e+01 2.700000e+01 -5.100000e+01
    endloop
  endfacet
  facet normal 8.715574e-02 0.000000e+00 -9.961947e-01
    outer loop
      vertex   1.700000e+01 2.400000e+01 -5.400000e+01
      vertex   1.700000e+01 2.700000e+01 -5.400000e+01
      vertex   1.752094e+01 2.400000e+01 -5.395442e+01
    endloop
  endfacet
  facet normal 8.715574e-02 0.000000e+00 -9.961947e-01
    outer loop
      vertex   1.752094e+01 2.400000e+01 -5.395442e+01
      vertex   1.700000e+01 2.700000e+01 -5.400000e+01
      vertex   1.752094e+01 2.700000e+01 -5.395442e+01
    endloop
  endfacet
  facet normal 2.588190e-01 0.000000e+00 -9.659258e-01
    outer loop
      vertex   1.752094e+01 2.400000e+01 -5.395442e+01
      vertex   1.752094e+01 2.700000e+01 -5.395442e+01
      vertex   1.802606e+01 2.400000e+01 -5.381908e+01
    endloop
  endfacet
  facet normal 2.588190e-01 0.000000e+00 -9.659258e-01
    outer loop
      vertex   1.802606e+01 2.400000e+01 -5.381908e+01
      vertex   1.752094e+01 2.700000e+01 -5.395442e+01
      vertex   1.802606e+01 2.700000e+01 -5.381908e+01
    endloop
  endfacet
  facet normal 4.226183e-01 0.000000e+00 -9.063078e-01
    outer loop
      vertex   1.802606e+01 2.400000e+01 -5.381908e+01
      vertex   1.802606e+01 2.700000e+01 -5.381908e+01
      vertex   1.850000e+01 2.400000e+01 -5.359808e+01
    endloop
  endfacet
  facet normal 4.226183e-01 0.000000e+00 -9.063078e-01
    outer loop
      vertex   1.850000e+01 2.400000e+01 -5.359808e+01
      vertex   1.802606e+01 2.700000e+01 -5.381908e+01
      vertex   1.850000e+01 2.700000e+01 -5.359808e+01
    endloop
  endfacet
  facet normal 5.735764e-01 0.000000e+00 -8.191520e-01
    outer loop
      vertex   1.850000e+01 2.400000e+01 -5.359808e+01
      vertex   1.850000e+01 2.700000e+01 -5.359808e+01
      vertex   1.892836e+01 2.400000e+01 -5.329813e+01
    endloop
  endfacet
  facet normal 5.735764e-01 0.000000e+00 -8.191520e-01
    outer loop
      vertex   1.892836e+01 2.400000e+01 -5.329813e+01
      vertex   1.850000e+01 2.700000e+01 -5.359808e+01
      vertex   1.892836e+01 2.700000e+01 -5.329813e+01
    endloop
  endfacet
  facet normal 7.071068e-01 0.000000e+00 -7.071068e-01
    outer loop
      vertex   1.892836e+01 2.400000e+01 -5.329813e+01
      vertex   1.892836e+01 2.700000e+01 -5.329813e+01
      vertex   1.929813e+01 2.400000e+01 -5.292836e+01
    endloop
  endfacet
  facet normal 7.071068e-01 0.000000e+00 -7.071068e-01
    outer loop
      vertex   1.929813e+01 2.400000e+01 -5.292836e+01
      vertex   1.892836e+01 2.700000e+01 -5.329813e+01
      vertex   1.929813e+01 2.700000e+01 -5.292836e+01
    endloop
  endfacet
  facet normal 8.191520e-01 0.000000e+00 -5.735764e-01
    outer loop
      vertex   1.929813e+01 2.400000e+01 -5.292836e+01
      vertex   1.929813e+01 2.700000e+01 -5.292836e+01
      vertex   1.959808e+01 2.400000e+01 -5.250000e+01
    endloop
  endfacet
  facet normal 8.191520e-01 0.000000e+00 -5.735764e-01
    outer loop
      vertex   1.959808e+01 2.400000e+01 -5.250000e+01
      vertex   1.929813e+01 2.700000e+01 -5.292836e+01
      vertex   1.959808e+01 2.700000e+01 -5.250000e+01
    endloop
  endfacet
  facet normal 9.063078e-01 0.000000e+00 -4.226183e-01
    outer loop
      vertex   1.959808e+01 2.400000e+01 -5.250000e+01
      vertex   1.959808e+01 2.700000e+01 -5.250000e+01
      vertex   1.981908e+01 2.400000e+01 -5.202606e+01
    endloop
  endfacet
  facet normal 9.063078e-01 0.000000e+00 -4.226183e-01
    outer loop
      vertex   1.981908e+01 2.400000e+01 -5.202606e+01
      vertex   1.959808e+01 2.700000e+01 -5.250000e+01
      vertex   1.981908e+01 2.700000e+01 -5.202606e+01
    endloop
  endfacet
  facet normal 9.659258e-01 0.000000e+00 -2.588190e-01
    outer loop
      vertex   1.981908e+01 2.400000e+01 -5.202606e+01
      vertex   1.981908e+01 2.700000e+01 -5.202606e+01
      vertex   1.995442e+01 2.400000e+01 -5.152095e+01
    endloop
  endfacet
  facet normal 9.659258e-01 -8.212732e-17 -2.588190e-01
    outer loop
      vertex   1.995442e+01 2.400000e+01 -5.152095e+01
      vertex   1.981908e+01 2.700000e+01 -5.202606e+01
      vertex   1.995442e+01 2.700000e+01 -5.152095e+01
    endloop
  endfacet
  facet normal 9.961947e-01 7.668790e-16 -8.715574e-02
    outer loop
      vertex   1.995442e+01 2.400000e+01 -5.152095e+01
      vertex   1.995442e+01 2.700000e+01 -5.152095e+01
      vertex   2.000000e+01 2.400000e+01 -5.100000e+01
    endloop
  endfacet
  facet normal 9.961947e-01 0.000000e+00 -8.715574e-02
    outer loop
      vertex   2.000000e+01 2.400000e+01 -5.100000e+01
      vertex   1.995442e+01 2.700000e+01 -5.152095e+01
      vertex   2.000000e+01 2.700000e+01 -5.100000e+01
    endloop
  endfacet
  facet normal -3.049909e-17 8.223874e-17 1.000000e+00
    outer loop
      vertex   -2.000000e+01 0.000000e+00 3.000000e+00
      vertex   -1.635732e+01 1.350925e+00 3.000000e+00
      vertex   -2.000000e+01 2.700000e+01 3.000000e+00
    endloop
  endfacet
  facet normal -7.732345e-17 7.558875e-17 1.000000e+00
    outer loop
      vertex   -2.000000e+01 2.700000e+01 3.000000e+00
      vertex   -1.635732e+01 1.350925e+00 3.000000e+00
      vertex   -1.115983e+01 6.667691e+00 3.000000e+00
    endloop
  endfacet
  facet normal -1.558890e-16 4.142969e-17 1.000000e+00
    outer loop
      vertex   -2.000000e+01 2.700000e+01 3.000000e+00
      vertex   -1.115983e+01 6.667691e+00 3.000000e+00
      vertex   -9.367029e+00 1.341355e+01 3.000000e+00
    endloop
  endfacet
  facet normal 0.000000e+00 0.000000e+00 1.000000e+00
    outer loop
      vertex   -9.367029e+00 1.341355e+01 3.000000e+00
      vertex   -1.115983e+01 6.667691e+00 3.000000e+00
      vertex   -1.051722e+01 7.641208e+00 3.000000e+00
    endloop
  endfacet
  facet normal 0.000000e+00 0.000000e+00 1.000000e+00
    outer loop
      vertex   -9.367029e+00 1.341355e+01 3.000000e+00
      vertex   -1.051722e+01 7.641208e+00 3.000000e+00
      vertex   -9.316762e+00 1.301564e+01 3.000000e+00
    endloop
  endfacet
  facet normal 0.000000e+00 0.000000e+00 1.000000e+00
    outer loop
      vertex   -9.316762e+00 1.301564e+01 3.000000e+00
      vertex   -1.051722e+01 7.641208e+00 3.000000e+00
      vertex   -9.789929e+00 8.553204e+00 3.000000e+00
    endloop
  endfacet
  facet normal 0.000000e+00 0.000000e+00 1.000000e+00
    outer loop
      vertex   -9.316762e+00 1.301564e+01 3.000000e+00
      vertex   -9.789929e+00 8.553204e+00 3.000000e+00
      vertex   -9.169119e+00 1.264274e+01 3.000000e+00
    endloop
  endfacet
  facet normal 0.000000e+00 0.000000e+00 1.000000e+00
    outer loop
      vertex   -9.169119e+00 1.264274e+01 3.000000e+00
      vertex   -9.789929e+00 8.553204e+00 3.000000e+00
      vertex   -8.983815e+00 9.396333e+00 3.000000e+00
    endloop
  endfacet
  facet normal 0.000000e+00 0.000000e+00 1.000000e+00
    outer loop
      vertex   -9.169119e+00 1.264274e+01 3.000000e+00
      vertex   -8.983815e+00 9.396333e+00 3.000000e+00
      vertex   -8.933378e+00 1.231827e+01 3.000000e+00
    endloop
  endfacet
  facet normal 0.000000e+00 0.000000e+00 1.000000e+00
    outer loop
      vertex   -8.933378e+00 1.231827e+01 3.000000e+00
      vertex   -8.983815e+00 9.396333e+00 3.000000e+00
      vertex   -8.624351e+00 1.206262e+01 3.000000e+00
    endloop
  endfacet
  facet normal 0.000000e+00 0.000000e+00 1.000000e+00
    outer loop
      vertex   -8.624351e+00 1.206262e+01 3.000000e+00
      vertex   -8.983815e+00 9.396333e+00 3.000000e+00
      vertex   -8.105368e+00 1.016381e+01 3.000000e+00
    endloop
  endfacet
  facet normal 0.000000e+00 0.000000e+00 1.000000e+00
    outer loop
      vertex   -8.624351e+00 1.206262e+01 3.000000e+00
      vertex   -8.105368e+00 1.016381e+01 3.000000e+00
      vertex   -8.261456e+00 1.189186e+01 3.000000e+00
    endloop
  endfacet
  facet normal 0.000000e+00 0.000000e+00 1.000000e+00
    outer loop
      vertex   -8.261456e+00 1.189186e+01 3.000000e+00
      vertex   -8.105368e+00 1.016381e+01 3.000000e+00
      vertex   -7.867493e+00 1.181671e+01 3.000000e+00
    endloop
  endfacet
  facet normal 0.000000e+00 0.000000e+00 1.000000e+00
    outer loop
      vertex   -7.867493e+00 1.181671e+01 3.000000e+00
      vertex   -8.105368e+00 1.016381e+01 3.000000e+00
      vertex   -7.161661e+00 1.084945e+01 3.000000e+00
    endloop
  endfacet
  facet normal -0.000000e+00 0.000000e+00 1.000000e+00
    outer loop
      vertex   -7.867493e+00 1.181671e+01 3.000000e+00
      vertex   -7.161661e+00 1.084945e+01 3.000000e+00
      vertex   -7.467218e+00 1.184189e+01 3.000000e+00
    endloop
  endfacet
  facet normal -0.000000e+00 0.000000e+00 1.000000e+00
    outer loop
      vertex   -7.467218e+00 1.184189e+01 3.000000e+00
      vertex   -7.161661e+00 1.084945e+01 3.000000e+00
      vertex   -7.085782e+00 1.196582e+01 3.000000e+00
    endloop
  endfacet
  facet normal 0.000000e+00 0.000000e+00 1.000000e+00
    outer loop
      vertex   -7.085782e+00 1.196582e+01 3.000000e+00
      vertex   -7.161661e+00 1.084945e+01 3.000000e+00
      vertex   -6.160293e+00 1.144774e+01 3.000000e+00
    endloop
  endfacet
  facet normal -0.000000e+00 0.000000e+00 1.000000e+00
    outer loop
      vertex   -7.085782e+00 1.196582e+01 3.000000e+00
      vertex   -6.160293e+00 1.144774e+01 3.000000e+00
      vertex   -6.747150e+00 1.218073e+01 3.000000e+00
    endloop
  endfacet
  facet normal -0.000000e+00 0.000000e+00 1.000000e+00
    outer loop
      vertex   -6.747150e+00 1.218073e+01 3.000000e+00
      vertex   -6.160293e+00 1.144774e+01 3.000000e+00
      vertex   -6.472601e+00 1.247309e+01 3.000000e+00
    endloop
  endfacet
  facet normal 0.000000e+00 0.000000e+00 1.000000e+00
    outer loop
      vertex   -6.472601e+00 1.247309e+01 3.000000e+00
      vertex   -6.160293e+00 1.144774e+01 3.000000e+00
      vertex   -5.109325e+00 1.195386e+01 3.000000e+00
    endloop
  endfacet
  facet normal -0.000000e+00 0.000000e+00 1.000000e+00
    outer loop
      vertex   -6.472601e+00 1.247309e+01 3.000000e+00
      vertex   -5.109325e+00 1.195386e+01 3.000000e+00
      vertex   -6.279386e+00 1.282455e+01 3.000000e+00
    endloop
  endfacet
  facet normal -0.000000e+00 0.000000e+00 1.000000e+00
    outer loop
      vertex   -6.279386e+00 1.282455e+01 3.000000e+00
      vertex   -5.109325e+00 1.195386e+01 3.000000e+00
      vertex   -6.179645e+00 1.321301e+01 3.000000e+00
    endloop
  endfacet
  facet normal 0.000000e+00 0.000000e+00 1.000000e+00
    outer loop
      vertex   -6.179645e+00 1.321301e+01 3.000000e+00
      vertex   -5.109325e+00 1.195386e+01 3.000000e+00
      vertex   -4.017221e+00 1.236373e+01 3.000000e+00
    endloop
  endfacet
  facet normal -0.000000e+00 0.000000e+00 1.000000e+00
    outer loop
      vertex   -6.179645e+00 1.321301e+01 3.000000e+00
      vertex   -4.017221e+00 1.236373e+01 3.000000e+00
      vertex   -6.179645e+00 1.361408e+01 3.000000e+00
    endloop
  endfacet
  facet normal -0.000000e+00 -0.000000e+00 1.000000e+00
    outer loop
      vertex   -6.179645e+00 1.361408e+01 3.000000e+00
      vertex   -4.017221e+00 1.236373e+01 3.000000e+00
      vertex   -6.279386e+00 1.400255e+01 3.000000e+00
    endloop
  endfacet
  facet normal 0.000000e+00 0.000000e+00 1.000000e+00
    outer loop
      vertex   -6.279386e+00 1.400255e+01 3.000000e+00
      vertex   -4.017221e+00 1.236373e+01 3.000000e+00
      vertex   -2.892772e+00 1.267406e+01 3.000000e+00
    endloop
  endfacet
  facet normal -0.000000e+00 -0.000000e+00 1.000000e+00
    outer loop
      vertex   -6.279386e+00 1.400255e+01 3.000000e+00
      vertex   -2.892772e+00 1.267406e+01 3.000000e+00
      vertex   -6.472601e+00 1.435400e+01 3.000000e+00
    endloop
  endfacet
  facet normal 0.000000e+00 0.000000e+00 1.000000e+00
    outer loop
      vertex   -6.472601e+00 1.435400e+01 3.000000e+00
      vertex   -2.892772e+00 1.267406e+01 3.000000e+00
      vertex   -1.745032e+00 1.288235e+01 3.000000e+00
    endloop
  endfacet
  facet normal -0.000000e+00 -0.000000e+00 1.000000e+00
    outer loop
      vertex   -6.472601e+00 1.435400e+01 3.000000e+00
      vertex   -1.745032e+00 1.288235e+01 3.000000e+00
      vertex   -6.747150e+00 1.464637e+01 3.000000e+00
    endloop
  endfacet
  facet normal 0.000000e+00 0.000000e+00 1.000000e+00
    outer loop
      vertex   -6.747150e+00 1.464637e+01 3.000000e+00
      vertex   -1.745032e+00 1.288235e+01 3.000000e+00
      vertex   -5.832428e-01 1.298691e+01 3.000000e+00
    endloop
  endfacet
  facet normal -0.000000e+00 -0.000000e+00 1.000000e+00
    outer loop
      vertex   -6.747150e+00 1.464637e+01 3.000000e+00
      vertex   -5.832428e-01 1.298691e+01 3.000000e+00
      vertex   -7.085782e+00 1.486127e+01 3.000000e+00
    endloop
  endfacet
  facet normal 0.000000e+00 0.000000e+00 1.000000e+00
    outer loop
      vertex   -7.085782e+00 1.486127e+01 3.000000e+00
      vertex   -5.832428e-01 1.298691e+01 3.000000e+00
      vertex   6.892677e+00 1.477432e+01 3.000000e+00
    endloop
  endfacet
  facet normal -0.000000e+00 0.000000e+00 1.000000e+00
    outer loop
      vertex   -7.085782e+00 1.486127e+01 3.000000e+00
      vertex   6.892677e+00 1.477432e+01 3.000000e+00
      vertex   7.255573e+00 1.494508e+01 3.000000e+00
    endloop
  endfacet
  facet normal 0.000000e+00 -0.000000e+00 1.000000e+00
    outer loop
      vertex   -1.994904e+01 -1.426784e+00 3.000000e+00
      vertex   -1.704973e+01 -3.979038e-01 3.000000e+00
      vertex   -2.000000e+01 0.000000e+00 3.000000e+00
    endloop
  endfacet
  facet normal 0.000000e+00 0.000000e+00 1.000000e+00
    outer loop
      vertex   -2.000000e+01 0.000000e+00 3.000000e+00
      vertex   -1.704973e+01 -3.979038e-01 3.000000e+00
      vertex   -1.710000e+01 -1.959435e-16 3.000000e+00
    endloop
  endfacet
  facet normal -0.000000e+00 0.000000e+00 1.000000e+00
    outer loop
      vertex   -2.000000e+01 0.000000e+00 3.000000e+00
      vertex   -1.710000e+01 -1.959435e-16 3.000000e+00
      vertex   -1.704973e+01 3.979038e-01 3.000000e+00
    endloop
  endfacet
  facet normal 0.000000e+00 0.000000e+00 1.000000e+00
    outer loop
      vertex   -1.704973e+01 -3.979038e-01 3.000000e+00
      vertex   -1.994904e+01 -1.426784e+00 3.000000e+00
      vertex   -1.690209e+01 -7.708059e-01 3.000000e+00
    endloop
  endfacet
  facet normal 0.000000e+00 0.000000e+00 1.000000e+00
    outer loop
      vertex   -1.690209e+01 -7.708059e-01 3.000000e+00
      vertex   -1.994904e+01 -1.426784e+00 3.000000e+00
      vertex   -1.979643e+01 -2.846297e+00 3.000000e+00
    endloop
  endfacet
  facet normal 0.000000e+00 0.000000e+00 1.000000e+00
    outer loop
      vertex   -1.690209e+01 -7.708059e-01 3.000000e+00
      vertex   -1.979643e+01 -2.846297e+00 3.000000e+00
      vertex   -1.666635e+01 -1.095275e+00 3.000000e+00
    endloop
  endfacet
  facet normal 0.000000e+00 0.000000e+00 1.000000e+00
    outer loop
      vertex   -1.666635e+01 -1.095275e+00 3.000000e+00
      vertex   -1.979643e+01 -2.846297e+00 3.000000e+00
      vertex   -1.954294e+01 -4.251306e+00 3.000000e+00
    endloop
  endfacet
  facet normal 0.000000e+00 0.000000e+00 1.000000e+00
    outer loop
      vertex   -1.666635e+01 -1.095275e+00 3.000000e+00
      vertex   -1.954294e+01 -4.251306e+00 3.000000e+00
      vertex   -1.635732e+01 -1.350925e+00 3.000000e+00
    endloop
  endfacet
  facet normal 0.000000e+00 0.000000e+00 1.000000e+00
    outer loop
      vertex   -1.635732e+01 -1.350925e+00 3.000000e+00
      vertex   -1.954294e+01 -4.251306e+00 3.000000e+00
      vertex   -1.599443e+01 -1.521690e+00 3.000000e+00
    endloop
  endfacet
  facet normal 0.000000e+00 0.000000e+00 1.000000e+00
    outer loop
      vertex   -1.599443e+01 -1.521690e+00 3.000000e+00
      vertex   -1.954294e+01 -4.251306e+00 3.000000e+00
      vertex   -1.918986e+01 -5.634651e+00 3.000000e+00
    endloop
  endfacet
  facet normal 0.000000e+00 0.000000e+00 1.000000e+00
    outer loop
      vertex   -1.599443e+01 -1.521690e+00 3.000000e+00
      vertex   -1.918986e+01 -5.634651e+00 3.000000e+00
      vertex   -1.560046e+01 -1.596843e+00 3.000000e+00
    endloop
  endfacet
  facet normal 0.000000e+00 0.000000e+00 1.000000e+00
    outer loop
      vertex   -1.560046e+01 -1.596843e+00 3.000000e+00
      vertex   -1.918986e+01 -5.634651e+00 3.000000e+00
      vertex   -1.873899e+01 -6.989284e+00 3.000000e+00
    endloop
  endfacet
  facet normal 0.000000e+00 0.000000e+00 1.000000e+00
    outer loop
      vertex   -1.560046e+01 -1.596843e+00 3.000000e+00
      vertex   -1.873899e+01 -6.989284e+00 3.000000e+00
      vertex   -1.217105e+01 -4.567873e+00 3.000000e+00
    endloop
  endfacet
  facet normal 0.000000e+00 0.000000e+00 1.000000e+00
    outer loop
      vertex   -1.217105e+01 -4.567873e+00 3.000000e+00
      vertex   -1.873899e+01 -6.989284e+00 3.000000e+00
      vertex   -1.819264e+01 -8.308300e+00 3.000000e+00
    endloop
  endfacet
  facet normal 0.000000e+00 0.000000e+00 1.000000e+00
    outer loop
      vertex   -1.217105e+01 -4.567873e+00 3.000000e+00
      vertex   -1.819264e+01 -8.308300e+00 3.000000e+00
      vertex   -1.171260e+01 -5.640489e+00 3.000000e+00
    endloop
  endfacet
  facet normal 0.000000e+00 0.000000e+00 1.000000e+00
    outer loop
      vertex   -1.171260e+01 -5.640489e+00 3.000000e+00
      vertex   -1.819264e+01 -8.308300e+00 3.000000e+00
      vertex   -1.755358e+01 -9.584980e+00 3.000000e+00
    endloop
  endfacet
  facet normal 0.000000e+00 0.000000e+00 1.000000e+00
    outer loop
      vertex   -1.171260e+01 -5.640489e+00 3.000000e+00
      vertex   -1.755358e+01 -9.584980e+00 3.000000e+00
      vertex   -1.682507e+01 -1.081282e+01 3.000000e+00
    endloop
  endfacet
  facet normal 0.000000e+00 0.000000e+00 1.000000e+00
    outer loop
      vertex   -1.171260e+01 -5.640489e+00 3.000000e+00
      vertex   -1.682507e+01 -1.081282e+01 3.000000e+00
      vertex   -1.115983e+01 -6.667691e+00 3.000000e+00
    endloop
  endfacet
  facet normal 0.000000e+00 0.000000e+00 1.000000e+00
    outer loop
      vertex   -1.115983e+01 -6.667691e+00 3.000000e+00
      vertex   -1.682507e+01 -1.081282e+01 3.000000e+00
      vertex   -1.601082e+01 -1.198555e+01 3.000000e+00
    endloop
  endfacet
  facet normal 0.000000e+00 0.000000e+00 1.000000e+00
    outer loop
      vertex   -1.115983e+01 -6.667691e+00 3.000000e+00
      vertex   -1.601082e+01 -1.198555e+01 3.000000e+00
      vertex   -1.051722e+01 -7.641208e+00 3.000000e+00
    endloop
  endfacet
  facet normal 0.000000e+00 0.000000e+00 1.000000e+00
    outer loop
      vertex   -1.051722e+01 -7.641208e+00 3.000000e+00
      vertex   -1.601082e+01 -1.198555e+01 3.000000e+00
      vertex   -1.511499e+01 -1.309721e+01 3.000000e+00
    endloop
  endfacet
  facet normal 0.000000e+00 0.000000e+00 1.000000e+00
    outer loop
      vertex   -1.051722e+01 -7.641208e+00 3.000000e+00
      vertex   -1.511499e+01 -1.309721e+01 3.000000e+00
      vertex   -9.789929e+00 -8.553204e+00 3.000000e+00
    endloop
  endfacet
  facet normal 0.000000e+00 0.000000e+00 1.000000e+00
    outer loop
      vertex   -9.789929e+00 -8.553204e+00 3.000000e+00
      vertex   -1.511499e+01 -1.309721e+01 3.000000e+00
      vertex   -1.414214e+01 -1.414214e+01 3.000000e+00
    endloop
  endfacet
  facet normal 0.000000e+00 0.000000e+00 1.000000e+00
    outer loop
      vertex   -9.789929e+00 -8.553204e+00 3.000000e+00
      vertex   -1.414214e+01 -1.414214e+01 3.000000e+00
      vertex   -9.135050e+00 -1.266241e+01 3.000000e+00
    endloop
  endfacet
  facet normal 0.000000e+00 0.000000e+00 1.000000e+00
    outer loop
      vertex   -9.135050e+00 -1.266241e+01 3.000000e+00
      vertex   -1.414214e+01 -1.414214e+01 3.000000e+00
      vertex   -9.282692e+00 -1.303531e+01 3.000000e+00
    endloop
  endfacet
  facet normal 0.000000e+00 0.000000e+00 1.000000e+00
    outer loop
      vertex   -9.282692e+00 -1.303531e+01 3.000000e+00
      vertex   -1.414214e+01 -1.414214e+01 3.000000e+00
      vertex   -1.309721e+01 -1.511499e+01 3.000000e+00
    endloop
  endfacet
  facet normal 0.000000e+00 0.000000e+00 1.000000e+00
    outer loop
      vertex   -9.282692e+00 -1.303531e+01 3.000000e+00
      vertex   -1.309721e+01 -1.511499e+01 3.000000e+00
      vertex   -9.332959e+00 -1.343322e+01 3.000000e+00
    endloop
  endfacet
  facet normal 0.000000e+00 0.000000e+00 1.000000e+00
    outer loop
      vertex   -9.332959e+00 -1.343322e+01 3.000000e+00
      vertex   -1.309721e+01 -1.511499e+01 3.000000e+00
      vertex   -1.198555e+01 -1.601082e+01 3.000000e+00
    endloop
  endfacet
  facet normal 0.000000e+00 0.000000e+00 1.000000e+00
    outer loop
      vertex   -9.332959e+00 -1.343322e+01 3.000000e+00
      vertex   -1.198555e+01 -1.601082e+01 3.000000e+00
      vertex   -9.282692e+00 -1.383112e+01 3.000000e+00
    endloop
  endfacet
  facet normal 0.000000e+00 0.000000e+00 1.000000e+00
    outer loop
      vertex   -9.282692e+00 -1.383112e+01 3.000000e+00
      vertex   -1.198555e+01 -1.601082e+01 3.000000e+00
      vertex   -9.135050e+00 -1.420402e+01 3.000000e+00
    endloop
  endfacet
  facet normal 0.000000e+00 0.000000e+00 1.000000e+00
    outer loop
      vertex   -9.135050e+00 -1.420402e+01 3.000000e+00
      vertex   -1.198555e+01 -1.601082e+01 3.000000e+00
      vertex   -1.081282e+01 -1.682507e+01 3.000000e+00
    endloop
  endfacet
  facet normal 0.000000e+00 0.000000e+00 1.000000e+00
    outer loop
      vertex   -9.135050e+00 -1.420402e+01 3.000000e+00
      vertex   -1.081282e+01 -1.682507e+01 3.000000e+00
      vertex   -8.899309e+00 -1.452849e+01 3.000000e+00
    endloop
  endfacet
  facet normal 0.000000e+00 0.000000e+00 1.000000e+00
    outer loop
      vertex   -8.899309e+00 -1.452849e+01 3.000000e+00
      vertex   -1.081282e+01 -1.682507e+01 3.000000e+00
      vertex   -9.584980e+00 -1.755358e+01 3.000000e+00
    endloop
  endfacet
  facet normal 0.000000e+00 0.000000e+00 1.000000e+00
    outer loop
      vertex   -8.899309e+00 -1.452849e+01 3.000000e+00
      vertex   -9.584980e+00 -1.755358e+01 3.000000e+00
      vertex   -8.590282e+00 -1.478414e+01 3.000000e+00
    endloop
  endfacet
  facet normal 0.000000e+00 0.000000e+00 1.000000e+00
    outer loop
      vertex   -8.590282e+00 -1.478414e+01 3.000000e+00
      vertex   -9.584980e+00 -1.755358e+01 3.000000e+00
      vertex   -8.227386e+00 -1.495491e+01 3.000000e+00
    endloop
  endfacet
  facet normal 0.000000e+00 0.000000e+00 1.000000e+00
    outer loop
      vertex   -8.227386e+00 -1.495491e+01 3.000000e+00
      vertex   -9.584980e+00 -1.755358e+01 3.000000e+00
      vertex   -8.308300e+00 -1.819264e+01 3.000000e+00
    endloop
  endfacet
  facet normal 0.000000e+00 0.000000e+00 1.000000e+00
    outer loop
      vertex   -8.227386e+00 -1.495491e+01 3.000000e+00
      vertex   -8.308300e+00 -1.819264e+01 3.000000e+00
      vertex   -7.833424e+00 -1.503006e+01 3.000000e+00
    endloop
  endfacet
  facet normal -0.000000e+00 0.000000e+00 1.000000e+00
    outer loop
      vertex   -7.833424e+00 -1.503006e+01 3.000000e+00
      vertex   -8.308300e+00 -1.819264e+01 3.000000e+00
      vertex   -7.433149e+00 -1.500488e+01 3.000000e+00
    endloop
  endfacet
  facet normal 0.000000e+00 0.000000e+00 1.000000e+00
    outer loop
      vertex   -7.433149e+00 -1.500488e+01 3.000000e+00
      vertex   -8.308300e+00 -1.819264e+01 3.000000e+00
      vertex   -6.989284e+00 -1.873899e+01 3.000000e+00
    endloop
  endfacet
  facet normal -0.000000e+00 0.000000e+00 1.000000e+00
    outer loop
      vertex   -7.433149e+00 -1.500488e+01 3.000000e+00
      vertex   -6.989284e+00 -1.873899e+01 3.000000e+00
      vertex   -7.051712e+00 -1.488094e+01 3.000000e+00
    endloop
  endfacet
  facet normal -0.000000e+00 0.000000e+00 1.000000e+00
    outer loop
      vertex   -7.051712e+00 -1.488094e+01 3.000000e+00
      vertex   -6.989284e+00 -1.873899e+01 3.000000e+00
      vertex   -6.713081e+00 -1.466604e+01 3.000000e+00
    endloop
  endfacet
  facet normal 0.000000e+00 0.000000e+00 1.000000e+00
    outer loop
      vertex   -6.713081e+00 -1.466604e+01 3.000000e+00
      vertex   -6.989284e+00 -1.873899e+01 3.000000e+00
      vertex   -5.634651e+00 -1.918986e+01 3.000000e+00
    endloop
  endfacet
  facet normal -0.000000e+00 0.000000e+00 1.000000e+00
    outer loop
      vertex   -6.713081e+00 -1.466604e+01 3.000000e+00
      vertex   -5.634651e+00 -1.918986e+01 3.000000e+00
      vertex   -6.438532e+00 -1.437367e+01 3.000000e+00
    endloop
  endfacet
  facet normal 0.000000e+00 0.000000e+00 1.000000e+00
    outer loop
      vertex   -6.438532e+00 -1.437367e+01 3.000000e+00
      vertex   -5.634651e+00 -1.918986e+01 3.000000e+00
      vertex   -4.251306e+00 -1.954294e+01 3.000000e+00
    endloop
  endfacet
  facet normal -0.000000e+00 0.000000e+00 1.000000e+00
    outer loop
      vertex   -6.438532e+00 -1.437367e+01 3.000000e+00
      vertex   -4.251306e+00 -1.954294e+01 3.000000e+00
      vertex   -6.245317e+00 -1.402222e+01 3.000000e+00
    endloop
  endfacet
  facet normal -0.000000e+00 0.000000e+00 1.000000e+00
    outer loop
      vertex   -6.245317e+00 -1.402222e+01 3.000000e+00
      vertex   -4.251306e+00 -1.954294e+01 3.000000e+00
      vertex   -2.892772e+00 -1.267406e+01 3.000000e+00
    endloop
  endfacet
  facet normal 0.000000e+00 0.000000e+00 1.000000e+00
    outer loop
      vertex   -6.245317e+00 -1.402222e+01 3.000000e+00
      vertex   -2.892772e+00 -1.267406e+01 3.000000e+00
      vertex   -4.017221e+00 -1.236373e+01 3.000000e+00
    endloop
  endfacet
  facet normal -0.000000e+00 0.000000e+00 1.000000e+00
    outer loop
      vertex   -4.251306e+00 -1.954294e+01 3.000000e+00
      vertex   -2.846297e+00 -1.979643e+01 3.000000e+00
      vertex   -2.892772e+00 -1.267406e+01 3.000000e+00
    endloop
  endfacet
  facet normal 0.000000e+00 0.000000e+00 1.000000e+00
    outer loop
      vertex   -2.892772e+00 -1.267406e+01 3.000000e+00
      vertex   -2.846297e+00 -1.979643e+01 3.000000e+00
      vertex   -1.745032e+00 -1.288235e+01 3.000000e+00
    endloop
  endfacet
  facet normal 0.000000e+00 0.000000e+00 1.000000e+00
    outer loop
      vertex   -1.745032e+00 -1.288235e+01 3.000000e+00
      vertex   -2.846297e+00 -1.979643e+01 3.000000e+00
      vertex   -1.426784e+00 -1.994904e+01 3.000000e+00
    endloop
  endfacet
  facet normal 0.000000e+00 0.000000e+00 1.000000e+00
    outer loop
      vertex   -1.745032e+00 -1.288235e+01 3.000000e+00
      vertex   -1.426784e+00 -1.994904e+01 3.000000e+00
      vertex   -5.832428e-01 -1.298691e+01 3.000000e+00
    endloop
  endfacet
  facet normal 0.000000e+00 0.000000e+00 1.000000e+00
    outer loop
      vertex   -5.832428e-01 -1.298691e+01 3.000000e+00
      vertex   -1.426784e+00 -1.994904e+01 3.000000e+00
      vertex   1.224647e-15 -2.000000e+01 3.000000e+00
    endloop
  endfacet
  facet normal -0.000000e+00 0.000000e+00 1.000000e+00
    outer loop
      vertex   -5.832428e-01 -1.298691e+01 3.000000e+00
      vertex   1.224647e-15 -2.000000e+01 3.000000e+00
      vertex   5.832428e-01 -1.298691e+01 3.000000e+00
    endloop
  endfacet
  facet normal 0.000000e+00 0.000000e+00 1.000000e+00
    outer loop
      vertex   5.832428e-01 -1.298691e+01 3.000000e+00
      vertex   1.224647e-15 -2.000000e+01 3.000000e+00
      vertex   1.426784e+00 -1.994904e+01 3.000000e+00
    endloop
  endfacet
  facet normal -0.000000e+00 0.000000e+00 1.000000e+00
    outer loop
      vertex   5.832428e-01 -1.298691e+01 3.000000e+00
      vertex   1.426784e+00 -1.994904e+01 3.000000e+00
      vertex   1.745032e+00 -1.288235e+01 3.000000e+00
    endloop
  endfacet
  facet normal 0.000000e+00 0.000000e+00 1.000000e+00
    outer loop
      vertex   1.745032e+00 -1.288235e+01 3.000000e+00
      vertex   1.426784e+00 -1.994904e+01 3.000000e+00
      vertex   2.846297e+00 -1.979643e+01 3.000000e+00
    endloop
  endfacet
  facet normal -0.000000e+00 0.000000e+00 1.000000e+00
    outer loop
      vertex   1.745032e+00 -1.288235e+01 3.000000e+00
      vertex   2.846297e+00 -1.979643e+01 3.000000e+00
      vertex   2.892772e+00 -1.267406e+01 3.000000e+00
    endloop
  endfacet
  facet normal 0.000000e+00 0.000000e+00 1.000000e+00
    outer loop
      vertex   2.892772e+00 -1.267406e+01 3.000000e+00
      vertex   2.846297e+00 -1.979643e+01 3.000000e+00
      vertex   4.251306e+00 -1.954294e+01 3.000000e+00
    endloop
  endfacet
  facet normal 0.000000e+00 0.000000e+00 1.000000e+00
    outer loop
      vertex   2.892772e+00 -1.267406e+01 3.000000e+00
      vertex   4.251306e+00 -1.954294e+01 3.000000e+00
      vertex   6.347909e+00 -1.419420e+01 3.000000e+00
    endloop
  endfacet
  facet normal 0.000000e+00 0.000000e+00 1.000000e+00
    outer loop
      vertex   6.347909e+00 -1.419420e+01 3.000000e+00
      vertex   4.251306e+00 -1.954294e+01 3.000000e+00
      vertex   5.634651e+00 -1.918986e+01 3.000000e+00
    endloop
  endfacet
  facet normal 0.000000e+00 0.000000e+00 1.000000e+00
    outer loop
      vertex   6.347909e+00 -1.419420e+01 3.000000e+00
      vertex   5.634651e+00 -1.918986e+01 3.000000e+00
      vertex   6.583650e+00 -1.451867e+01 3.000000e+00
    endloop
  endfacet
  facet normal 0.000000e+00 0.000000e+00 1.000000e+00
    outer loop
      vertex   6.583650e+00 -1.451867e+01 3.000000e+00
      vertex   5.634651e+00 -1.918986e+01 3.000000e+00
      vertex   6.892677e+00 -1.477432e+01 3.000000e+00
    endloop
  endfacet
  facet normal 0.000000e+00 0.000000e+00 1.000000e+00
    outer loop
      vertex   6.892677e+00 -1.477432e+01 3.000000e+00
      vertex   5.634651e+00 -1.918986e+01 3.000000e+00
      vertex   6.989284e+00 -1.873899e+01 3.000000e+00
    endloop
  endfacet
  facet normal 0.000000e+00 0.000000e+00 1.000000e+00
    outer loop
      vertex   6.892677e+00 -1.477432e+01 3.000000e+00
      vertex   6.989284e+00 -1.873899e+01 3.000000e+00
      vertex   7.255573e+00 -1.494508e+01 3.000000e+00
    endloop
  endfacet
  facet normal 0.000000e+00 0.000000e+00 1.000000e+00
    outer loop
      vertex   7.255573e+00 -1.494508e+01 3.000000e+00
      vertex   6.989284e+00 -1.873899e+01 3.000000e+00
      vertex   8.308300e+00 -1.819264e+01 3.000000e+00
    endloop
  endfacet
  facet normal 0.000000e+00 0.000000e+00 1.000000e+00
    outer loop
      vertex   7.255573e+00 -1.494508e+01 3.000000e+00
      vertex   8.308300e+00 -1.819264e+01 3.000000e+00
      vertex   7.649535e+00 -1.502024e+01 3.000000e+00
    endloop
  endfacet
  facet normal -0.000000e+00 0.000000e+00 1.000000e+00
    outer loop
      vertex   7.649535e+00 -1.502024e+01 3.000000e+00
      vertex   8.308300e+00 -1.819264e+01 3.000000e+00
      vertex   8.049810e+00 -1.499505e+01 3.000000e+00
    endloop
  endfacet
  facet normal 0.000000e+00 0.000000e+00 1.000000e+00
    outer loop
      vertex   8.049810e+00 -1.499505e+01 3.000000e+00
      vertex   8.308300e+00 -1.819264e+01 3.000000e+00
      vertex   9.584980e+00 -1.755358e+01 3.000000e+00
    endloop
  endfacet
  facet normal -0.000000e+00 0.000000e+00 1.000000e+00
    outer loop
      vertex   8.049810e+00 -1.499505e+01 3.000000e+00
      vertex   9.584980e+00 -1.755358e+01 3.000000e+00
      vertex   8.431247e+00 -1.487112e+01 3.000000e+00
    endloop
  endfacet
  facet normal -0.000000e+00 0.000000e+00 1.000000e+00
    outer loop
      vertex   8.431247e+00 -1.487112e+01 3.000000e+00
      vertex   9.584980e+00 -1.755358e+01 3.000000e+00
      vertex   8.769878e+00 -1.465621e+01 3.000000e+00
    endloop
  endfacet
  facet normal 0.000000e+00 0.000000e+00 1.000000e+00
    outer loop
      vertex   8.769878e+00 -1.465621e+01 3.000000e+00
      vertex   9.584980e+00 -1.755358e+01 3.000000e+00
      vertex   1.081282e+01 -1.682507e+01 3.000000e+00
    endloop
  endfacet
  facet normal -0.000000e+00 0.000000e+00 1.000000e+00
    outer loop
      vertex   8.769878e+00 -1.465621e+01 3.000000e+00
      vertex   1.081282e+01 -1.682507e+01 3.000000e+00
      vertex   9.044427e+00 -1.436385e+01 3.000000e+00
    endloop
  endfacet
  facet normal -0.000000e+00 0.000000e+00 1.000000e+00
    outer loop
      vertex   9.044427e+00 -1.436385e+01 3.000000e+00
      vertex   1.081282e+01 -1.682507e+01 3.000000e+00
      vertex   9.237642e+00 -1.401239e+01 3.000000e+00
    endloop
  endfacet
  facet normal 0.000000e+00 0.000000e+00 1.000000e+00
    outer loop
      vertex   9.237642e+00 -1.401239e+01 3.000000e+00
      vertex   1.081282e+01 -1.682507e+01 3.000000e+00
      vertex   1.198555e+01 -1.601082e+01 3.000000e+00
    endloop
  endfacet
  facet normal -0.000000e+00 0.000000e+00 1.000000e+00
    outer loop
      vertex   9.237642e+00 -1.401239e+01 3.000000e+00
      vertex   1.198555e+01 -1.601082e+01 3.000000e+00
      vertex   9.337383e+00 -1.362393e+01 3.000000e+00
    endloop
  endfacet
  facet normal 0.000000e+00 0.000000e+00 1.000000e+00
    outer loop
      vertex   9.337383e+00 -1.362393e+01 3.000000e+00
      vertex   1.198555e+01 -1.601082e+01 3.000000e+00
      vertex   1.309721e+01 -1.511499e+01 3.000000e+00
    endloop
  endfacet
  facet normal -0.000000e+00 0.000000e+00 1.000000e+00
    outer loop
      vertex   9.337383e+00 -1.362393e+01 3.000000e+00
      vertex   1.309721e+01 -1.511499e+01 3.000000e+00
      vertex   9.337383e+00 -1.322286e+01 3.000000e+00
    endloop
  endfacet
  facet normal 0.000000e+00 0.000000e+00 1.000000e+00
    outer loop
      vertex   9.337383e+00 -1.322286e+01 3.000000e+00
      vertex   1.309721e+01 -1.511499e+01 3.000000e+00
      vertex   1.414214e+01 -1.414214e+01 3.000000e+00
    endloop
  endfacet
  facet normal -0.000000e+00 -0.000000e+00 1.000000e+00
    outer loop
      vertex   9.337383e+00 -1.322286e+01 3.000000e+00
      vertex   1.414214e+01 -1.414214e+01 3.000000e+00
      vertex   9.237642e+00 -1.283439e+01 3.000000e+00
    endloop
  endfacet
  facet normal -0.000000e+00 0.000000e+00 1.000000e+00
    outer loop
      vertex   9.237642e+00 -1.283439e+01 3.000000e+00
      vertex   1.414214e+01 -1.414214e+01 3.000000e+00
      vertex   9.789929e+00 -8.553204e+00 3.000000e+00
    endloop
  endfacet
  facet normal 0.000000e+00 -0.000000e+00 1.000000e+00
    outer loop
      vertex   9.237642e+00 -1.283439e+01 3.000000e+00
      vertex   9.789929e+00 -8.553204e+00 3.000000e+00
      vertex   9.044427e+00 -1.248294e+01 3.000000e+00
    endloop
  endfacet
  facet normal 0.000000e+00 -0.000000e+00 1.000000e+00
    outer loop
      vertex   9.044427e+00 -1.248294e+01 3.000000e+00
      vertex   9.789929e+00 -8.553204e+00 3.000000e+00
      vertex   8.983815e+00 -9.396333e+00 3.000000e+00
    endloop
  endfacet
  facet normal 0.000000e+00 0.000000e+00 1.000000e+00
    outer loop
      vertex   9.044427e+00 -1.248294e+01 3.000000e+00
      vertex   8.983815e+00 -9.396333e+00 3.000000e+00
      vertex   8.769878e+00 -1.219057e+01 3.000000e+00
    endloop
  endfacet
  facet normal 0.000000e+00 -0.000000e+00 1.000000e+00
    outer loop
      vertex   8.769878e+00 -1.219057e+01 3.000000e+00
      vertex   8.983815e+00 -9.396333e+00 3.000000e+00
      vertex   8.431247e+00 -1.197567e+01 3.000000e+00
    endloop
  endfacet
  facet normal 0.000000e+00 -0.000000e+00 1.000000e+00
    outer loop
      vertex   8.431247e+00 -1.197567e+01 3.000000e+00
      vertex   8.983815e+00 -9.396333e+00 3.000000e+00
      vertex   8.105368e+00 -1.016381e+01 3.000000e+00
    endloop
  endfacet
  facet normal 0.000000e+00 0.000000e+00 1.000000e+00
    outer loop
      vertex   8.431247e+00 -1.197567e+01 3.000000e+00
      vertex   8.105368e+00 -1.016381e+01 3.000000e+00
      vertex   8.049810e+00 -1.185173e+01 3.000000e+00
    endloop
  endfacet
  facet normal 0.000000e+00 -0.000000e+00 1.000000e+00
    outer loop
      vertex   8.049810e+00 -1.185173e+01 3.000000e+00
      vertex   8.105368e+00 -1.016381e+01 3.000000e+00
      vertex   7.649535e+00 -1.182655e+01 3.000000e+00
    endloop
  endfacet
  facet normal 0.000000e+00 -0.000000e+00 1.000000e+00
    outer loop
      vertex   7.649535e+00 -1.182655e+01 3.000000e+00
      vertex   8.105368e+00 -1.016381e+01 3.000000e+00
      vertex   7.161661e+00 -1.084945e+01 3.000000e+00
    endloop
  endfacet
  facet normal 0.000000e+00 0.000000e+00 1.000000e+00
    outer loop
      vertex   7.649535e+00 -1.182655e+01 3.000000e+00
      vertex   7.161661e+00 -1.084945e+01 3.000000e+00
      vertex   7.255573e+00 -1.190170e+01 3.000000e+00
    endloop
  endfacet
  facet normal 0.000000e+00 0.000000e+00 1.000000e+00
    outer loop
      vertex   7.255573e+00 -1.190170e+01 3.000000e+00
      vertex   7.161661e+00 -1.084945e+01 3.000000e+00
      vertex   6.892677e+00 -1.207247e+01 3.000000e+00
    endloop
  endfacet
  facet normal 0.000000e+00 -0.000000e+00 1.000000e+00
    outer loop
      vertex   6.892677e+00 -1.207247e+01 3.000000e+00
      vertex   7.161661e+00 -1.084945e+01 3.000000e+00
      vertex   6.160293e+00 -1.144774e+01 3.000000e+00
    endloop
  endfacet
  facet normal 0.000000e+00 0.000000e+00 1.000000e+00
    outer loop
      vertex   6.892677e+00 -1.207247e+01 3.000000e+00
      vertex   6.160293e+00 -1.144774e+01 3.000000e+00
      vertex   6.583650e+00 -1.232812e+01 3.000000e+00
    endloop
  endfacet
  facet normal 0.000000e+00 0.000000e+00 1.000000e+00
    outer loop
      vertex   6.583650e+00 -1.232812e+01 3.000000e+00
      vertex   6.160293e+00 -1.144774e+01 3.000000e+00
      vertex   6.347909e+00 -1.265259e+01 3.000000e+00
    endloop
  endfacet
  facet normal 0.000000e+00 0.000000e+00 1.000000e+00
    outer loop
      vertex   6.347909e+00 -1.265259e+01 3.000000e+00
      vertex   6.160293e+00 -1.144774e+01 3.000000e+00
      vertex   5.109325e+00 -1.195386e+01 3.000000e+00
    endloop
  endfacet
  facet normal 0.000000e+00 0.000000e+00 1.000000e+00
    outer loop
      vertex   6.347909e+00 -1.265259e+01 3.000000e+00
      vertex   5.109325e+00 -1.195386e+01 3.000000e+00
      vertex   6.200267e+00 -1.302549e+01 3.000000e+00
    endloop
  endfacet
  facet normal 0.000000e+00 0.000000e+00 1.000000e+00
    outer loop
      vertex   6.200267e+00 -1.302549e+01 3.000000e+00
      vertex   5.109325e+00 -1.195386e+01 3.000000e+00
      vertex   6.150000e+00 -1.342339e+01 3.000000e+00
    endloop
  endfacet
  facet normal 0.000000e+00 0.000000e+00 1.000000e+00
    outer loop
      vertex   6.150000e+00 -1.342339e+01 3.000000e+00
      vertex   5.109325e+00 -1.195386e+01 3.000000e+00
      vertex   4.017221e+00 -1.236373e+01 3.000000e+00
    endloop
  endfacet
  facet normal 0.000000e+00 0.000000e+00 1.000000e+00
    outer loop
      vertex   6.150000e+00 -1.342339e+01 3.000000e+00
      vertex   4.017221e+00 -1.236373e+01 3.000000e+00
      vertex   6.200267e+00 -1.382130e+01 3.000000e+00
    endloop
  endfacet
  facet normal 0.000000e+00 0.000000e+00 1.000000e+00
    outer loop
      vertex   6.200267e+00 -1.382130e+01 3.000000e+00
      vertex   4.017221e+00 -1.236373e+01 3.000000e+00
      vertex   6.347909e+00 -1.419420e+01 3.000000e+00
    endloop
  endfacet
  facet normal 0.000000e+00 0.000000e+00 1.000000e+00
    outer loop
      vertex   6.347909e+00 -1.419420e+01 3.000000e+00
      vertex   4.017221e+00 -1.236373e+01 3.000000e+00
      vertex   2.892772e+00 -1.267406e+01 3.000000e+00
    endloop
  endfacet
  facet normal 0.000000e+00 -0.000000e+00 1.000000e+00
    outer loop
      vertex   1.414214e+01 -1.414214e+01 3.000000e+00
      vertex   1.511499e+01 -1.309721e+01 3.000000e+00
      vertex   9.789929e+00 -8.553204e+00 3.000000e+00
    endloop
  endfacet
  facet normal -0.000000e+00 0.000000e+00 1.000000e+00
    outer loop
      vertex   9.789929e+00 -8.553204e+00 3.000000e+00
      vertex   1.511499e+01 -1.309721e+01 3.000000e+00
      vertex   1.051722e+01 -7.641208e+00 3.000000e+00
    endloop
  endfacet
  facet normal 0.000000e+00 0.000000e+00 1.000000e+00
    outer loop
      vertex   1.051722e+01 -7.641208e+00 3.000000e+00
      vertex   1.511499e+01 -1.309721e+01 3.000000e+00
      vertex   1.601082e+01 -1.198555e+01 3.000000e+00
    endloop
  endfacet
  facet normal -0.000000e+00 0.000000e+00 1.000000e+00
    outer loop
      vertex   1.051722e+01 -7.641208e+00 3.000000e+00
      vertex   1.601082e+01 -1.198555e+01 3.000000e+00
      vertex   1.115983e+01 -6.667691e+00 3.000000e+00
    endloop
  endfacet
  facet normal 0.000000e+00 0.000000e+00 1.000000e+00
    outer loop
      vertex   1.115983e+01 -6.667691e+00 3.000000e+00
      vertex   1.601082e+01 -1.198555e+01 3.000000e+00
      vertex   1.682507e+01 -1.081282e+01 3.000000e+00
    endloop
  endfacet
  facet normal -0.000000e+00 0.000000e+00 1.000000e+00
    outer loop
      vertex   1.115983e+01 -6.667691e+00 3.000000e+00
      vertex   1.682507e+01 -1.081282e+01 3.000000e+00
      vertex   1.171260e+01 -5.640489e+00 3.000000e+00
    endloop
  endfacet
  facet normal 0.000000e+00 0.000000e+00 1.000000e+00
    outer loop
      vertex   1.171260e+01 -5.640489e+00 3.000000e+00
      vertex   1.682507e+01 -1.081282e+01 3.000000e+00
      vertex   1.755358e+01 -9.584980e+00 3.000000e+00
    endloop
  endfacet
  facet normal 0.000000e+00 0.000000e+00 1.000000e+00
    outer loop
      vertex   1.171260e+01 -5.640489e+00 3.000000e+00
      vertex   1.755358e+01 -9.584980e+00 3.000000e+00
      vertex   1.819264e+01 -8.308300e+00 3.000000e+00
    endloop
  endfacet
  facet normal -0.000000e+00 0.000000e+00 1.000000e+00
    outer loop
      vertex   1.171260e+01 -5.640489e+00 3.000000e+00
      vertex   1.819264e+01 -8.308300e+00 3.000000e+00
      vertex   1.217105e+01 -4.567873e+00 3.000000e+00
    endloop
  endfacet
  facet normal 0.000000e+00 0.000000e+00 1.000000e+00
    outer loop
      vertex   1.217105e+01 -4.567873e+00 3.000000e+00
      vertex   1.819264e+01 -8.308300e+00 3.000000e+00
      vertex   1.873899e+01 -6.989284e+00 3.000000e+00
    endloop
  endfacet
  facet normal -0.000000e+00 0.000000e+00 1.000000e+00
    outer loop
      vertex   1.217105e+01 -4.567873e+00 3.000000e+00
      vertex   1.873899e+01 -6.989284e+00 3.000000e+00
      vertex   1.539952e+01 -1.577173e+00 3.000000e+00
    endloop
  endfacet
  facet normal -0.000000e+00 0.000000e+00 1.000000e+00
    outer loop
      vertex   1.539952e+01 -1.577173e+00 3.000000e+00
      vertex   1.873899e+01 -6.989284e+00 3.000000e+00
      vertex   1.579980e+01 -1.551989e+00 3.000000e+00
    endloop
  endfacet
  facet normal 0.000000e+00 0.000000e+00 1.000000e+00
    outer loop
      vertex   1.579980e+01 -1.551989e+00 3.000000e+00
      vertex   1.873899e+01 -6.989284e+00 3.000000e+00
      vertex   1.918986e+01 -5.634651e+00 3.000000e+00
    endloop
  endfacet
  facet normal -0.000000e+00 0.000000e+00 1.000000e+00
    outer loop
      vertex   1.579980e+01 -1.551989e+00 3.000000e+00
      vertex   1.918986e+01 -5.634651e+00 3.000000e+00
      vertex   1.618123e+01 -1.428053e+00 3.000000e+00
    endloop
  endfacet
  facet normal 0.000000e+00 0.000000e+00 1.000000e+00
    outer loop
      vertex   1.618123e+01 -1.428053e+00 3.000000e+00
      vertex   1.918986e+01 -5.634651e+00 3.000000e+00
      vertex   1.954294e+01 -4.251306e+00 3.000000e+00
    endloop
  endfacet
  facet normal -0.000000e+00 0.000000e+00 1.000000e+00
    outer loop
      vertex   1.618123e+01 -1.428053e+00 3.000000e+00
      vertex   1.954294e+01 -4.251306e+00 3.000000e+00
      vertex   1.651987e+01 -1.213151e+00 3.000000e+00
    endloop
  endfacet
  facet normal 0.000000e+00 0.000000e+00 1.000000e+00
    outer loop
      vertex   1.651987e+01 -1.213151e+00 3.000000e+00
      vertex   1.954294e+01 -4.251306e+00 3.000000e+00
      vertex   1.979643e+01 -2.846297e+00 3.000000e+00
    endloop
  endfacet
  facet normal -0.000000e+00 0.000000e+00 1.000000e+00
    outer loop
      vertex   1.651987e+01 -1.213151e+00 3.000000e+00
      vertex   1.979643e+01 -2.846297e+00 3.000000e+00
      vertex   1.679441e+01 -9.207863e-01 3.000000e+00
    endloop
  endfacet
  facet normal 0.000000e+00 0.000000e+00 1.000000e+00
    outer loop
      vertex   1.679441e+01 -9.207863e-01 3.000000e+00
      vertex   1.979643e+01 -2.846297e+00 3.000000e+00
      vertex   1.994904e+01 -1.426784e+00 3.000000e+00
    endloop
  endfacet
  facet normal -0.000000e+00 0.000000e+00 1.000000e+00
    outer loop
      vertex   1.679441e+01 -9.207863e-01 3.000000e+00
      vertex   1.994904e+01 -1.426784e+00 3.000000e+00
      vertex   1.698763e+01 -5.693291e-01 3.000000e+00
    endloop
  endfacet
  facet normal -0.000000e+00 0.000000e+00 1.000000e+00
    outer loop
      vertex   1.698763e+01 -5.693291e-01 3.000000e+00
      vertex   1.994904e+01 -1.426784e+00 3.000000e+00
      vertex   1.708737e+01 -1.808630e-01 3.000000e+00
    endloop
  endfacet
  facet normal -0.000000e+00 0.000000e+00 1.000000e+00
    outer loop
      vertex   1.708737e+01 -1.808630e-01 3.000000e+00
      vertex   1.994904e+01 -1.426784e+00 3.000000e+00
      vertex   2.000000e+01 0.000000e+00 3.000000e+00
    endloop
  endfacet
  facet normal 0.000000e+00 0.000000e+00 1.000000e+00
    outer loop
      vertex   1.708737e+01 -1.808630e-01 3.000000e+00
      vertex   2.000000e+01 0.000000e+00 3.000000e+00
      vertex   1.708737e+01 2.202033e-01 3.000000e+00
    endloop
  endfacet
  facet normal -0.000000e+00 -0.000000e+00 1.000000e+00
    outer loop
      vertex   1.708737e+01 2.202033e-01 3.000000e+00
      vertex   2.000000e+01 0.000000e+00 3.000000e+00
      vertex   1.698763e+01 6.086694e-01 3.000000e+00
    endloop
  endfacet
  facet normal -0.000000e+00 -0.000000e+00 1.000000e+00
    outer loop
      vertex   1.698763e+01 6.086694e-01 3.000000e+00
      vertex   2.000000e+01 0.000000e+00 3.000000e+00
      vertex   1.679441e+01 9.601265e-01 3.000000e+00
    endloop
  endfacet
  facet normal -0.000000e+00 -0.000000e+00 1.000000e+00
    outer loop
      vertex   1.679441e+01 9.601265e-01 3.000000e+00
      vertex   2.000000e+01 0.000000e+00 3.000000e+00
      vertex   1.651987e+01 1.252491e+00 3.000000e+00
    endloop
  endfacet
  facet normal -0.000000e+00 -0.000000e+00 1.000000e+00
    outer loop
      vertex   1.651987e+01 1.252491e+00 3.000000e+00
      vertex   2.000000e+01 0.000000e+00 3.000000e+00
      vertex   1.618123e+01 1.467393e+00 3.000000e+00
    endloop
  endfacet
  facet normal 3.160094e-17 8.223874e-17 1.000000e+00
    outer loop
      vertex   1.618123e+01 1.467393e+00 3.000000e+00
      vertex   2.000000e+01 0.000000e+00 3.000000e+00
      vertex   2.000000e+01 2.700000e+01 3.000000e+00
    endloop
  endfacet
  facet normal 7.798422e-17 7.530146e-17 1.000000e+00
    outer loop
      vertex   1.618123e+01 1.467393e+00 3.000000e+00
      vertex   2.000000e+01 2.700000e+01 3.000000e+00
      vertex   1.115983e+01 6.667691e+00 3.000000e+00
    endloop
  endfacet
  facet normal 1.567338e-16 4.106239e-17 1.000000e+00
    outer loop
      vertex   1.115983e+01 6.667691e+00 3.000000e+00
      vertex   2.000000e+01 2.700000e+01 3.000000e+00
      vertex   9.337383e+00 1.362393e+01 3.000000e+00
    endloop
  endfacet
  facet normal 0.000000e+00 0.000000e+00 1.000000e+00
    outer loop
      vertex   1.115983e+01 6.667691e+00 3.000000e+00
      vertex   9.337383e+00 1.362393e+01 3.000000e+00
      vertex   9.337383e+00 1.322286e+01 3.000000e+00
    endloop
  endfacet
  facet normal -0.000000e+00 1.841942e-16 1.000000e+00
    outer loop
      vertex   -2.000000e+01 2.700000e+01 3.000000e+00
      vertex   7.255573e+00 1.494508e+01 3.000000e+00
      vertex   2.000000e+01 2.700000e+01 3.000000e+00
    endloop
  endfacet
  facet normal -4.401310e-17 2.307248e-16 1.000000e+00
    outer loop
      vertex   2.000000e+01 2.700000e+01 3.000000e+00
      vertex   7.255573e+00 1.494508e+01 3.000000e+00
      vertex   7.649535e+00 1.502024e+01 3.000000e+00
    endloop
  endfacet
  facet normal 1.095092e-17 1.740599e-16 1.000000e+00
    outer loop
      vertex   2.000000e+01 2.700000e+01 3.000000e+00
      vertex   7.649535e+00 1.502024e+01 3.000000e+00
      vertex   8.049810e+00 1.499505e+01 3.000000e+00
    endloop
  endfacet
  facet normal 0.000000e+00 -0.000000e+00 1.000000e+00
    outer loop
      vertex   -1.704973e+01 3.979038e-01 3.000000e+00
      vertex   -1.690209e+01 7.708059e-01 3.000000e+00
      vertex   -2.000000e+01 0.000000e+00 3.000000e+00
    endloop
  endfacet
  facet normal 0.000000e+00 0.000000e+00 1.000000e+00
    outer loop
      vertex   -2.000000e+01 0.000000e+00 3.000000e+00
      vertex   -1.690209e+01 7.708059e-01 3.000000e+00
      vertex   -1.666635e+01 1.095275e+00 3.000000e+00
    endloop
  endfacet
  facet normal 0.000000e+00 0.000000e+00 1.000000e+00
    outer loop
      vertex   -2.000000e+01 0.000000e+00 3.000000e+00
      vertex   -1.666635e+01 1.095275e+00 3.000000e+00
      vertex   -1.635732e+01 1.350925e+00 3.000000e+00
    endloop
  endfacet
  facet normal 0.000000e+00 0.000000e+00 1.000000e+00
    outer loop
      vertex   -1.115983e+01 6.667691e+00 3.000000e+00
      vertex   -1.635732e+01 1.350925e+00 3.000000e+00
      vertex   -1.171260e+01 5.640489e+00 3.000000e+00
    endloop
  endfacet
  facet normal 0.000000e+00 0.000000e+00 1.000000e+00
    outer loop
      vertex   -1.171260e+01 5.640489e+00 3.000000e+00
      vertex   -1.635732e+01 1.350925e+00 3.000000e+00
      vertex   -1.599443e+01 1.521690e+00 3.000000e+00
    endloop
  endfacet
  facet normal 0.000000e+00 0.000000e+00 1.000000e+00
    outer loop
      vertex   -1.171260e+01 5.640489e+00 3.000000e+00
      vertex   -1.599443e+01 1.521690e+00 3.000000e+00
      vertex   -1.217105e+01 4.567873e+00 3.000000e+00
    endloop
  endfacet
  facet normal 0.000000e+00 0.000000e+00 1.000000e+00
    outer loop
      vertex   -1.217105e+01 4.567873e+00 3.000000e+00
      vertex   -1.599443e+01 1.521690e+00 3.000000e+00
      vertex   -1.560046e+01 1.596843e+00 3.000000e+00
    endloop
  endfacet
  facet normal 0.000000e+00 0.000000e+00 1.000000e+00
    outer loop
      vertex   -1.217105e+01 4.567873e+00 3.000000e+00
      vertex   -1.560046e+01 1.596843e+00 3.000000e+00
      vertex   -1.253152e+01 3.458479e+00 3.000000e+00
    endloop
  endfacet
  facet normal 0.000000e+00 0.000000e+00 1.000000e+00
    outer loop
      vertex   -1.253152e+01 3.458479e+00 3.000000e+00
      vertex   -1.560046e+01 1.596843e+00 3.000000e+00
      vertex   -1.520019e+01 1.571660e+00 3.000000e+00
    endloop
  endfacet
  facet normal 0.000000e+00 0.000000e+00 1.000000e+00
    outer loop
      vertex   -1.253152e+01 3.458479e+00 3.000000e+00
      vertex   -1.520019e+01 1.571660e+00 3.000000e+00
      vertex   -1.481875e+01 1.447723e+00 3.000000e+00
    endloop
  endfacet
  facet normal 0.000000e+00 0.000000e+00 1.000000e+00
    outer loop
      vertex   -1.253152e+01 3.458479e+00 3.000000e+00
      vertex   -1.481875e+01 1.447723e+00 3.000000e+00
      vertex   -1.279108e+01 2.321240e+00 3.000000e+00
    endloop
  endfacet
  facet normal 0.000000e+00 0.000000e+00 1.000000e+00
    outer loop
      vertex   -1.279108e+01 2.321240e+00 3.000000e+00
      vertex   -1.481875e+01 1.447723e+00 3.000000e+00
      vertex   -1.448012e+01 1.232821e+00 3.000000e+00
    endloop
  endfacet
  facet normal 0.000000e+00 0.000000e+00 1.000000e+00
    outer loop
      vertex   -1.279108e+01 2.321240e+00 3.000000e+00
      vertex   -1.448012e+01 1.232821e+00 3.000000e+00
      vertex   -1.420557e+01 9.404564e-01 3.000000e+00
    endloop
  endfacet
  facet normal 0.000000e+00 0.000000e+00 1.000000e+00
    outer loop
      vertex   -1.279108e+01 2.321240e+00 3.000000e+00
      vertex   -1.420557e+01 9.404564e-01 3.000000e+00
      vertex   -1.294767e+01 1.165311e+00 3.000000e+00
    endloop
  endfacet
  facet normal 0.000000e+00 0.000000e+00 1.000000e+00
    outer loop
      vertex   -1.294767e+01 1.165311e+00 3.000000e+00
      vertex   -1.420557e+01 9.404564e-01 3.000000e+00
      vertex   -1.401236e+01 5.889993e-01 3.000000e+00
    endloop
  endfacet
  facet normal 0.000000e+00 0.000000e+00 1.000000e+00
    outer loop
      vertex   -1.294767e+01 1.165311e+00 3.000000e+00
      vertex   -1.401236e+01 5.889993e-01 3.000000e+00
      vertex   -1.391262e+01 2.005332e-01 3.000000e+00
    endloop
  endfacet
  facet normal 0.000000e+00 0.000000e+00 1.000000e+00
    outer loop
      vertex   -1.294767e+01 1.165311e+00 3.000000e+00
      vertex   -1.391262e+01 2.005332e-01 3.000000e+00
      vertex   -1.300000e+01 -1.592041e-15 3.000000e+00
    endloop
  endfacet
  facet normal 0.000000e+00 0.000000e+00 1.000000e+00
    outer loop
      vertex   -1.300000e+01 -1.592041e-15 3.000000e+00
      vertex   -1.391262e+01 2.005332e-01 3.000000e+00
      vertex   -1.391262e+01 -2.005332e-01 3.000000e+00
    endloop
  endfacet
  facet normal 0.000000e+00 0.000000e+00 1.000000e+00
    outer loop
      vertex   -1.300000e+01 -1.592041e-15 3.000000e+00
      vertex   -1.391262e+01 -2.005332e-01 3.000000e+00
      vertex   -1.294767e+01 -1.165311e+00 3.000000e+00
    endloop
  endfacet
  facet normal 0.000000e+00 0.000000e+00 1.000000e+00
    outer loop
      vertex   -1.294767e+01 -1.165311e+00 3.000000e+00
      vertex   -1.391262e+01 -2.005332e-01 3.000000e+00
      vertex   -1.401236e+01 -5.889993e-01 3.000000e+00
    endloop
  endfacet
  facet normal 0.000000e+00 0.000000e+00 1.000000e+00
    outer loop
      vertex   -1.294767e+01 -1.165311e+00 3.000000e+00
      vertex   -1.401236e+01 -5.889993e-01 3.000000e+00
      vertex   -1.420557e+01 -9.404564e-01 3.000000e+00
    endloop
  endfacet
  facet normal 0.000000e+00 0.000000e+00 1.000000e+00
    outer loop
      vertex   -1.294767e+01 -1.165311e+00 3.000000e+00
      vertex   -1.420557e+01 -9.404564e-01 3.000000e+00
      vertex   -1.279108e+01 -2.321240e+00 3.000000e+00
    endloop
  endfacet
  facet normal 0.000000e+00 0.000000e+00 1.000000e+00
    outer loop
      vertex   -1.279108e+01 -2.321240e+00 3.000000e+00
      vertex   -1.420557e+01 -9.404564e-01 3.000000e+00
      vertex   -1.448012e+01 -1.232821e+00 3.000000e+00
    endloop
  endfacet
  facet normal 0.000000e+00 0.000000e+00 1.000000e+00
    outer loop
      vertex   -1.279108e+01 -2.321240e+00 3.000000e+00
      vertex   -1.448012e+01 -1.232821e+00 3.000000e+00
      vertex   -1.481875e+01 -1.447723e+00 3.000000e+00
    endloop
  endfacet
  facet normal 0.000000e+00 0.000000e+00 1.000000e+00
    outer loop
      vertex   -1.279108e+01 -2.321240e+00 3.000000e+00
      vertex   -1.481875e+01 -1.447723e+00 3.000000e+00
      vertex   -1.253152e+01 -3.458479e+00 3.000000e+00
    endloop
  endfacet
  facet normal 0.000000e+00 0.000000e+00 1.000000e+00
    outer loop
      vertex   -1.253152e+01 -3.458479e+00 3.000000e+00
      vertex   -1.481875e+01 -1.447723e+00 3.000000e+00
      vertex   -1.520019e+01 -1.571660e+00 3.000000e+00
    endloop
  endfacet
  facet normal 0.000000e+00 0.000000e+00 1.000000e+00
    outer loop
      vertex   -1.253152e+01 -3.458479e+00 3.000000e+00
      vertex   -1.520019e+01 -1.571660e+00 3.000000e+00
      vertex   -1.560046e+01 -1.596843e+00 3.000000e+00
    endloop
  endfacet
  facet normal 0.000000e+00 0.000000e+00 1.000000e+00
    outer loop
      vertex   1.395025e+01 -3.782337e-01 3.000000e+00
      vertex   1.389999e+01 1.967014e-02 3.000000e+00
      vertex   1.300000e+01 0.000000e+00 3.000000e+00
    endloop
  endfacet
  facet normal 0.000000e+00 0.000000e+00 1.000000e+00
    outer loop
      vertex   1.300000e+01 0.000000e+00 3.000000e+00
      vertex   1.389999e+01 1.967014e-02 3.000000e+00
      vertex   1.395025e+01 4.175740e-01 3.000000e+00
    endloop
  endfacet
  facet normal 0.000000e+00 -0.000000e+00 1.000000e+00
    outer loop
      vertex   1.300000e+01 0.000000e+00 3.000000e+00
      vertex   1.395025e+01 4.175740e-01 3.000000e+00
      vertex   1.294767e+01 1.165311e+00 3.000000e+00
    endloop
  endfacet
  facet normal 0.000000e+00 0.000000e+00 1.000000e+00
    outer loop
      vertex   1.294767e+01 1.165311e+00 3.000000e+00
      vertex   1.395025e+01 4.175740e-01 3.000000e+00
      vertex   1.409790e+01 7.904760e-01 3.000000e+00
    endloop
  endfacet
  facet normal 0.000000e+00 0.000000e+00 1.000000e+00
    outer loop
      vertex   1.294767e+01 1.165311e+00 3.000000e+00
      vertex   1.409790e+01 7.904760e-01 3.000000e+00
      vertex   1.433364e+01 1.114946e+00 3.000000e+00
    endloop
  endfacet
  facet normal -0.000000e+00 -0.000000e+00 1.000000e+00
    outer loop
      vertex   1.294767e+01 1.165311e+00 3.000000e+00
      vertex   1.433364e+01 1.114946e+00 3.000000e+00
      vertex   1.279108e+01 2.321240e+00 3.000000e+00
    endloop
  endfacet
  facet normal 0.000000e+00 0.000000e+00 1.000000e+00
    outer loop
      vertex   1.279108e+01 2.321240e+00 3.000000e+00
      vertex   1.433364e+01 1.114946e+00 3.000000e+00
      vertex   1.464266e+01 1.370595e+00 3.000000e+00
    endloop
  endfacet
  facet normal 0.000000e+00 0.000000e+00 1.000000e+00
    outer loop
      vertex   1.279108e+01 2.321240e+00 3.000000e+00
      vertex   1.464266e+01 1.370595e+00 3.000000e+00
      vertex   1.500556e+01 1.541361e+00 3.000000e+00
    endloop
  endfacet
  facet normal -0.000000e+00 -0.000000e+00 1.000000e+00
    outer loop
      vertex   1.279108e+01 2.321240e+00 3.000000e+00
      vertex   1.500556e+01 1.541361e+00 3.000000e+00
      vertex   1.253152e+01 3.458479e+00 3.000000e+00
    endloop
  endfacet
  facet normal 0.000000e+00 0.000000e+00 1.000000e+00
    outer loop
      vertex   1.253152e+01 3.458479e+00 3.000000e+00
      vertex   1.500556e+01 1.541361e+00 3.000000e+00
      vertex   1.539952e+01 1.616513e+00 3.000000e+00
    endloop
  endfacet
  facet normal -0.000000e+00 -0.000000e+00 1.000000e+00
    outer loop
      vertex   1.253152e+01 3.458479e+00 3.000000e+00
      vertex   1.539952e+01 1.616513e+00 3.000000e+00
      vertex   1.217105e+01 4.567873e+00 3.000000e+00
    endloop
  endfacet
  facet normal 0.000000e+00 0.000000e+00 1.000000e+00
    outer loop
      vertex   1.217105e+01 4.567873e+00 3.000000e+00
      vertex   1.539952e+01 1.616513e+00 3.000000e+00
      vertex   1.579980e+01 1.591330e+00 3.000000e+00
    endloop
  endfacet
  facet normal -0.000000e+00 -0.000000e+00 1.000000e+00
    outer loop
      vertex   1.217105e+01 4.567873e+00 3.000000e+00
      vertex   1.579980e+01 1.591330e+00 3.000000e+00
      vertex   1.171260e+01 5.640489e+00 3.000000e+00
    endloop
  endfacet
  facet normal 0.000000e+00 0.000000e+00 1.000000e+00
    outer loop
      vertex   1.171260e+01 5.640489e+00 3.000000e+00
      vertex   1.579980e+01 1.591330e+00 3.000000e+00
      vertex   1.618123e+01 1.467393e+00 3.000000e+00
    endloop
  endfacet
  facet normal -0.000000e+00 -0.000000e+00 1.000000e+00
    outer loop
      vertex   1.171260e+01 5.640489e+00 3.000000e+00
      vertex   1.618123e+01 1.467393e+00 3.000000e+00
      vertex   1.115983e+01 6.667691e+00 3.000000e+00
    endloop
  endfacet
  facet normal 0.000000e+00 0.000000e+00 1.000000e+00
    outer loop
      vertex   1.217105e+01 -4.567873e+00 3.000000e+00
      vertex   1.539952e+01 -1.577173e+00 3.000000e+00
      vertex   1.253152e+01 -3.458479e+00 3.000000e+00
    endloop
  endfacet
  facet normal 0.000000e+00 0.000000e+00 1.000000e+00
    outer loop
      vertex   1.253152e+01 -3.458479e+00 3.000000e+00
      vertex   1.539952e+01 -1.577173e+00 3.000000e+00
      vertex   1.500556e+01 -1.502020e+00 3.000000e+00
    endloop
  endfacet
  facet normal 0.000000e+00 0.000000e+00 1.000000e+00
    outer loop
      vertex   1.253152e+01 -3.458479e+00 3.000000e+00
      vertex   1.500556e+01 -1.502020e+00 3.000000e+00
      vertex   1.279108e+01 -2.321240e+00 3.000000e+00
    endloop
  endfacet
  facet normal 0.000000e+00 0.000000e+00 1.000000e+00
    outer loop
      vertex   1.279108e+01 -2.321240e+00 3.000000e+00
      vertex   1.500556e+01 -1.502020e+00 3.000000e+00
      vertex   1.464266e+01 -1.331255e+00 3.000000e+00
    endloop
  endfacet
  facet normal 0.000000e+00 0.000000e+00 1.000000e+00
    outer loop
      vertex   1.279108e+01 -2.321240e+00 3.000000e+00
      vertex   1.464266e+01 -1.331255e+00 3.000000e+00
      vertex   1.433364e+01 -1.075605e+00 3.000000e+00
    endloop
  endfacet
  facet normal 0.000000e+00 0.000000e+00 1.000000e+00
    outer loop
      vertex   1.279108e+01 -2.321240e+00 3.000000e+00
      vertex   1.433364e+01 -1.075605e+00 3.000000e+00
      vertex   1.294767e+01 -1.165311e+00 3.000000e+00
    endloop
  endfacet
  facet normal 0.000000e+00 0.000000e+00 1.000000e+00
    outer loop
      vertex   1.294767e+01 -1.165311e+00 3.000000e+00
      vertex   1.433364e+01 -1.075605e+00 3.000000e+00
      vertex   1.409790e+01 -7.511357e-01 3.000000e+00
    endloop
  endfacet
  facet normal 0.000000e+00 0.000000e+00 1.000000e+00
    outer loop
      vertex   1.294767e+01 -1.165311e+00 3.000000e+00
      vertex   1.409790e+01 -7.511357e-01 3.000000e+00
      vertex   1.395025e+01 -3.782337e-01 3.000000e+00
    endloop
  endfacet
  facet normal 0.000000e+00 0.000000e+00 1.000000e+00
    outer loop
      vertex   1.294767e+01 -1.165311e+00 3.000000e+00
      vertex   1.395025e+01 -3.782337e-01 3.000000e+00
      vertex   1.300000e+01 0.000000e+00 3.000000e+00
    endloop
  endfacet
  facet normal -1.798028e-16 2.271438e-17 1.000000e+00
    outer loop
      vertex   -9.367029e+00 1.341355e+01 3.000000e+00
      vertex   -9.316762e+00 1.381145e+01 3.000000e+00
      vertex   -2.000000e+01 2.700000e+01 3.000000e+00
    endloop
  endfacet
  facet normal -1.396072e-16 5.527440e-17 1.000000e+00
    outer loop
      vertex   -2.000000e+01 2.700000e+01 3.000000e+00
      vertex   -9.316762e+00 1.381145e+01 3.000000e+00
      vertex   -9.169119e+00 1.418435e+01 3.000000e+00
    endloop
  endfacet
  facet normal -1.102396e-16 8.009379e-17 1.000000e+00
    outer loop
      vertex   -2.000000e+01 2.700000e+01 3.000000e+00
      vertex   -9.169119e+00 1.418435e+01 3.000000e+00
      vertex   -8.933378e+00 1.450882e+01 3.000000e+00
    endloop
  endfacet
  facet normal -8.486042e-17 1.025786e-16 1.000000e+00
    outer loop
      vertex   -8.933378e+00 1.450882e+01 3.000000e+00
      vertex   -8.624351e+00 1.476447e+01 3.000000e+00
      vertex   -2.000000e+01 2.700000e+01 3.000000e+00
    endloop
  endfacet
  facet normal -5.940600e-17 1.262442e-16 1.000000e+00
    outer loop
      vertex   -2.000000e+01 2.700000e+01 3.000000e+00
      vertex   -8.624351e+00 1.476447e+01 3.000000e+00
      vertex   -8.261456e+00 1.493524e+01 3.000000e+00
    endloop
  endfacet
  facet normal -2.961217e-17 1.552324e-16 1.000000e+00
    outer loop
      vertex   -2.000000e+01 2.700000e+01 3.000000e+00
      vertex   -8.261456e+00 1.493524e+01 3.000000e+00
      vertex   -7.867493e+00 1.501039e+01 3.000000e+00
    endloop
  endfacet
  facet normal 1.244387e-17 1.977897e-16 1.000000e+00
    outer loop
      vertex   -7.867493e+00 1.501039e+01 3.000000e+00
      vertex   -7.467218e+00 1.498521e+01 3.000000e+00
      vertex   -2.000000e+01 2.700000e+01 3.000000e+00
    endloop
  endfacet
  facet normal 9.083456e-17 2.795600e-16 1.000000e+00
    outer loop
      vertex   -2.000000e+01 2.700000e+01 3.000000e+00
      vertex   -7.467218e+00 1.498521e+01 3.000000e+00
      vertex   -7.085782e+00 1.486127e+01 3.000000e+00
    endloop
  endfacet
  facet normal -1.062417e-18 1.817922e-16 1.000000e+00
    outer loop
      vertex   -2.000000e+01 2.700000e+01 3.000000e+00
      vertex   -7.085782e+00 1.486127e+01 3.000000e+00
      vertex   7.255573e+00 1.494508e+01 3.000000e+00
    endloop
  endfacet
  facet normal 0.000000e+00 0.000000e+00 1.000000e+00
    outer loop
      vertex   6.200267e+00 1.382130e+01 3.000000e+00
      vertex   4.017221e+00 1.236373e+01 3.000000e+00
      vertex   6.150000e+00 1.342339e+01 3.000000e+00
    endloop
  endfacet
  facet normal 0.000000e+00 0.000000e+00 1.000000e+00
    outer loop
      vertex   6.150000e+00 1.342339e+01 3.000000e+00
      vertex   4.017221e+00 1.236373e+01 3.000000e+00
      vertex   5.109325e+00 1.195386e+01 3.000000e+00
    endloop
  endfacet
  facet normal 0.000000e+00 0.000000e+00 1.000000e+00
    outer loop
      vertex   6.150000e+00 1.342339e+01 3.000000e+00
      vertex   5.109325e+00 1.195386e+01 3.000000e+00
      vertex   6.200267e+00 1.302549e+01 3.000000e+00
    endloop
  endfacet
  facet normal 0.000000e+00 0.000000e+00 1.000000e+00
    outer loop
      vertex   6.200267e+00 1.302549e+01 3.000000e+00
      vertex   5.109325e+00 1.195386e+01 3.000000e+00
      vertex   6.347909e+00 1.265259e+01 3.000000e+00
    endloop
  endfacet
  facet normal 0.000000e+00 0.000000e+00 1.000000e+00
    outer loop
      vertex   6.347909e+00 1.265259e+01 3.000000e+00
      vertex   5.109325e+00 1.195386e+01 3.000000e+00
      vertex   6.160293e+00 1.144774e+01 3.000000e+00
    endloop
  endfacet
  facet normal 0.000000e+00 0.000000e+00 1.000000e+00
    outer loop
      vertex   6.347909e+00 1.265259e+01 3.000000e+00
      vertex   6.160293e+00 1.144774e+01 3.000000e+00
      vertex   6.583650e+00 1.232812e+01 3.000000e+00
    endloop
  endfacet
  facet normal 0.000000e+00 0.000000e+00 1.000000e+00
    outer loop
      vertex   6.583650e+00 1.232812e+01 3.000000e+00
      vertex   6.160293e+00 1.144774e+01 3.000000e+00
      vertex   6.892677e+00 1.207247e+01 3.000000e+00
    endloop
  endfacet
  facet normal 0.000000e+00 0.000000e+00 1.000000e+00
    outer loop
      vertex   6.892677e+00 1.207247e+01 3.000000e+00
      vertex   6.160293e+00 1.144774e+01 3.000000e+00
      vertex   7.161661e+00 1.084945e+01 3.000000e+00
    endloop
  endfacet
  facet normal 0.000000e+00 0.000000e+00 1.000000e+00
    outer loop
      vertex   6.892677e+00 1.207247e+01 3.000000e+00
      vertex   7.161661e+00 1.084945e+01 3.000000e+00
      vertex   7.255573e+00 1.190170e+01 3.000000e+00
    endloop
  endfacet
  facet normal 0.000000e+00 0.000000e+00 1.000000e+00
    outer loop
      vertex   7.255573e+00 1.190170e+01 3.000000e+00
      vertex   7.161661e+00 1.084945e+01 3.000000e+00
      vertex   7.649535e+00 1.182655e+01 3.000000e+00
    endloop
  endfacet
  facet normal 0.000000e+00 0.000000e+00 1.000000e+00
    outer loop
      vertex   7.649535e+00 1.182655e+01 3.000000e+00
      vertex   7.161661e+00 1.084945e+01 3.000000e+00
      vertex   8.105368e+00 1.016381e+01 3.000000e+00
    endloop
  endfacet
  facet normal -0.000000e+00 0.000000e+00 1.000000e+00
    outer loop
      vertex   7.649535e+00 1.182655e+01 3.000000e+00
      vertex   8.105368e+00 1.016381e+01 3.000000e+00
      vertex   8.049810e+00 1.185173e+01 3.000000e+00
    endloop
  endfacet
  facet normal -0.000000e+00 0.000000e+00 1.000000e+00
    outer loop
      vertex   8.049810e+00 1.185173e+01 3.000000e+00
      vertex   8.105368e+00 1.016381e+01 3.000000e+00
      vertex   8.431247e+00 1.197567e+01 3.000000e+00
    endloop
  endfacet
  facet normal 0.000000e+00 0.000000e+00 1.000000e+00
    outer loop
      vertex   8.431247e+00 1.197567e+01 3.000000e+00
      vertex   8.105368e+00 1.016381e+01 3.000000e+00
      vertex   8.983815e+00 9.396333e+00 3.000000e+00
    endloop
  endfacet
  facet normal -0.000000e+00 0.000000e+00 1.000000e+00
    outer loop
      vertex   8.431247e+00 1.197567e+01 3.000000e+00
      vertex   8.983815e+00 9.396333e+00 3.000000e+00
      vertex   8.769878e+00 1.219057e+01 3.000000e+00
    endloop
  endfacet
  facet normal -0.000000e+00 0.000000e+00 1.000000e+00
    outer loop
      vertex   8.769878e+00 1.219057e+01 3.000000e+00
      vertex   8.983815e+00 9.396333e+00 3.000000e+00
      vertex   9.044427e+00 1.248294e+01 3.000000e+00
    endloop
  endfacet
  facet normal 0.000000e+00 0.000000e+00 1.000000e+00
    outer loop
      vertex   9.044427e+00 1.248294e+01 3.000000e+00
      vertex   8.983815e+00 9.396333e+00 3.000000e+00
      vertex   9.789929e+00 8.553204e+00 3.000000e+00
    endloop
  endfacet
  facet normal -0.000000e+00 0.000000e+00 1.000000e+00
    outer loop
      vertex   9.044427e+00 1.248294e+01 3.000000e+00
      vertex   9.789929e+00 8.553204e+00 3.000000e+00
      vertex   9.237642e+00 1.283439e+01 3.000000e+00
    endloop
  endfacet
  facet normal 0.000000e+00 0.000000e+00 1.000000e+00
    outer loop
      vertex   9.237642e+00 1.283439e+01 3.000000e+00
      vertex   9.789929e+00 8.553204e+00 3.000000e+00
      vertex   1.051722e+01 7.641208e+00 3.000000e+00
    endloop
  endfacet
  facet normal -0.000000e+00 0.000000e+00 1.000000e+00
    outer loop
      vertex   9.237642e+00 1.283439e+01 3.000000e+00
      vertex   1.051722e+01 7.641208e+00 3.000000e+00
      vertex   9.337383e+00 1.322286e+01 3.000000e+00
    endloop
  endfacet
  facet normal 0.000000e+00 0.000000e+00 1.000000e+00
    outer loop
      vertex   9.337383e+00 1.322286e+01 3.000000e+00
      vertex   1.051722e+01 7.641208e+00 3.000000e+00
      vertex   1.115983e+01 6.667691e+00 3.000000e+00
    endloop
  endfacet
  facet normal 0.000000e+00 -0.000000e+00 1.000000e+00
    outer loop
      vertex   6.200267e+00 1.382130e+01 3.000000e+00
      vertex   6.347909e+00 1.419420e+01 3.000000e+00
      vertex   4.017221e+00 1.236373e+01 3.000000e+00
    endloop
  endfacet
  facet normal 0.000000e+00 -0.000000e+00 1.000000e+00
    outer loop
      vertex   4.017221e+00 1.236373e+01 3.000000e+00
      vertex   6.347909e+00 1.419420e+01 3.000000e+00
      vertex   2.892772e+00 1.267406e+01 3.000000e+00
    endloop
  endfacet
  facet normal 0.000000e+00 0.000000e+00 1.000000e+00
    outer loop
      vertex   2.892772e+00 1.267406e+01 3.000000e+00
      vertex   6.347909e+00 1.419420e+01 3.000000e+00
      vertex   6.583650e+00 1.451867e+01 3.000000e+00
    endloop
  endfacet
  facet normal 0.000000e+00 -0.000000e+00 1.000000e+00
    outer loop
      vertex   2.892772e+00 1.267406e+01 3.000000e+00
      vertex   6.583650e+00 1.451867e+01 3.000000e+00
      vertex   1.745032e+00 1.288235e+01 3.000000e+00
    endloop
  endfacet
  facet normal 0.000000e+00 0.000000e+00 1.000000e+00
    outer loop
      vertex   1.745032e+00 1.288235e+01 3.000000e+00
      vertex   6.583650e+00 1.451867e+01 3.000000e+00
      vertex   6.892677e+00 1.477432e+01 3.000000e+00
    endloop
  endfacet
  facet normal 0.000000e+00 -0.000000e+00 1.000000e+00
    outer loop
      vertex   1.745032e+00 1.288235e+01 3.000000e+00
      vertex   6.892677e+00 1.477432e+01 3.000000e+00
      vertex   5.832428e-01 1.298691e+01 3.000000e+00
    endloop
  endfacet
  facet normal 0.000000e+00 -0.000000e+00 1.000000e+00
    outer loop
      vertex   5.832428e-01 1.298691e+01 3.000000e+00
      vertex   6.892677e+00 1.477432e+01 3.000000e+00
      vertex   -5.832428e-01 1.298691e+01 3.000000e+00
    endloop
  endfacet
  facet normal 4.541011e-17 1.397579e-16 1.000000e+00
    outer loop
      vertex   8.049810e+00 1.499505e+01 3.000000e+00
      vertex   8.431247e+00 1.487112e+01 3.000000e+00
      vertex   2.000000e+01 2.700000e+01 3.000000e+00
    endloop
  endfacet
  facet normal 7.237246e-17 1.140407e-16 1.000000e+00
    outer loop
      vertex   2.000000e+01 2.700000e+01 3.000000e+00
      vertex   8.431247e+00 1.487112e+01 3.000000e+00
      vertex   8.769878e+00 1.465621e+01 3.000000e+00
    endloop
  endfacet
  facet normal 9.729535e-17 9.136641e-17 1.000000e+00
    outer loop
      vertex   2.000000e+01 2.700000e+01 3.000000e+00
      vertex   8.769878e+00 1.465621e+01 3.000000e+00
      vertex   9.044427e+00 1.436385e+01 3.000000e+00
    endloop
  endfacet
  facet normal 1.240309e-16 6.818659e-17 1.000000e+00
    outer loop
      vertex   9.044427e+00 1.436385e+01 3.000000e+00
      vertex   9.237642e+00 1.401239e+01 3.000000e+00
      vertex   2.000000e+01 2.700000e+01 3.000000e+00
    endloop
  endfacet
  facet normal 1.575119e-16 4.044217e-17 1.000000e+00
    outer loop
      vertex   2.000000e+01 2.700000e+01 3.000000e+00
      vertex   9.237642e+00 1.401239e+01 3.000000e+00
      vertex   9.337383e+00 1.362393e+01 3.000000e+00
    endloop
  endfacet
  facet normal 0.000000e+00 0.000000e+00 1.000000e+00
    outer loop
      vertex   -9.789929e+00 -8.553204e+00 3.000000e+00
      vertex   -9.135050e+00 -1.266241e+01 3.000000e+00
      vertex   -8.983815e+00 -9.396333e+00 3.000000e+00
    endloop
  endfacet
  facet normal 0.000000e+00 0.000000e+00 1.000000e+00
    outer loop
      vertex   -8.983815e+00 -9.396333e+00 3.000000e+00
      vertex   -9.135050e+00 -1.266241e+01 3.000000e+00
      vertex   -8.899309e+00 -1.233794e+01 3.000000e+00
    endloop
  endfacet
  facet normal 0.000000e+00 0.000000e+00 1.000000e+00
    outer loop
      vertex   -8.983815e+00 -9.396333e+00 3.000000e+00
      vertex   -8.899309e+00 -1.233794e+01 3.000000e+00
      vertex   -8.590282e+00 -1.208229e+01 3.000000e+00
    endloop
  endfacet
  facet normal 0.000000e+00 0.000000e+00 1.000000e+00
    outer loop
      vertex   -8.983815e+00 -9.396333e+00 3.000000e+00
      vertex   -8.590282e+00 -1.208229e+01 3.000000e+00
      vertex   -8.105368e+00 -1.016381e+01 3.000000e+00
    endloop
  endfacet
  facet normal 0.000000e+00 0.000000e+00 1.000000e+00
    outer loop
      vertex   -8.105368e+00 -1.016381e+01 3.000000e+00
      vertex   -8.590282e+00 -1.208229e+01 3.000000e+00
      vertex   -8.227386e+00 -1.191153e+01 3.000000e+00
    endloop
  endfacet
  facet normal 0.000000e+00 0.000000e+00 1.000000e+00
    outer loop
      vertex   -8.105368e+00 -1.016381e+01 3.000000e+00
      vertex   -8.227386e+00 -1.191153e+01 3.000000e+00
      vertex   -7.833424e+00 -1.183638e+01 3.000000e+00
    endloop
  endfacet
  facet normal 0.000000e+00 0.000000e+00 1.000000e+00
    outer loop
      vertex   -8.105368e+00 -1.016381e+01 3.000000e+00
      vertex   -7.833424e+00 -1.183638e+01 3.000000e+00
      vertex   -7.161661e+00 -1.084945e+01 3.000000e+00
    endloop
  endfacet
  facet normal 0.000000e+00 0.000000e+00 1.000000e+00
    outer loop
      vertex   -7.161661e+00 -1.084945e+01 3.000000e+00
      vertex   -7.833424e+00 -1.183638e+01 3.000000e+00
      vertex   -7.433149e+00 -1.186156e+01 3.000000e+00
    endloop
  endfacet
  facet normal 0.000000e+00 0.000000e+00 1.000000e+00
    outer loop
      vertex   -7.161661e+00 -1.084945e+01 3.000000e+00
      vertex   -7.433149e+00 -1.186156e+01 3.000000e+00
      vertex   -7.051712e+00 -1.198549e+01 3.000000e+00
    endloop
  endfacet
  facet normal 0.000000e+00 0.000000e+00 1.000000e+00
    outer loop
      vertex   -7.161661e+00 -1.084945e+01 3.000000e+00
      vertex   -7.051712e+00 -1.198549e+01 3.000000e+00
      vertex   -6.160293e+00 -1.144774e+01 3.000000e+00
    endloop
  endfacet
  facet normal 0.000000e+00 0.000000e+00 1.000000e+00
    outer loop
      vertex   -6.160293e+00 -1.144774e+01 3.000000e+00
      vertex   -7.051712e+00 -1.198549e+01 3.000000e+00
      vertex   -6.713081e+00 -1.220040e+01 3.000000e+00
    endloop
  endfacet
  facet normal 0.000000e+00 0.000000e+00 1.000000e+00
    outer loop
      vertex   -6.160293e+00 -1.144774e+01 3.000000e+00
      vertex   -6.713081e+00 -1.220040e+01 3.000000e+00
      vertex   -6.438532e+00 -1.249276e+01 3.000000e+00
    endloop
  endfacet
  facet normal 0.000000e+00 0.000000e+00 1.000000e+00
    outer loop
      vertex   -6.160293e+00 -1.144774e+01 3.000000e+00
      vertex   -6.438532e+00 -1.249276e+01 3.000000e+00
      vertex   -5.109325e+00 -1.195386e+01 3.000000e+00
    endloop
  endfacet
  facet normal 0.000000e+00 0.000000e+00 1.000000e+00
    outer loop
      vertex   -5.109325e+00 -1.195386e+01 3.000000e+00
      vertex   -6.438532e+00 -1.249276e+01 3.000000e+00
      vertex   -6.245317e+00 -1.284422e+01 3.000000e+00
    endloop
  endfacet
  facet normal 0.000000e+00 0.000000e+00 1.000000e+00
    outer loop
      vertex   -5.109325e+00 -1.195386e+01 3.000000e+00
      vertex   -6.245317e+00 -1.284422e+01 3.000000e+00
      vertex   -6.145575e+00 -1.323268e+01 3.000000e+00
    endloop
  endfacet
  facet normal 0.000000e+00 0.000000e+00 1.000000e+00
    outer loop
      vertex   -5.109325e+00 -1.195386e+01 3.000000e+00
      vertex   -6.145575e+00 -1.323268e+01 3.000000e+00
      vertex   -4.017221e+00 -1.236373e+01 3.000000e+00
    endloop
  endfacet
  facet normal 0.000000e+00 0.000000e+00 1.000000e+00
    outer loop
      vertex   -4.017221e+00 -1.236373e+01 3.000000e+00
      vertex   -6.145575e+00 -1.323268e+01 3.000000e+00
      vertex   -6.145575e+00 -1.363375e+01 3.000000e+00
    endloop
  endfacet
  facet normal 0.000000e+00 0.000000e+00 1.000000e+00
    outer loop
      vertex   -4.017221e+00 -1.236373e+01 3.000000e+00
      vertex   -6.145575e+00 -1.363375e+01 3.000000e+00
      vertex   -6.245317e+00 -1.402222e+01 3.000000e+00
    endloop
  endfacet
  facet normal 0.000000e+00 0.000000e+00 1.000000e+00
    outer loop
      vertex   -1.217105e+01 -4.567873e+00 3.000000e+00
      vertex   -1.253152e+01 -3.458479e+00 3.000000e+00
      vertex   -1.560046e+01 -1.596843e+00 3.000000e+00
    endloop
  endfacet
  facet normal -1.000000e+00 0.000000e+00 5.843593e-09
    outer loop
      vertex   -2.000000e+01 2.400000e+01 -5.100000e+01
      vertex   -2.000000e+01 2.400000e+01 0.000000e+00
      vertex   -2.000000e+01 2.700000e+01 -5.100000e+01
    endloop
  endfacet
  facet normal -1.000000e+00 -9.934107e-08 0.000000e+00
    outer loop
      vertex   -2.000000e+01 2.700000e+01 -5.100000e+01
      vertex   -2.000000e+01 2.400000e+01 0.000000e+00
      vertex   -2.000000e+01 2.700000e+01 3.000000e+00
    endloop
  endfacet
  facet normal -1.000000e+00 -1.103790e-08 -8.830318e-08
    outer loop
      vertex   -2.000000e+01 2.700000e+01 3.000000e+00
      vertex   -2.000000e+01 2.400000e+01 0.000000e+00
      vertex   -2.000000e+01 0.000000e+00 3.000000e+00
    endloop
  endfacet
  facet normal -1.000000e+00 0.000000e+00 0.000000e+00
    outer loop
      vertex   -2.000000e+01 0.000000e+00 3.000000e+00
      vertex   -2.000000e+01 2.400000e+01 0.000000e+00
      vertex   -2.000000e+01 0.000000e+00 0.000000e+00
    endloop
  endfacet
  facet normal -9.937122e-01 0.000000e+00 1.119645e-01
    outer loop
      vertex   -1.295265e+01 2.700000e+01 -5.467294e+00
      vertex   -1.295265e+01 2.400000e+01 -5.467294e+00
      vertex   -1.290000e+01 2.700000e+01 -5.000000e+00
    endloop
  endfacet
  facet normal -9.937122e-01 0.000000e+00 1.119645e-01
    outer loop
      vertex   -1.290000e+01 2.700000e+01 -5.000000e+00
      vertex   -1.295265e+01 2.400000e+01 -5.467294e+00
      vertex   -1.290000e+01 2.400000e+01 -5.000000e+00
    endloop
  endfacet
  facet normal -9.937122e-01 -0.000000e+00 -1.119645e-01
    outer loop
      vertex   -1.290000e+01 2.700000e+01 -5.000000e+00
      vertex   -1.290000e+01 2.400000e+01 -5.000000e+00
      vertex   -1.295265e+01 2.700000e+01 -4.532706e+00
    endloop
  endfacet
  facet normal -9.937122e-01 -0.000000e+00 -1.119645e-01
    outer loop
      vertex   -1.295265e+01 2.700000e+01 -4.532706e+00
      vertex   -1.290000e+01 2.400000e+01 -5.000000e+00
      vertex   -1.295265e+01 2.400000e+01 -4.532706e+00
    endloop
  endfacet
  facet normal -9.438833e-01 -0.000000e+00 -3.302791e-01
    outer loop
      vertex   -1.295265e+01 2.700000e+01 -4.532706e+00
      vertex   -1.295265e+01 2.400000e+01 -4.532706e+00
      vertex   -1.310797e+01 2.700000e+01 -4.088844e+00
    endloop
  endfacet
  facet normal -9.438833e-01 -0.000000e+00 -3.302791e-01
    outer loop
      vertex   -1.310797e+01 2.700000e+01 -4.088844e+00
      vertex   -1.295265e+01 2.400000e+01 -4.532706e+00
      vertex   -1.310797e+01 2.400000e+01 -4.088844e+00
    endloop
  endfacet
  facet normal -8.467242e-01 -0.000000e+00 -5.320321e-01
    outer loop
      vertex   -1.310797e+01 2.700000e+01 -4.088844e+00
      vertex   -1.310797e+01 2.400000e+01 -4.088844e+00
      vertex   -1.335815e+01 2.700000e+01 -3.690671e+00
    endloop
  endfacet
  facet normal -8.467242e-01 -0.000000e+00 -5.320321e-01
    outer loop
      vertex   -1.335815e+01 2.700000e+01 -3.690671e+00
      vertex   -1.310797e+01 2.400000e+01 -4.088844e+00
      vertex   -1.335815e+01 2.400000e+01 -3.690671e+00
    endloop
  endfacet
  facet normal -7.071068e-01 -0.000000e+00 -7.071068e-01
    outer loop
      vertex   -1.335815e+01 2.700000e+01 -3.690671e+00
      vertex   -1.335815e+01 2.400000e+01 -3.690671e+00
      vertex   -1.369067e+01 2.700000e+01 -3.358154e+00
    endloop
  endfacet
  facet normal -7.071068e-01 -0.000000e+00 -7.071068e-01
    outer loop
      vertex   -1.369067e+01 2.700000e+01 -3.358154e+00
      vertex   -1.335815e+01 2.400000e+01 -3.690671e+00
      vertex   -1.369067e+01 2.400000e+01 -3.358154e+00
    endloop
  endfacet
  facet normal -5.320321e-01 -0.000000e+00 -8.467242e-01
    outer loop
      vertex   -1.369067e+01 2.700000e+01 -3.358154e+00
      vertex   -1.369067e+01 2.400000e+01 -3.358154e+00
      vertex   -1.408884e+01 2.700000e+01 -3.107965e+00
    endloop
  endfacet
  facet normal -5.320321e-01 -0.000000e+00 -8.467242e-01
    outer loop
      vertex   -1.408884e+01 2.700000e+01 -3.107965e+00
      vertex   -1.369067e+01 2.400000e+01 -3.358154e+00
      vertex   -1.408884e+01 2.400000e+01 -3.107965e+00
    endloop
  endfacet
  facet normal -3.302791e-01 -0.000000e+00 -9.438833e-01
    outer loop
      vertex   -1.408884e+01 2.700000e+01 -3.107965e+00
      vertex   -1.408884e+01 2.400000e+01 -3.107965e+00
      vertex   -1.453271e+01 2.700000e+01 -2.952651e+00
    endloop
  endfacet
  facet normal -3.302791e-01 -0.000000e+00 -9.438833e-01
    outer loop
      vertex   -1.453271e+01 2.700000e+01 -2.952651e+00
      vertex   -1.408884e+01 2.400000e+01 -3.107965e+00
      vertex   -1.453271e+01 2.400000e+01 -2.952651e+00
    endloop
  endfacet
  facet normal -1.119645e-01 -0.000000e+00 -9.937122e-01
    outer loop
      vertex   -1.453271e+01 2.700000e+01 -2.952651e+00
      vertex   -1.453271e+01 2.400000e+01 -2.952651e+00
      vertex   -1.500000e+01 2.700000e+01 -2.900000e+00
    endloop
  endfacet
  facet normal -1.119645e-01 -0.000000e+00 -9.937122e-01
    outer loop
      vertex   -1.500000e+01 2.700000e+01 -2.900000e+00
      vertex   -1.453271e+01 2.400000e+01 -2.952651e+00
      vertex   -1.500000e+01 2.400000e+01 -2.900000e+00
    endloop
  endfacet
  facet normal 1.119645e-01 0.000000e+00 -9.937122e-01
    outer loop
      vertex   -1.500000e+01 2.700000e+01 -2.900000e+00
      vertex   -1.500000e+01 2.400000e+01 -2.900000e+00
      vertex   -1.546729e+01 2.700000e+01 -2.952651e+00
    endloop
  endfacet
  facet normal 1.119645e-01 0.000000e+00 -9.937122e-01
    outer loop
      vertex   -1.546729e+01 2.700000e+01 -2.952651e+00
      vertex   -1.500000e+01 2.400000e+01 -2.900000e+00
      vertex   -1.546729e+01 2.400000e+01 -2.952651e+00
    endloop
  endfacet
  facet normal 3.302791e-01 0.000000e+00 -9.438833e-01
    outer loop
      vertex   -1.546729e+01 2.700000e+01 -2.952651e+00
      vertex   -1.546729e+01 2.400000e+01 -2.952651e+00
      vertex   -1.591116e+01 2.700000e+01 -3.107965e+00
    endloop
  endfacet
  facet normal 3.302791e-01 0.000000e+00 -9.438833e-01
    outer loop
      vertex   -1.591116e+01 2.700000e+01 -3.107965e+00
      vertex   -1.546729e+01 2.400000e+01 -2.952651e+00
      vertex   -1.591116e+01 2.400000e+01 -3.107965e+00
    endloop
  endfacet
  facet normal 5.320321e-01 0.000000e+00 -8.467242e-01
    outer loop
      vertex   -1.591116e+01 2.700000e+01 -3.107965e+00
      vertex   -1.591116e+01 2.400000e+01 -3.107965e+00
      vertex   -1.630933e+01 2.700000e+01 -3.358154e+00
    endloop
  endfacet
  facet normal 5.320321e-01 0.000000e+00 -8.467242e-01
    outer loop
      vertex   -1.630933e+01 2.700000e+01 -3.358154e+00
      vertex   -1.591116e+01 2.400000e+01 -3.107965e+00
      vertex   -1.630933e+01 2.400000e+01 -3.358154e+00
    endloop
  endfacet
  facet normal 7.071068e-01 0.000000e+00 -7.071068e-01
    outer loop
      vertex   -1.630933e+01 2.700000e+01 -3.358154e+00
      vertex   -1.630933e+01 2.400000e+01 -3.358154e+00
      vertex   -1.664185e+01 2.700000e+01 -3.690671e+00
    endloop
  endfacet
  facet normal 7.071068e-01 0.000000e+00 -7.071068e-01
    outer loop
      vertex   -1.664185e+01 2.700000e+01 -3.690671e+00
      vertex   -1.630933e+01 2.400000e+01 -3.358154e+00
      vertex   -1.664185e+01 2.400000e+01 -3.690671e+00
    endloop
  endfacet
  facet normal 8.467242e-01 0.000000e+00 -5.320321e-01
    outer loop
      vertex   -1.664185e+01 2.700000e+01 -3.690671e+00
      vertex   -1.664185e+01 2.400000e+01 -3.690671e+00
      vertex   -1.689203e+01 2.700000e+01 -4.088844e+00
    endloop
  endfacet
  facet normal 8.467242e-01 0.000000e+00 -5.320321e-01
    outer loop
      vertex   -1.689203e+01 2.700000e+01 -4.088844e+00
      vertex   -1.664185e+01 2.400000e+01 -3.690671e+00
      vertex   -1.689203e+01 2.400000e+01 -4.088844e+00
    endloop
  endfacet
  facet normal 9.438833e-01 0.000000e+00 -3.302791e-01
    outer loop
      vertex   -1.689203e+01 2.700000e+01 -4.088844e+00
      vertex   -1.689203e+01 2.400000e+01 -4.088844e+00
      vertex   -1.704735e+01 2.700000e+01 -4.532706e+00
    endloop
  endfacet
  facet normal 9.438833e-01 0.000000e+00 -3.302791e-01
    outer loop
      vertex   -1.704735e+01 2.700000e+01 -4.532706e+00
      vertex   -1.689203e+01 2.400000e+01 -4.088844e+00
      vertex   -1.704735e+01 2.400000e+01 -4.532706e+00
    endloop
  endfacet
  facet normal 9.937122e-01 0.000000e+00 -1.119645e-01
    outer loop
      vertex   -1.704735e+01 2.700000e+01 -4.532706e+00
      vertex   -1.704735e+01 2.400000e+01 -4.532706e+00
      vertex   -1.710000e+01 2.700000e+01 -5.000000e+00
    endloop
  endfacet
  facet normal 9.937122e-01 0.000000e+00 -1.119645e-01
    outer loop
      vertex   -1.710000e+01 2.700000e+01 -5.000000e+00
      vertex   -1.704735e+01 2.400000e+01 -4.532706e+00
      vertex   -1.710000e+01 2.400000e+01 -5.000000e+00
    endloop
  endfacet
  facet normal 9.937122e-01 0.000000e+00 1.119645e-01
    outer loop
      vertex   -1.710000e+01 2.700000e+01 -5.000000e+00
      vertex   -1.710000e+01 2.400000e+01 -5.000000e+00
      vertex   -1.704735e+01 2.700000e+01 -5.467294e+00
    endloop
  endfacet
  facet normal 9.937122e-01 0.000000e+00 1.119645e-01
    outer loop
      vertex   -1.704735e+01 2.700000e+01 -5.467294e+00
      vertex   -1.710000e+01 2.400000e+01 -5.000000e+00
      vertex   -1.704735e+01 2.400000e+01 -5.467294e+00
    endloop
  endfacet
  facet normal 9.438833e-01 0.000000e+00 3.302791e-01
    outer loop
      vertex   -1.704735e+01 2.700000e+01 -5.467294e+00
      vertex   -1.704735e+01 2.400000e+01 -5.467294e+00
      vertex   -1.689203e+01 2.700000e+01 -5.911156e+00
    endloop
  endfacet
  facet normal 9.438833e-01 0.000000e+00 3.302791e-01
    outer loop
      vertex   -1.689203e+01 2.700000e+01 -5.911156e+00
      vertex   -1.704735e+01 2.400000e+01 -5.467294e+00
      vertex   -1.689203e+01 2.400000e+01 -5.911156e+00
    endloop
  endfacet
  facet normal 8.467242e-01 0.000000e+00 5.320321e-01
    outer loop
      vertex   -1.689203e+01 2.700000e+01 -5.911156e+00
      vertex   -1.689203e+01 2.400000e+01 -5.911156e+00
      vertex   -1.664185e+01 2.700000e+01 -6.309329e+00
    endloop
  endfacet
  facet normal 8.467242e-01 0.000000e+00 5.320321e-01
    outer loop
      vertex   -1.664185e+01 2.700000e+01 -6.309329e+00
      vertex   -1.689203e+01 2.400000e+01 -5.911156e+00
      vertex   -1.664185e+01 2.400000e+01 -6.309329e+00
    endloop
  endfacet
  facet normal 7.071068e-01 0.000000e+00 7.071068e-01
    outer loop
      vertex   -1.664185e+01 2.700000e+01 -6.309329e+00
      vertex   -1.664185e+01 2.400000e+01 -6.309329e+00
      vertex   -1.630933e+01 2.700000e+01 -6.641846e+00
    endloop
  endfacet
  facet normal 7.071068e-01 0.000000e+00 7.071068e-01
    outer loop
      vertex   -1.630933e+01 2.700000e+01 -6.641846e+00
      vertex   -1.664185e+01 2.400000e+01 -6.309329e+00
      vertex   -1.630933e+01 2.400000e+01 -6.641846e+00
    endloop
  endfacet
  facet normal 5.320321e-01 0.000000e+00 8.467242e-01
    outer loop
      vertex   -1.630933e+01 2.700000e+01 -6.641846e+00
      vertex   -1.630933e+01 2.400000e+01 -6.641846e+00
      vertex   -1.591116e+01 2.700000e+01 -6.892035e+00
    endloop
  endfacet
  facet normal 5.320321e-01 0.000000e+00 8.467242e-01
    outer loop
      vertex   -1.591116e+01 2.700000e+01 -6.892035e+00
      vertex   -1.630933e+01 2.400000e+01 -6.641846e+00
      vertex   -1.591116e+01 2.400000e+01 -6.892035e+00
    endloop
  endfacet
  facet normal 3.302791e-01 0.000000e+00 9.438833e-01
    outer loop
      vertex   -1.591116e+01 2.700000e+01 -6.892035e+00
      vertex   -1.591116e+01 2.400000e+01 -6.892035e+00
      vertex   -1.546729e+01 2.700000e+01 -7.047349e+00
    endloop
  endfacet
  facet normal 3.302791e-01 0.000000e+00 9.438833e-01
    outer loop
      vertex   -1.546729e+01 2.700000e+01 -7.047349e+00
      vertex   -1.591116e+01 2.400000e+01 -6.892035e+00
      vertex   -1.546729e+01 2.400000e+01 -7.047349e+00
    endloop
  endfacet
  facet normal 1.119645e-01 0.000000e+00 9.937122e-01
    outer loop
      vertex   -1.546729e+01 2.700000e+01 -7.047349e+00
      vertex   -1.546729e+01 2.400000e+01 -7.047349e+00
      vertex   -1.500000e+01 2.700000e+01 -7.100000e+00
    endloop
  endfacet
  facet normal 1.119645e-01 0.000000e+00 9.937122e-01
    outer loop
      vertex   -1.500000e+01 2.700000e+01 -7.100000e+00
      vertex   -1.546729e+01 2.400000e+01 -7.047349e+00
      vertex   -1.500000e+01 2.400000e+01 -7.100000e+00
    endloop
  endfacet
  facet normal -1.119645e-01 0.000000e+00 9.937122e-01
    outer loop
      vertex   -1.500000e+01 2.700000e+01 -7.100000e+00
      vertex   -1.500000e+01 2.400000e+01 -7.100000e+00
      vertex   -1.453271e+01 2.700000e+01 -7.047349e+00
    endloop
  endfacet
  facet normal -1.119645e-01 0.000000e+00 9.937122e-01
    outer loop
      vertex   -1.453271e+01 2.700000e+01 -7.047349e+00
      vertex   -1.500000e+01 2.400000e+01 -7.100000e+00
      vertex   -1.453271e+01 2.400000e+01 -7.047349e+00
    endloop
  endfacet
  facet normal -3.302791e-01 0.000000e+00 9.438833e-01
    outer loop
      vertex   -1.453271e+01 2.700000e+01 -7.047349e+00
      vertex   -1.453271e+01 2.400000e+01 -7.047349e+00
      vertex   -1.408884e+01 2.700000e+01 -6.892035e+00
    endloop
  endfacet
  facet normal -3.302791e-01 0.000000e+00 9.438833e-01
    outer loop
      vertex   -1.408884e+01 2.700000e+01 -6.892035e+00
      vertex   -1.453271e+01 2.400000e+01 -7.047349e+00
      vertex   -1.408884e+01 2.400000e+01 -6.892035e+00
    endloop
  endfacet
  facet normal -5.320321e-01 0.000000e+00 8.467242e-01
    outer loop
      vertex   -1.408884e+01 2.700000e+01 -6.892035e+00
      vertex   -1.408884e+01 2.400000e+01 -6.892035e+00
      vertex   -1.369067e+01 2.700000e+01 -6.641846e+00
    endloop
  endfacet
  facet normal -5.320321e-01 0.000000e+00 8.467242e-01
    outer loop
      vertex   -1.369067e+01 2.700000e+01 -6.641846e+00
      vertex   -1.408884e+01 2.400000e+01 -6.892035e+00
      vertex   -1.369067e+01 2.400000e+01 -6.641846e+00
    endloop
  endfacet
  facet normal -7.071068e-01 0.000000e+00 7.071068e-01
    outer loop
      vertex   -1.369067e+01 2.700000e+01 -6.641846e+00
      vertex   -1.369067e+01 2.400000e+01 -6.641846e+00
      vertex   -1.335815e+01 2.700000e+01 -6.309329e+00
    endloop
  endfacet
  facet normal -7.071068e-01 0.000000e+00 7.071068e-01
    outer loop
      vertex   -1.335815e+01 2.700000e+01 -6.309329e+00
      vertex   -1.369067e+01 2.400000e+01 -6.641846e+00
      vertex   -1.335815e+01 2.400000e+01 -6.309329e+00
    endloop
  endfacet
  facet normal -8.467242e-01 0.000000e+00 5.320321e-01
    outer loop
      vertex   -1.335815e+01 2.700000e+01 -6.309329e+00
      vertex   -1.335815e+01 2.400000e+01 -6.309329e+00
      vertex   -1.310797e+01 2.700000e+01 -5.911156e+00
    endloop
  endfacet
  facet normal -8.467242e-01 0.000000e+00 5.320321e-01
    outer loop
      vertex   -1.310797e+01 2.700000e+01 -5.911156e+00
      vertex   -1.335815e+01 2.400000e+01 -6.309329e+00
      vertex   -1.310797e+01 2.400000e+01 -5.911156e+00
    endloop
  endfacet
  facet normal -9.438833e-01 0.000000e+00 3.302791e-01
    outer loop
      vertex   -1.310797e+01 2.700000e+01 -5.911156e+00
      vertex   -1.310797e+01 2.400000e+01 -5.911156e+00
      vertex   -1.295265e+01 2.700000e+01 -5.467294e+00
    endloop
  endfacet
  facet normal -9.438833e-01 0.000000e+00 3.302791e-01
    outer loop
      vertex   -1.295265e+01 2.700000e+01 -5.467294e+00
      vertex   -1.310797e+01 2.400000e+01 -5.911156e+00
      vertex   -1.295265e+01 2.400000e+01 -5.467294e+00
    endloop
  endfacet
  facet normal -9.937122e-01 0.000000e+00 1.119645e-01
    outer loop
      vertex   1.704735e+01 2.700000e+01 -5.046729e+01
      vertex   1.704735e+01 2.400000e+01 -5.046729e+01
      vertex   1.710000e+01 2.700000e+01 -5.000000e+01
    endloop
  endfacet
  facet normal -9.937122e-01 0.000000e+00 1.119645e-01
    outer loop
      vertex   1.710000e+01 2.700000e+01 -5.000000e+01
      vertex   1.704735e+01 2.400000e+01 -5.046729e+01
      vertex   1.710000e+01 2.400000e+01 -5.000000e+01
    endloop
  endfacet
  facet normal -9.937122e-01 -0.000000e+00 -1.119645e-01
    outer loop
      vertex   1.710000e+01 2.700000e+01 -5.000000e+01
      vertex   1.710000e+01 2.400000e+01 -5.000000e+01
      vertex   1.704735e+01 2.700000e+01 -4.953271e+01
    endloop
  endfacet
  facet normal -9.937122e-01 -0.000000e+00 -1.119645e-01
    outer loop
      vertex   1.704735e+01 2.700000e+01 -4.953271e+01
      vertex   1.710000e+01 2.400000e+01 -5.000000e+01
      vertex   1.704735e+01 2.400000e+01 -4.953271e+01
    endloop
  endfacet
  facet normal -9.438833e-01 -0.000000e+00 -3.302791e-01
    outer loop
      vertex   1.704735e+01 2.700000e+01 -4.953271e+01
      vertex   1.704735e+01 2.400000e+01 -4.953271e+01
      vertex   1.689203e+01 2.700000e+01 -4.908884e+01
    endloop
  endfacet
  facet normal -9.438833e-01 -0.000000e+00 -3.302791e-01
    outer loop
      vertex   1.689203e+01 2.700000e+01 -4.908884e+01
      vertex   1.704735e+01 2.400000e+01 -4.953271e+01
      vertex   1.689203e+01 2.400000e+01 -4.908884e+01
    endloop
  endfacet
  facet normal -8.467242e-01 -0.000000e+00 -5.320321e-01
    outer loop
      vertex   1.689203e+01 2.700000e+01 -4.908884e+01
      vertex   1.689203e+01 2.400000e+01 -4.908884e+01
      vertex   1.664185e+01 2.700000e+01 -4.869067e+01
    endloop
  endfacet
  facet normal -8.467242e-01 -0.000000e+00 -5.320321e-01
    outer loop
      vertex   1.664185e+01 2.700000e+01 -4.869067e+01
      vertex   1.689203e+01 2.400000e+01 -4.908884e+01
      vertex   1.664185e+01 2.400000e+01 -4.869067e+01
    endloop
  endfacet
  facet normal -7.071068e-01 -0.000000e+00 -7.071068e-01
    outer loop
      vertex   1.664185e+01 2.700000e+01 -4.869067e+01
      vertex   1.664185e+01 2.400000e+01 -4.869067e+01
      vertex   1.630933e+01 2.700000e+01 -4.835815e+01
    endloop
  endfacet
  facet normal -7.071068e-01 -0.000000e+00 -7.071068e-01
    outer loop
      vertex   1.630933e+01 2.700000e+01 -4.835815e+01
      vertex   1.664185e+01 2.400000e+01 -4.869067e+01
      vertex   1.630933e+01 2.400000e+01 -4.835815e+01
    endloop
  endfacet
  facet normal -5.320321e-01 -0.000000e+00 -8.467242e-01
    outer loop
      vertex   1.630933e+01 2.700000e+01 -4.835815e+01
      vertex   1.630933e+01 2.400000e+01 -4.835815e+01
      vertex   1.591116e+01 2.700000e+01 -4.810797e+01
    endloop
  endfacet
  facet normal -5.320321e-01 -0.000000e+00 -8.467242e-01
    outer loop
      vertex   1.591116e+01 2.700000e+01 -4.810797e+01
      vertex   1.630933e+01 2.400000e+01 -4.835815e+01
      vertex   1.591116e+01 2.400000e+01 -4.810797e+01
    endloop
  endfacet
  facet normal -3.302791e-01 -0.000000e+00 -9.438833e-01
    outer loop
      vertex   1.591116e+01 2.700000e+01 -4.810797e+01
      vertex   1.591116e+01 2.400000e+01 -4.810797e+01
      vertex   1.546729e+01 2.700000e+01 -4.795265e+01
    endloop
  endfacet
  facet normal -3.302791e-01 -0.000000e+00 -9.438833e-01
    outer loop
      vertex   1.546729e+01 2.700000e+01 -4.795265e+01
      vertex   1.591116e+01 2.400000e+01 -4.810797e+01
      vertex   1.546729e+01 2.400000e+01 -4.795265e+01
    endloop
  endfacet
  facet normal -1.119645e-01 -0.000000e+00 -9.937122e-01
    outer loop
      vertex   1.546729e+01 2.700000e+01 -4.795265e+01
      vertex   1.546729e+01 2.400000e+01 -4.795265e+01
      vertex   1.500000e+01 2.700000e+01 -4.790000e+01
    endloop
  endfacet
  facet normal -1.119645e-01 -0.000000e+00 -9.937122e-01
    outer loop
      vertex   1.500000e+01 2.700000e+01 -4.790000e+01
      vertex   1.546729e+01 2.400000e+01 -4.795265e+01
      vertex   1.500000e+01 2.400000e+01 -4.790000e+01
    endloop
  endfacet
  facet normal 1.119645e-01 0.000000e+00 -9.937122e-01
    outer loop
      vertex   1.500000e+01 2.700000e+01 -4.790000e+01
      vertex   1.500000e+01 2.400000e+01 -4.790000e+01
      vertex   1.453271e+01 2.700000e+01 -4.795265e+01
    endloop
  endfacet
  facet normal 1.119645e-01 0.000000e+00 -9.937122e-01
    outer loop
      vertex   1.453271e+01 2.700000e+01 -4.795265e+01
      vertex   1.500000e+01 2.400000e+01 -4.790000e+01
      vertex   1.453271e+01 2.400000e+01 -4.795265e+01
    endloop
  endfacet
  facet normal 3.302791e-01 0.000000e+00 -9.438833e-01
    outer loop
      vertex   1.453271e+01 2.700000e+01 -4.795265e+01
      vertex   1.453271e+01 2.400000e+01 -4.795265e+01
      vertex   1.408884e+01 2.700000e+01 -4.810797e+01
    endloop
  endfacet
  facet normal 3.302791e-01 0.000000e+00 -9.438833e-01
    outer loop
      vertex   1.408884e+01 2.700000e+01 -4.810797e+01
      vertex   1.453271e+01 2.400000e+01 -4.795265e+01
      vertex   1.408884e+01 2.400000e+01 -4.810797e+01
    endloop
  endfacet
  facet normal 5.320321e-01 0.000000e+00 -8.467242e-01
    outer loop
      vertex   1.408884e+01 2.700000e+01 -4.810797e+01
      vertex   1.408884e+01 2.400000e+01 -4.810797e+01
      vertex   1.369067e+01 2.700000e+01 -4.835815e+01
    endloop
  endfacet
  facet normal 5.320321e-01 0.000000e+00 -8.467242e-01
    outer loop
      vertex   1.369067e+01 2.700000e+01 -4.835815e+01
      vertex   1.408884e+01 2.400000e+01 -4.810797e+01
      vertex   1.369067e+01 2.400000e+01 -4.835815e+01
    endloop
  endfacet
  facet normal 7.071068e-01 0.000000e+00 -7.071068e-01
    outer loop
      vertex   1.369067e+01 2.700000e+01 -4.835815e+01
      vertex   1.369067e+01 2.400000e+01 -4.835815e+01
      vertex   1.335815e+01 2.700000e+01 -4.869067e+01
    endloop
  endfacet
  facet normal 7.071068e-01 0.000000e+00 -7.071068e-01
    outer loop
      vertex   1.335815e+01 2.700000e+01 -4.869067e+01
      vertex   1.369067e+01 2.400000e+01 -4.835815e+01
      vertex   1.335815e+01 2.400000e+01 -4.869067e+01
    endloop
  endfacet
  facet normal 8.467242e-01 0.000000e+00 -5.320321e-01
    outer loop
      vertex   1.335815e+01 2.700000e+01 -4.869067e+01
      vertex   1.335815e+01 2.400000e+01 -4.869067e+01
      vertex   1.310797e+01 2.700000e+01 -4.908884e+01
    endloop
  endfacet
  facet normal 8.467242e-01 0.000000e+00 -5.320321e-01
    outer loop
      vertex   1.310797e+01 2.700000e+01 -4.908884e+01
      vertex   1.335815e+01 2.400000e+01 -4.869067e+01
      vertex   1.310797e+01 2.400000e+01 -4.908884e+01
    endloop
  endfacet
  facet normal 9.438833e-01 0.000000e+00 -3.302791e-01
    outer loop
      vertex   1.310797e+01 2.700000e+01 -4.908884e+01
      vertex   1.310797e+01 2.400000e+01 -4.908884e+01
      vertex   1.295265e+01 2.700000e+01 -4.953271e+01
    endloop
  endfacet
  facet normal 9.438833e-01 0.000000e+00 -3.302791e-01
    outer loop
      vertex   1.295265e+01 2.700000e+01 -4.953271e+01
      vertex   1.310797e+01 2.400000e+01 -4.908884e+01
      vertex   1.295265e+01 2.400000e+01 -4.953271e+01
    endloop
  endfacet
  facet normal 9.937122e-01 0.000000e+00 -1.119645e-01
    outer loop
      vertex   1.295265e+01 2.700000e+01 -4.953271e+01
      vertex   1.295265e+01 2.400000e+01 -4.953271e+01
      vertex   1.290000e+01 2.700000e+01 -5.000000e+01
    endloop
  endfacet
  facet normal 9.937122e-01 0.000000e+00 -1.119645e-01
    outer loop
      vertex   1.290000e+01 2.700000e+01 -5.000000e+01
      vertex   1.295265e+01 2.400000e+01 -4.953271e+01
      vertex   1.290000e+01 2.400000e+01 -5.000000e+01
    endloop
  endfacet
  facet normal 9.937122e-01 0.000000e+00 1.119645e-01
    outer loop
      vertex   1.290000e+01 2.700000e+01 -5.000000e+01
      vertex   1.290000e+01 2.400000e+01 -5.000000e+01
      vertex   1.295265e+01 2.700000e+01 -5.046729e+01
    endloop
  endfacet
  facet normal 9.937122e-01 0.000000e+00 1.119645e-01
    outer loop
      vertex   1.295265e+01 2.700000e+01 -5.046729e+01
      vertex   1.290000e+01 2.400000e+01 -5.000000e+01
      vertex   1.295265e+01 2.400000e+01 -5.046729e+01
    endloop
  endfacet
  facet normal 9.438833e-01 0.000000e+00 3.302791e-01
    outer loop
      vertex   1.295265e+01 2.700000e+01 -5.046729e+01
      vertex   1.295265e+01 2.400000e+01 -5.046729e+01
      vertex   1.310797e+01 2.700000e+01 -5.091116e+01
    endloop
  endfacet
  facet normal 9.438833e-01 0.000000e+00 3.302791e-01
    outer loop
      vertex   1.310797e+01 2.700000e+01 -5.091116e+01
      vertex   1.295265e+01 2.400000e+01 -5.046729e+01
      vertex   1.310797e+01 2.400000e+01 -5.091116e+01
    endloop
  endfacet
  facet normal 8.467242e-01 0.000000e+00 5.320321e-01
    outer loop
      vertex   1.310797e+01 2.700000e+01 -5.091116e+01
      vertex   1.310797e+01 2.400000e+01 -5.091116e+01
      vertex   1.335815e+01 2.700000e+01 -5.130933e+01
    endloop
  endfacet
  facet normal 8.467242e-01 0.000000e+00 5.320321e-01
    outer loop
      vertex   1.335815e+01 2.700000e+01 -5.130933e+01
      vertex   1.310797e+01 2.400000e+01 -5.091116e+01
      vertex   1.335815e+01 2.400000e+01 -5.130933e+01
    endloop
  endfacet
  facet normal 7.071068e-01 0.000000e+00 7.071068e-01
    outer loop
      vertex   1.335815e+01 2.700000e+01 -5.130933e+01
      vertex   1.335815e+01 2.400000e+01 -5.130933e+01
      vertex   1.369067e+01 2.700000e+01 -5.164185e+01
    endloop
  endfacet
  facet normal 7.071068e-01 0.000000e+00 7.071068e-01
    outer loop
      vertex   1.369067e+01 2.700000e+01 -5.164185e+01
      vertex   1.335815e+01 2.400000e+01 -5.130933e+01
      vertex   1.369067e+01 2.400000e+01 -5.164185e+01
    endloop
  endfacet
  facet normal 5.320321e-01 0.000000e+00 8.467242e-01
    outer loop
      vertex   1.369067e+01 2.700000e+01 -5.164185e+01
      vertex   1.369067e+01 2.400000e+01 -5.164185e+01
      vertex   1.408884e+01 2.700000e+01 -5.189204e+01
    endloop
  endfacet
  facet normal 5.320321e-01 0.000000e+00 8.467242e-01
    outer loop
      vertex   1.408884e+01 2.700000e+01 -5.189204e+01
      vertex   1.369067e+01 2.400000e+01 -5.164185e+01
      vertex   1.408884e+01 2.400000e+01 -5.189204e+01
    endloop
  endfacet
  facet normal 3.302791e-01 0.000000e+00 9.438833e-01
    outer loop
      vertex   1.408884e+01 2.700000e+01 -5.189204e+01
      vertex   1.408884e+01 2.400000e+01 -5.189204e+01
      vertex   1.453271e+01 2.700000e+01 -5.204735e+01
    endloop
  endfacet
  facet normal 3.302791e-01 0.000000e+00 9.438833e-01
    outer loop
      vertex   1.453271e+01 2.700000e+01 -5.204735e+01
      vertex   1.408884e+01 2.400000e+01 -5.189204e+01
      vertex   1.453271e+01 2.400000e+01 -5.204735e+01
    endloop
  endfacet
  facet normal 1.119645e-01 0.000000e+00 9.937122e-01
    outer loop
      vertex   1.453271e+01 2.700000e+01 -5.204735e+01
      vertex   1.453271e+01 2.400000e+01 -5.204735e+01
      vertex   1.500000e+01 2.700000e+01 -5.210000e+01
    endloop
  endfacet
  facet normal 1.119645e-01 0.000000e+00 9.937122e-01
    outer loop
      vertex   1.500000e+01 2.700000e+01 -5.210000e+01
      vertex   1.453271e+01 2.400000e+01 -5.204735e+01
      vertex   1.500000e+01 2.400000e+01 -5.210000e+01
    endloop
  endfacet
  facet normal -1.119645e-01 0.000000e+00 9.937122e-01
    outer loop
      vertex   1.500000e+01 2.700000e+01 -5.210000e+01
      vertex   1.500000e+01 2.400000e+01 -5.210000e+01
      vertex   1.546729e+01 2.700000e+01 -5.204735e+01
    endloop
  endfacet
  facet normal -1.119645e-01 0.000000e+00 9.937122e-01
    outer loop
      vertex   1.546729e+01 2.700000e+01 -5.204735e+01
      vertex   1.500000e+01 2.400000e+01 -5.210000e+01
      vertex   1.546729e+01 2.400000e+01 -5.204735e+01
    endloop
  endfacet
  facet normal -3.302791e-01 0.000000e+00 9.438833e-01
    outer loop
      vertex   1.546729e+01 2.700000e+01 -5.204735e+01
      vertex   1.546729e+01 2.400000e+01 -5.204735e+01
      vertex   1.591116e+01 2.700000e+01 -5.189204e+01
    endloop
  endfacet
  facet normal -3.302791e-01 0.000000e+00 9.438833e-01
    outer loop
      vertex   1.591116e+01 2.700000e+01 -5.189204e+01
      vertex   1.546729e+01 2.400000e+01 -5.204735e+01
      vertex   1.591116e+01 2.400000e+01 -5.189204e+01
    endloop
  endfacet
  facet normal -5.320321e-01 0.000000e+00 8.467242e-01
    outer loop
      vertex   1.591116e+01 2.700000e+01 -5.189204e+01
      vertex   1.591116e+01 2.400000e+01 -5.189204e+01
      vertex   1.630933e+01 2.700000e+01 -5.164185e+01
    endloop
  endfacet
  facet normal -5.320321e-01 0.000000e+00 8.467242e-01
    outer loop
      vertex   1.630933e+01 2.700000e+01 -5.164185e+01
      vertex   1.591116e+01 2.400000e+01 -5.189204e+01
      vertex   1.630933e+01 2.400000e+01 -5.164185e+01
    endloop
  endfacet
  facet normal -7.071068e-01 0.000000e+00 7.071068e-01
    outer loop
      vertex   1.630933e+01 2.700000e+01 -5.164185e+01
      vertex   1.630933e+01 2.400000e+01 -5.164185e+01
      vertex   1.664185e+01 2.700000e+01 -5.130933e+01
    endloop
  endfacet
  facet normal -7.071068e-01 0.000000e+00 7.071068e-01
    outer loop
      vertex   1.664185e+01 2.700000e+01 -5.130933e+01
      vertex   1.630933e+01 2.400000e+01 -5.164185e+01
      vertex   1.664185e+01 2.400000e+01 -5.130933e+01
    endloop
  endfacet
  facet normal -8.467242e-01 0.000000e+00 5.320321e-01
    outer loop
      vertex   1.664185e+01 2.700000e+01 -5.130933e+01
      vertex   1.664185e+01 2.400000e+01 -5.130933e+01
      vertex   1.689203e+01 2.700000e+01 -5.091116e+01
    endloop
  endfacet
  facet normal -8.467242e-01 0.000000e+00 5.320321e-01
    outer loop
      vertex   1.689203e+01 2.700000e+01 -5.091116e+01
      vertex   1.664185e+01 2.400000e+01 -5.130933e+01
      vertex   1.689203e+01 2.400000e+01 -5.091116e+01
    endloop
  endfacet
  facet normal -9.438833e-01 0.000000e+00 3.302791e-01
    outer loop
      vertex   1.689203e+01 2.700000e+01 -5.091116e+01
      vertex   1.689203e+01 2.400000e+01 -5.091116e+01
      vertex   1.704735e+01 2.700000e+01 -5.046729e+01
    endloop
  endfacet
  facet normal -9.438833e-01 0.000000e+00 3.302791e-01
    outer loop
      vertex   1.704735e+01 2.700000e+01 -5.046729e+01
      vertex   1.689203e+01 2.400000e+01 -5.091116e+01
      vertex   1.704735e+01 2.400000e+01 -5.046729e+01
    endloop
  endfacet
  facet normal -9.937122e-01 0.000000e+00 1.119645e-01
    outer loop
      vertex   1.704735e+01 2.700000e+01 -5.467294e+00
      vertex   1.704735e+01 2.400000e+01 -5.467294e+00
      vertex   1.710000e+01 2.700000e+01 -5.000000e+00
    endloop
  endfacet
  facet normal -9.937122e-01 0.000000e+00 1.119645e-01
    outer loop
      vertex   1.710000e+01 2.700000e+01 -5.000000e+00
      vertex   1.704735e+01 2.400000e+01 -5.467294e+00
      vertex   1.710000e+01 2.400000e+01 -5.000000e+00
    endloop
  endfacet
  facet normal -9.937122e-01 -0.000000e+00 -1.119645e-01
    outer loop
      vertex   1.710000e+01 2.700000e+01 -5.000000e+00
      vertex   1.710000e+01 2.400000e+01 -5.000000e+00
      vertex   1.704735e+01 2.700000e+01 -4.532706e+00
    endloop
  endfacet
  facet normal -9.937122e-01 -0.000000e+00 -1.119645e-01
    outer loop
      vertex   1.704735e+01 2.700000e+01 -4.532706e+00
      vertex   1.710000e+01 2.400000e+01 -5.000000e+00
      vertex   1.704735e+01 2.400000e+01 -4.532706e+00
    endloop
  endfacet
  facet normal -9.438833e-01 -0.000000e+00 -3.302791e-01
    outer loop
      vertex   1.704735e+01 2.700000e+01 -4.532706e+00
      vertex   1.704735e+01 2.400000e+01 -4.532706e+00
      vertex   1.689203e+01 2.700000e+01 -4.088844e+00
    endloop
  endfacet
  facet normal -9.438833e-01 -0.000000e+00 -3.302791e-01
    outer loop
      vertex   1.689203e+01 2.700000e+01 -4.088844e+00
      vertex   1.704735e+01 2.400000e+01 -4.532706e+00
      vertex   1.689203e+01 2.400000e+01 -4.088844e+00
    endloop
  endfacet
  facet normal -8.467242e-01 -0.000000e+00 -5.320321e-01
    outer loop
      vertex   1.689203e+01 2.700000e+01 -4.088844e+00
      vertex   1.689203e+01 2.400000e+01 -4.088844e+00
      vertex   1.664185e+01 2.700000e+01 -3.690671e+00
    endloop
  endfacet
  facet normal -8.467242e-01 -0.000000e+00 -5.320321e-01
    outer loop
      vertex   1.664185e+01 2.700000e+01 -3.690671e+00
      vertex   1.689203e+01 2.400000e+01 -4.088844e+00
      vertex   1.664185e+01 2.400000e+01 -3.690671e+00
    endloop
  endfacet
  facet normal -7.071068e-01 -0.000000e+00 -7.071068e-01
    outer loop
      vertex   1.664185e+01 2.700000e+01 -3.690671e+00
      vertex   1.664185e+01 2.400000e+01 -3.690671e+00
      vertex   1.630933e+01 2.700000e+01 -3.358154e+00
    endloop
  endfacet
  facet normal -7.071068e-01 -0.000000e+00 -7.071068e-01
    outer loop
      vertex   1.630933e+01 2.700000e+01 -3.358154e+00
      vertex   1.664185e+01 2.400000e+01 -3.690671e+00
      vertex   1.630933e+01 2.400000e+01 -3.358154e+00
    endloop
  endfacet
  facet normal -5.320321e-01 -0.000000e+00 -8.467242e-01
    outer loop
      vertex   1.630933e+01 2.700000e+01 -3.358154e+00
      vertex   1.630933e+01 2.400000e+01 -3.358154e+00
      vertex   1.591116e+01 2.700000e+01 -3.107965e+00
    endloop
  endfacet
  facet normal -5.320321e-01 -0.000000e+00 -8.467242e-01
    outer loop
      vertex   1.591116e+01 2.700000e+01 -3.107965e+00
      vertex   1.630933e+01 2.400000e+01 -3.358154e+00
      vertex   1.591116e+01 2.400000e+01 -3.107965e+00
    endloop
  endfacet
  facet normal -3.302791e-01 -0.000000e+00 -9.438833e-01
    outer loop
      vertex   1.591116e+01 2.700000e+01 -3.107965e+00
      vertex   1.591116e+01 2.400000e+01 -3.107965e+00
      vertex   1.546729e+01 2.700000e+01 -2.952651e+00
    endloop
  endfacet
  facet normal -3.302791e-01 -0.000000e+00 -9.438833e-01
    outer loop
      vertex   1.546729e+01 2.700000e+01 -2.952651e+00
      vertex   1.591116e+01 2.400000e+01 -3.107965e+00
      vertex   1.546729e+01 2.400000e+01 -2.952651e+00
    endloop
  endfacet
  facet normal -1.119645e-01 -0.000000e+00 -9.937122e-01
    outer loop
      vertex   1.546729e+01 2.700000e+01 -2.952651e+00
      vertex   1.546729e+01 2.400000e+01 -2.952651e+00
      vertex   1.500000e+01 2.700000e+01 -2.900000e+00
    endloop
  endfacet
  facet normal -1.119645e-01 -0.000000e+00 -9.937122e-01
    outer loop
      vertex   1.500000e+01 2.700000e+01 -2.900000e+00
      vertex   1.546729e+01 2.400000e+01 -2.952651e+00
      vertex   1.500000e+01 2.400000e+01 -2.900000e+00
    endloop
  endfacet
  facet normal 1.119645e-01 0.000000e+00 -9.937122e-01
    outer loop
      vertex   1.500000e+01 2.700000e+01 -2.900000e+00
      vertex   1.500000e+01 2.400000e+01 -2.900000e+00
      vertex   1.453271e+01 2.700000e+01 -2.952651e+00
    endloop
  endfacet
  facet normal 1.119645e-01 0.000000e+00 -9.937122e-01
    outer loop
      vertex   1.453271e+01 2.700000e+01 -2.952651e+00
      vertex   1.500000e+01 2.400000e+01 -2.900000e+00
      vertex   1.453271e+01 2.400000e+01 -2.952651e+00
    endloop
  endfacet
  facet normal 3.302791e-01 0.000000e+00 -9.438833e-01
    outer loop
      vertex   1.453271e+01 2.700000e+01 -2.952651e+00
      vertex   1.453271e+01 2.400000e+01 -2.952651e+00
      vertex   1.408884e+01 2.700000e+01 -3.107965e+00
    endloop
  endfacet
  facet normal 3.302791e-01 0.000000e+00 -9.438833e-01
    outer loop
      vertex   1.408884e+01 2.700000e+01 -3.107965e+00
      vertex   1.453271e+01 2.400000e+01 -2.952651e+00
      vertex   1.408884e+01 2.400000e+01 -3.107965e+00
    endloop
  endfacet
  facet normal 5.320321e-01 0.000000e+00 -8.467242e-01
    outer loop
      vertex   1.408884e+01 2.700000e+01 -3.107965e+00
      vertex   1.408884e+01 2.400000e+01 -3.107965e+00
      vertex   1.369067e+01 2.700000e+01 -3.358154e+00
    endloop
  endfacet
  facet normal 5.320321e-01 0.000000e+00 -8.467242e-01
    outer loop
      vertex   1.369067e+01 2.700000e+01 -3.358154e+00
      vertex   1.408884e+01 2.400000e+01 -3.107965e+00
      vertex   1.369067e+01 2.400000e+01 -3.358154e+00
    endloop
  endfacet
  facet normal 7.071068e-01 0.000000e+00 -7.071068e-01
    outer loop
      vertex   1.369067e+01 2.700000e+01 -3.358154e+00
      vertex   1.369067e+01 2.400000e+01 -3.358154e+00
      vertex   1.335815e+01 2.700000e+01 -3.690671e+00
    endloop
  endfacet
  facet normal 7.071068e-01 0.000000e+00 -7.071068e-01
    outer loop
      vertex   1.335815e+01 2.700000e+01 -3.690671e+00
      vertex   1.369067e+01 2.400000e+01 -3.358154e+00
      vertex   1.335815e+01 2.400000e+01 -3.690671e+00
    endloop
  endfacet
  facet normal 8.467242e-01 0.000000e+00 -5.320321e-01
    outer loop
      vertex   1.335815e+01 2.700000e+01 -3.690671e+00
      vertex   1.335815e+01 2.400000e+01 -3.690671e+00
      vertex   1.310797e+01 2.700000e+01 -4.088844e+00
    endloop
  endfacet
  facet normal 8.467242e-01 0.000000e+00 -5.320321e-01
    outer loop
      vertex   1.310797e+01 2.700000e+01 -4.088844e+00
      vertex   1.335815e+01 2.400000e+01 -3.690671e+00
      vertex   1.310797e+01 2.400000e+01 -4.088844e+00
    endloop
  endfacet
  facet normal 9.438833e-01 0.000000e+00 -3.302791e-01
    outer loop
      vertex   1.310797e+01 2.700000e+01 -4.088844e+00
      vertex   1.310797e+01 2.400000e+01 -4.088844e+00
      vertex   1.295265e+01 2.700000e+01 -4.532706e+00
    endloop
  endfacet
  facet normal 9.438833e-01 0.000000e+00 -3.302791e-01
    outer loop
      vertex   1.295265e+01 2.700000e+01 -4.532706e+00
      vertex   1.310797e+01 2.400000e+01 -4.088844e+00
      vertex   1.295265e+01 2.400000e+01 -4.532706e+00
    endloop
  endfacet
  facet normal 9.937122e-01 0.000000e+00 -1.119645e-01
    outer loop
      vertex   1.295265e+01 2.700000e+01 -4.532706e+00
      vertex   1.295265e+01 2.400000e+01 -4.532706e+00
      vertex   1.290000e+01 2.700000e+01 -5.000000e+00
    endloop
  endfacet
  facet normal 9.937122e-01 0.000000e+00 -1.119645e-01
    outer loop
      vertex   1.290000e+01 2.700000e+01 -5.000000e+00
      vertex   1.295265e+01 2.400000e+01 -4.532706e+00
      vertex   1.290000e+01 2.400000e+01 -5.000000e+00
    endloop
  endfacet
  facet normal 9.937122e-01 0.000000e+00 1.119645e-01
    outer loop
      vertex   1.290000e+01 2.700000e+01 -5.000000e+00
      vertex   1.290000e+01 2.400000e+01 -5.000000e+00
      vertex   1.295265e+01 2.700000e+01 -5.467294e+00
    endloop
  endfacet
  facet normal 9.937122e-01 0.000000e+00 1.119645e-01
    outer loop
      vertex   1.295265e+01 2.700000e+01 -5.467294e+00
      vertex   1.290000e+01 2.400000e+01 -5.000000e+00
      vertex   1.295265e+01 2.400000e+01 -5.467294e+00
    endloop
  endfacet
  facet normal 9.438833e-01 0.000000e+00 3.302791e-01
    outer loop
      vertex   1.295265e+01 2.700000e+01 -5.467294e+00
      vertex   1.295265e+01 2.400000e+01 -5.467294e+00
      vertex   1.310797e+01 2.700000e+01 -5.911156e+00
    endloop
  endfacet
  facet normal 9.438833e-01 0.000000e+00 3.302791e-01
    outer loop
      vertex   1.310797e+01 2.700000e+01 -5.911156e+00
      vertex   1.295265e+01 2.400000e+01 -5.467294e+00
      vertex   1.310797e+01 2.400000e+01 -5.911156e+00
    endloop
  endfacet
  facet normal 8.467242e-01 0.000000e+00 5.320321e-01
    outer loop
      vertex   1.310797e+01 2.700000e+01 -5.911156e+00
      vertex   1.310797e+01 2.400000e+01 -5.911156e+00
      vertex   1.335815e+01 2.700000e+01 -6.309329e+00
    endloop
  endfacet
  facet normal 8.467242e-01 0.000000e+00 5.320321e-01
    outer loop
      vertex   1.335815e+01 2.700000e+01 -6.309329e+00
      vertex   1.310797e+01 2.400000e+01 -5.911156e+00
      vertex   1.335815e+01 2.400000e+01 -6.309329e+00
    endloop
  endfacet
  facet normal 7.071068e-01 0.000000e+00 7.071068e-01
    outer loop
      vertex   1.335815e+01 2.700000e+01 -6.309329e+00
      vertex   1.335815e+01 2.400000e+01 -6.309329e+00
      vertex   1.369067e+01 2.700000e+01 -6.641846e+00
    endloop
  endfacet
  facet normal 7.071068e-01 0.000000e+00 7.071068e-01
    outer loop
      vertex   1.369067e+01 2.700000e+01 -6.641846e+00
      vertex   1.335815e+01 2.400000e+01 -6.309329e+00
      vertex   1.369067e+01 2.400000e+01 -6.641846e+00
    endloop
  endfacet
  facet normal 5.320321e-01 0.000000e+00 8.467242e-01
    outer loop
      vertex   1.369067e+01 2.700000e+01 -6.641846e+00
      vertex   1.369067e+01 2.400000e+01 -6.641846e+00
      vertex   1.408884e+01 2.700000e+01 -6.892035e+00
    endloop
  endfacet
  facet normal 5.320321e-01 0.000000e+00 8.467242e-01
    outer loop
      vertex   1.408884e+01 2.700000e+01 -6.892035e+00
      vertex   1.369067e+01 2.400000e+01 -6.641846e+00
      vertex   1.408884e+01 2.400000e+01 -6.892035e+00
    endloop
  endfacet
  facet normal 3.302791e-01 0.000000e+00 9.438833e-01
    outer loop
      vertex   1.408884e+01 2.700000e+01 -6.892035e+00
      vertex   1.408884e+01 2.400000e+01 -6.892035e+00
      vertex   1.453271e+01 2.700000e+01 -7.047349e+00
    endloop
  endfacet
  facet normal 3.302791e-01 0.000000e+00 9.438833e-01
    outer loop
      vertex   1.453271e+01 2.700000e+01 -7.047349e+00
      vertex   1.408884e+01 2.400000e+01 -6.892035e+00
      vertex   1.453271e+01 2.400000e+01 -7.047349e+00
    endloop
  endfacet
  facet normal 1.119645e-01 0.000000e+00 9.937122e-01
    outer loop
      vertex   1.453271e+01 2.700000e+01 -7.047349e+00
      vertex   1.453271e+01 2.400000e+01 -7.047349e+00
      vertex   1.500000e+01 2.700000e+01 -7.100000e+00
    endloop
  endfacet
  facet normal 1.119645e-01 0.000000e+00 9.937122e-01
    outer loop
      vertex   1.500000e+01 2.700000e+01 -7.100000e+00
      vertex   1.453271e+01 2.400000e+01 -7.047349e+00
      vertex   1.500000e+01 2.400000e+01 -7.100000e+00
    endloop
  endfacet
  facet normal -1.119645e-01 0.000000e+00 9.937122e-01
    outer loop
      vertex   1.500000e+01 2.700000e+01 -7.100000e+00
      vertex   1.500000e+01 2.400000e+01 -7.100000e+00
      vertex   1.546729e+01 2.700000e+01 -7.047349e+00
    endloop
  endfacet
  facet normal -1.119645e-01 0.000000e+00 9.937122e-01
    outer loop
      vertex   1.546729e+01 2.700000e+01 -7.047349e+00
      vertex   1.500000e+01 2.400000e+01 -7.100000e+00
      vertex   1.546729e+01 2.400000e+01 -7.047349e+00
    endloop
  endfacet
  facet normal -3.302791e-01 0.000000e+00 9.438833e-01
    outer loop
      vertex   1.546729e+01 2.700000e+01 -7.047349e+00
      vertex   1.546729e+01 2.400000e+01 -7.047349e+00
      vertex   1.591116e+01 2.700000e+01 -6.892035e+00
    endloop
  endfacet
  facet normal -3.302791e-01 0.000000e+00 9.438833e-01
    outer loop
      vertex   1.591116e+01 2.700000e+01 -6.892035e+00
      vertex   1.546729e+01 2.400000e+01 -7.047349e+00
      vertex   1.591116e+01 2.400000e+01 -6.892035e+00
    endloop
  endfacet
  facet normal -5.320321e-01 0.000000e+00 8.467242e-01
    outer loop
      vertex   1.591116e+01 2.700000e+01 -6.892035e+00
      vertex   1.591116e+01 2.400000e+01 -6.892035e+00
      vertex   1.630933e+01 2.700000e+01 -6.641846e+00
    endloop
  endfacet
  facet normal -5.320321e-01 0.000000e+00 8.467242e-01
    outer loop
      vertex   1.630933e+01 2.700000e+01 -6.641846e+00
      vertex   1.591116e+01 2.400000e+01 -6.892035e+00
      vertex   1.630933e+01 2.400000e+01 -6.641846e+00
    endloop
  endfacet
  facet normal -7.071068e-01 0.000000e+00 7.071068e-01
    outer loop
      vertex   1.630933e+01 2.700000e+01 -6.641846e+00
      vertex   1.630933e+01 2.400000e+01 -6.641846e+00
      vertex   1.664185e+01 2.700000e+01 -6.309329e+00
    endloop
  endfacet
  facet normal -7.071068e-01 0.000000e+00 7.071068e-01
    outer loop
      vertex   1.664185e+01 2.700000e+01 -6.309329e+00
      vertex   1.630933e+01 2.400000e+01 -6.641846e+00
      vertex   1.664185e+01 2.400000e+01 -6.309329e+00
    endloop
  endfacet
  facet normal -8.467242e-01 0.000000e+00 5.320321e-01
    outer loop
      vertex   1.664185e+01 2.700000e+01 -6.309329e+00
      vertex   1.664185e+01 2.400000e+01 -6.309329e+00
      vertex   1.689203e+01 2.700000e+01 -5.911156e+00
    endloop
  endfacet
  facet normal -8.467242e-01 0.000000e+00 5.320321e-01
    outer loop
      vertex   1.689203e+01 2.700000e+01 -5.911156e+00
      vertex   1.664185e+01 2.400000e+01 -6.309329e+00
      vertex   1.689203e+01 2.400000e+01 -5.911156e+00
    endloop
  endfacet
  facet normal -9.438833e-01 0.000000e+00 3.302791e-01
    outer loop
      vertex   1.689203e+01 2.700000e+01 -5.911156e+00
      vertex   1.689203e+01 2.400000e+01 -5.911156e+00
      vertex   1.704735e+01 2.700000e+01 -5.467294e+00
    endloop
  endfacet
  facet normal -9.438833e-01 0.000000e+00 3.302791e-01
    outer loop
      vertex   1.704735e+01 2.700000e+01 -5.467294e+00
      vertex   1.689203e+01 2.400000e+01 -5.911156e+00
      vertex   1.704735e+01 2.400000e+01 -5.467294e+00
    endloop
  endfacet
  facet normal -9.937122e-01 0.000000e+00 1.119645e-01
    outer loop
      vertex   -1.295265e+01 2.700000e+01 -5.046729e+01
      vertex   -1.295265e+01 2.400000e+01 -5.046729e+01
      vertex   -1.290000e+01 2.700000e+01 -5.000000e+01
    endloop
  endfacet
  facet normal -9.937122e-01 0.000000e+00 1.119645e-01
    outer loop
      vertex   -1.290000e+01 2.700000e+01 -5.000000e+01
      vertex   -1.295265e+01 2.400000e+01 -5.046729e+01
      vertex   -1.290000e+01 2.400000e+01 -5.000000e+01
    endloop
  endfacet
  facet normal -9.937122e-01 -0.000000e+00 -1.119645e-01
    outer loop
      vertex   -1.290000e+01 2.700000e+01 -5.000000e+01
      vertex   -1.290000e+01 2.400000e+01 -5.000000e+01
      vertex   -1.295265e+01 2.700000e+01 -4.953271e+01
    endloop
  endfacet
  facet normal -9.937122e-01 -0.000000e+00 -1.119645e-01
    outer loop
      vertex   -1.295265e+01 2.700000e+01 -4.953271e+01
      vertex   -1.290000e+01 2.400000e+01 -5.000000e+01
      vertex   -1.295265e+01 2.400000e+01 -4.953271e+01
    endloop
  endfacet
  facet normal -9.438833e-01 -0.000000e+00 -3.302791e-01
    outer loop
      vertex   -1.295265e+01 2.700000e+01 -4.953271e+01
      vertex   -1.295265e+01 2.400000e+01 -4.953271e+01
      vertex   -1.310797e+01 2.700000e+01 -4.908884e+01
    endloop
  endfacet
  facet normal -9.438833e-01 -0.000000e+00 -3.302791e-01
    outer loop
      vertex   -1.310797e+01 2.700000e+01 -4.908884e+01
      vertex   -1.295265e+01 2.400000e+01 -4.953271e+01
      vertex   -1.310797e+01 2.400000e+01 -4.908884e+01
    endloop
  endfacet
  facet normal -8.467242e-01 -0.000000e+00 -5.320321e-01
    outer loop
      vertex   -1.310797e+01 2.700000e+01 -4.908884e+01
      vertex   -1.310797e+01 2.400000e+01 -4.908884e+01
      vertex   -1.335815e+01 2.700000e+01 -4.869067e+01
    endloop
  endfacet
  facet normal -8.467242e-01 -0.000000e+00 -5.320321e-01
    outer loop
      vertex   -1.335815e+01 2.700000e+01 -4.869067e+01
      vertex   -1.310797e+01 2.400000e+01 -4.908884e+01
      vertex   -1.335815e+01 2.400000e+01 -4.869067e+01
    endloop
  endfacet
  facet normal -7.071068e-01 -0.000000e+00 -7.071068e-01
    outer loop
      vertex   -1.335815e+01 2.700000e+01 -4.869067e+01
      vertex   -1.335815e+01 2.400000e+01 -4.869067e+01
      vertex   -1.369067e+01 2.700000e+01 -4.835815e+01
    endloop
  endfacet
  facet normal -7.071068e-01 -0.000000e+00 -7.071068e-01
    outer loop
      vertex   -1.369067e+01 2.700000e+01 -4.835815e+01
      vertex   -1.335815e+01 2.400000e+01 -4.869067e+01
      vertex   -1.369067e+01 2.400000e+01 -4.835815e+01
    endloop
  endfacet
  facet normal -5.320321e-01 -0.000000e+00 -8.467242e-01
    outer loop
      vertex   -1.369067e+01 2.700000e+01 -4.835815e+01
      vertex   -1.369067e+01 2.400000e+01 -4.835815e+01
      vertex   -1.408884e+01 2.700000e+01 -4.810797e+01
    endloop
  endfacet
  facet normal -5.320321e-01 -0.000000e+00 -8.467242e-01
    outer loop
      vertex   -1.408884e+01 2.700000e+01 -4.810797e+01
      vertex   -1.369067e+01 2.400000e+01 -4.835815e+01
      vertex   -1.408884e+01 2.400000e+01 -4.810797e+01
    endloop
  endfacet
  facet normal -3.302791e-01 -0.000000e+00 -9.438833e-01
    outer loop
      vertex   -1.408884e+01 2.700000e+01 -4.810797e+01
      vertex   -1.408884e+01 2.400000e+01 -4.810797e+01
      vertex   -1.453271e+01 2.700000e+01 -4.795265e+01
    endloop
  endfacet
  facet normal -3.302791e-01 -0.000000e+00 -9.438833e-01
    outer loop
      vertex   -1.453271e+01 2.700000e+01 -4.795265e+01
      vertex   -1.408884e+01 2.400000e+01 -4.810797e+01
      vertex   -1.453271e+01 2.400000e+01 -4.795265e+01
    endloop
  endfacet
  facet normal -1.119645e-01 -0.000000e+00 -9.937122e-01
    outer loop
      vertex   -1.453271e+01 2.700000e+01 -4.795265e+01
      vertex   -1.453271e+01 2.400000e+01 -4.795265e+01
      vertex   -1.500000e+01 2.700000e+01 -4.790000e+01
    endloop
  endfacet
  facet normal -1.119645e-01 -0.000000e+00 -9.937122e-01
    outer loop
      vertex   -1.500000e+01 2.700000e+01 -4.790000e+01
      vertex   -1.453271e+01 2.400000e+01 -4.795265e+01
      vertex   -1.500000e+01 2.400000e+01 -4.790000e+01
    endloop
  endfacet
  facet normal 1.119645e-01 0.000000e+00 -9.937122e-01
    outer loop
      vertex   -1.500000e+01 2.700000e+01 -4.790000e+01
      vertex   -1.500000e+01 2.400000e+01 -4.790000e+01
      vertex   -1.546729e+01 2.700000e+01 -4.795265e+01
    endloop
  endfacet
  facet normal 1.119645e-01 0.000000e+00 -9.937122e-01
    outer loop
      vertex   -1.546729e+01 2.700000e+01 -4.795265e+01
      vertex   -1.500000e+01 2.400000e+01 -4.790000e+01
      vertex   -1.546729e+01 2.400000e+01 -4.795265e+01
    endloop
  endfacet
  facet normal 3.302791e-01 0.000000e+00 -9.438833e-01
    outer loop
      vertex   -1.546729e+01 2.700000e+01 -4.795265e+01
      vertex   -1.546729e+01 2.400000e+01 -4.795265e+01
      vertex   -1.591116e+01 2.700000e+01 -4.810797e+01
    endloop
  endfacet
  facet normal 3.302791e-01 0.000000e+00 -9.438833e-01
    outer loop
      vertex   -1.591116e+01 2.700000e+01 -4.810797e+01
      vertex   -1.546729e+01 2.400000e+01 -4.795265e+01
      vertex   -1.591116e+01 2.400000e+01 -4.810797e+01
    endloop
  endfacet
  facet normal 5.320321e-01 0.000000e+00 -8.467242e-01
    outer loop
      vertex   -1.591116e+01 2.700000e+01 -4.810797e+01
      vertex   -1.591116e+01 2.400000e+01 -4.810797e+01
      vertex   -1.630933e+01 2.700000e+01 -4.835815e+01
    endloop
  endfacet
  facet normal 5.320321e-01 0.000000e+00 -8.467242e-01
    outer loop
      vertex   -1.630933e+01 2.700000e+01 -4.835815e+01
      vertex   -1.591116e+01 2.400000e+01 -4.810797e+01
      vertex   -1.630933e+01 2.400000e+01 -4.835815e+01
    endloop
  endfacet
  facet normal 7.071068e-01 0.000000e+00 -7.071068e-01
    outer loop
      vertex   -1.630933e+01 2.700000e+01 -4.835815e+01
      vertex   -1.630933e+01 2.400000e+01 -4.835815e+01
      vertex   -1.664185e+01 2.700000e+01 -4.869067e+01
    endloop
  endfacet
  facet normal 7.071068e-01 0.000000e+00 -7.071068e-01
    outer loop
      vertex   -1.664185e+01 2.700000e+01 -4.869067e+01
      vertex   -1.630933e+01 2.400000e+01 -4.835815e+01
      vertex   -1.664185e+01 2.400000e+01 -4.869067e+01
    endloop
  endfacet
  facet normal 8.467242e-01 0.000000e+00 -5.320321e-01
    outer loop
      vertex   -1.664185e+01 2.700000e+01 -4.869067e+01
      vertex   -1.664185e+01 2.400000e+01 -4.869067e+01
      vertex   -1.689203e+01 2.700000e+01 -4.908884e+01
    endloop
  endfacet
  facet normal 8.467242e-01 0.000000e+00 -5.320321e-01
    outer loop
      vertex   -1.689203e+01 2.700000e+01 -4.908884e+01
      vertex   -1.664185e+01 2.400000e+01 -4.869067e+01
      vertex   -1.689203e+01 2.400000e+01 -4.908884e+01
    endloop
  endfacet
  facet normal 9.438833e-01 0.000000e+00 -3.302791e-01
    outer loop
      vertex   -1.689203e+01 2.700000e+01 -4.908884e+01
      vertex   -1.689203e+01 2.400000e+01 -4.908884e+01
      vertex   -1.704735e+01 2.700000e+01 -4.953271e+01
    endloop
  endfacet
  facet normal 9.438833e-01 0.000000e+00 -3.302791e-01
    outer loop
      vertex   -1.704735e+01 2.700000e+01 -4.953271e+01
      vertex   -1.689203e+01 2.400000e+01 -4.908884e+01
      vertex   -1.704735e+01 2.400000e+01 -4.953271e+01
    endloop
  endfacet
  facet normal 9.937122e-01 0.000000e+00 -1.119645e-01
    outer loop
      vertex   -1.704735e+01 2.700000e+01 -4.953271e+01
      vertex   -1.704735e+01 2.400000e+01 -4.953271e+01
      vertex   -1.710000e+01 2.700000e+01 -5.000000e+01
    endloop
  endfacet
  facet normal 9.937122e-01 0.000000e+00 -1.119645e-01
    outer loop
      vertex   -1.710000e+01 2.700000e+01 -5.000000e+01
      vertex   -1.704735e+01 2.400000e+01 -4.953271e+01
      vertex   -1.710000e+01 2.400000e+01 -5.000000e+01
    endloop
  endfacet
  facet normal 9.937122e-01 0.000000e+00 1.119645e-01
    outer loop
      vertex   -1.710000e+01 2.700000e+01 -5.000000e+01
      vertex   -1.710000e+01 2.400000e+01 -5.000000e+01
      vertex   -1.704735e+01 2.700000e+01 -5.046729e+01
    endloop
  endfacet
  facet normal 9.937122e-01 0.000000e+00 1.119645e-01
    outer loop
      vertex   -1.704735e+01 2.700000e+01 -5.046729e+01
      vertex   -1.710000e+01 2.400000e+01 -5.000000e+01
      vertex   -1.704735e+01 2.400000e+01 -5.046729e+01
    endloop
  endfacet
  facet normal 9.438833e-01 0.000000e+00 3.302791e-01
    outer loop
      vertex   -1.704735e+01 2.700000e+01 -5.046729e+01
      vertex   -1.704735e+01 2.400000e+01 -5.046729e+01
      vertex   -1.689203e+01 2.700000e+01 -5.091116e+01
    endloop
  endfacet
  facet normal 9.438833e-01 0.000000e+00 3.302791e-01
    outer loop
      vertex   -1.689203e+01 2.700000e+01 -5.091116e+01
      vertex   -1.704735e+01 2.400000e+01 -5.046729e+01
      vertex   -1.689203e+01 2.400000e+01 -5.091116e+01
    endloop
  endfacet
  facet normal 8.467242e-01 0.000000e+00 5.320321e-01
    outer loop
      vertex   -1.689203e+01 2.700000e+01 -5.091116e+01
      vertex   -1.689203e+01 2.400000e+01 -5.091116e+01
      vertex   -1.664185e+01 2.700000e+01 -5.130933e+01
    endloop
  endfacet
  facet normal 8.467242e-01 0.000000e+00 5.320321e-01
    outer loop
      vertex   -1.664185e+01 2.700000e+01 -5.130933e+01
      vertex   -1.689203e+01 2.400000e+01 -5.091116e+01
      vertex   -1.664185e+01 2.400000e+01 -5.130933e+01
    endloop
  endfacet
  facet normal 7.071068e-01 0.000000e+00 7.071068e-01
    outer loop
      vertex   -1.664185e+01 2.700000e+01 -5.130933e+01
      vertex   -1.664185e+01 2.400000e+01 -5.130933e+01
      vertex   -1.630933e+01 2.700000e+01 -5.164185e+01
    endloop
  endfacet
  facet normal 7.071068e-01 0.000000e+00 7.071068e-01
    outer loop
      vertex   -1.630933e+01 2.700000e+01 -5.164185e+01
      vertex   -1.664185e+01 2.400000e+01 -5.130933e+01
      vertex   -1.630933e+01 2.400000e+01 -5.164185e+01
    endloop
  endfacet
  facet normal 5.320321e-01 0.000000e+00 8.467242e-01
    outer loop
      vertex   -1.630933e+01 2.700000e+01 -5.164185e+01
      vertex   -1.630933e+01 2.400000e+01 -5.164185e+01
      vertex   -1.591116e+01 2.700000e+01 -5.189204e+01
    endloop
  endfacet
  facet normal 5.320321e-01 0.000000e+00 8.467242e-01
    outer loop
      vertex   -1.591116e+01 2.700000e+01 -5.189204e+01
      vertex   -1.630933e+01 2.400000e+01 -5.164185e+01
      vertex   -1.591116e+01 2.400000e+01 -5.189204e+01
    endloop
  endfacet
  facet normal 3.302791e-01 0.000000e+00 9.438833e-01
    outer loop
      vertex   -1.591116e+01 2.700000e+01 -5.189204e+01
      vertex   -1.591116e+01 2.400000e+01 -5.189204e+01
      vertex   -1.546729e+01 2.700000e+01 -5.204735e+01
    endloop
  endfacet
  facet normal 3.302791e-01 0.000000e+00 9.438833e-01
    outer loop
      vertex   -1.546729e+01 2.700000e+01 -5.204735e+01
      vertex   -1.591116e+01 2.400000e+01 -5.189204e+01
      vertex   -1.546729e+01 2.400000e+01 -5.204735e+01
    endloop
  endfacet
  facet normal 1.119645e-01 0.000000e+00 9.937122e-01
    outer loop
      vertex   -1.546729e+01 2.700000e+01 -5.204735e+01
      vertex   -1.546729e+01 2.400000e+01 -5.204735e+01
      vertex   -1.500000e+01 2.700000e+01 -5.210000e+01
    endloop
  endfacet
  facet normal 1.119645e-01 0.000000e+00 9.937122e-01
    outer loop
      vertex   -1.500000e+01 2.700000e+01 -5.210000e+01
      vertex   -1.546729e+01 2.400000e+01 -5.204735e+01
      vertex   -1.500000e+01 2.400000e+01 -5.210000e+01
    endloop
  endfacet
  facet normal -1.119645e-01 0.000000e+00 9.937122e-01
    outer loop
      vertex   -1.500000e+01 2.700000e+01 -5.210000e+01
      vertex   -1.500000e+01 2.400000e+01 -5.210000e+01
      vertex   -1.453271e+01 2.700000e+01 -5.204735e+01
    endloop
  endfacet
  facet normal -1.119645e-01 0.000000e+00 9.937122e-01
    outer loop
      vertex   -1.453271e+01 2.700000e+01 -5.204735e+01
      vertex   -1.500000e+01 2.400000e+01 -5.210000e+01
      vertex   -1.453271e+01 2.400000e+01 -5.204735e+01
    endloop
  endfacet
  facet normal -3.302791e-01 0.000000e+00 9.438833e-01
    outer loop
      vertex   -1.453271e+01 2.700000e+01 -5.204735e+01
      vertex   -1.453271e+01 2.400000e+01 -5.204735e+01
      vertex   -1.408884e+01 2.700000e+01 -5.189204e+01
    endloop
  endfacet
  facet normal -3.302791e-01 0.000000e+00 9.438833e-01
    outer loop
      vertex   -1.408884e+01 2.700000e+01 -5.189204e+01
      vertex   -1.453271e+01 2.400000e+01 -5.204735e+01
      vertex   -1.408884e+01 2.400000e+01 -5.189204e+01
    endloop
  endfacet
  facet normal -5.320321e-01 0.000000e+00 8.467242e-01
    outer loop
      vertex   -1.408884e+01 2.700000e+01 -5.189204e+01
      vertex   -1.408884e+01 2.400000e+01 -5.189204e+01
      vertex   -1.369067e+01 2.700000e+01 -5.164185e+01
    endloop
  endfacet
  facet normal -5.320321e-01 0.000000e+00 8.467242e-01
    outer loop
      vertex   -1.369067e+01 2.700000e+01 -5.164185e+01
      vertex   -1.408884e+01 2.400000e+01 -5.189204e+01
      vertex   -1.369067e+01 2.400000e+01 -5.164185e+01
    endloop
  endfacet
  facet normal -7.071068e-01 0.000000e+00 7.071068e-01
    outer loop
      vertex   -1.369067e+01 2.700000e+01 -5.164185e+01
      vertex   -1.369067e+01 2.400000e+01 -5.164185e+01
      vertex   -1.335815e+01 2.700000e+01 -5.130933e+01
    endloop
  endfacet
  facet normal -7.071068e-01 0.000000e+00 7.071068e-01
    outer loop
      vertex   -1.335815e+01 2.700000e+01 -5.130933e+01
      vertex   -1.369067e+01 2.400000e+01 -5.164185e+01
      vertex   -1.335815e+01 2.400000e+01 -5.130933e+01
    endloop
  endfacet
  facet normal -8.467242e-01 0.000000e+00 5.320321e-01
    outer loop
      vertex   -1.335815e+01 2.700000e+01 -5.130933e+01
      vertex   -1.335815e+01 2.400000e+01 -5.130933e+01
      vertex   -1.310797e+01 2.700000e+01 -5.091116e+01
    endloop
  endfacet
  facet normal -8.467242e-01 0.000000e+00 5.320321e-01
    outer loop
      vertex   -1.310797e+01 2.700000e+01 -5.091116e+01
      vertex   -1.335815e+01 2.400000e+01 -5.130933e+01
      vertex   -1.310797e+01 2.400000e+01 -5.091116e+01
    endloop
  endfacet
  facet normal -9.438833e-01 0.000000e+00 3.302791e-01
    outer loop
      vertex   -1.310797e+01 2.700000e+01 -5.091116e+01
      vertex   -1.310797e+01 2.400000e+01 -5.091116e+01
      vertex   -1.295265e+01 2.700000e+01 -5.046729e+01
    endloop
  endfacet
  facet normal -9.438833e-01 0.000000e+00 3.302791e-01
    outer loop
      vertex   -1.295265e+01 2.700000e+01 -5.046729e+01
      vertex   -1.310797e+01 2.400000e+01 -5.091116e+01
      vertex   -1.295265e+01 2.400000e+01 -5.046729e+01
    endloop
  endfacet
  facet normal 0.000000e+00 -1.000000e+00 0.000000e+00
    outer loop
      vertex   -1.995442e+01 2.400000e+01 -5.152095e+01
      vertex   -1.704735e+01 2.400000e+01 -5.046729e+01
      vertex   -2.000000e+01 2.400000e+01 -5.100000e+01
    endloop
  endfacet
  facet normal 0.000000e+00 -1.000000e+00 0.000000e+00
    outer loop
      vertex   -2.000000e+01 2.400000e+01 -5.100000e+01
      vertex   -1.704735e+01 2.400000e+01 -5.046729e+01
      vertex   -1.710000e+01 2.400000e+01 -5.000000e+01
    endloop
  endfacet
  facet normal 0.000000e+00 -1.000000e+00 0.000000e+00
    outer loop
      vertex   -2.000000e+01 2.400000e+01 -5.100000e+01
      vertex   -1.710000e+01 2.400000e+01 -5.000000e+01
      vertex   -1.704735e+01 2.400000e+01 -4.953271e+01
    endloop
  endfacet
  facet normal 0.000000e+00 -1.000000e+00 0.000000e+00
    outer loop
      vertex   -1.995442e+01 2.400000e+01 -5.152095e+01
      vertex   -1.981908e+01 2.400000e+01 -5.202606e+01
      vertex   -1.704735e+01 2.400000e+01 -5.046729e+01
    endloop
  endfacet
  facet normal 0.000000e+00 -1.000000e+00 0.000000e+00
    outer loop
      vertex   -1.704735e+01 2.400000e+01 -5.046729e+01
      vertex   -1.981908e+01 2.400000e+01 -5.202606e+01
      vertex   -1.959808e+01 2.400000e+01 -5.250000e+01
    endloop
  endfacet
  facet normal 0.000000e+00 -1.000000e+00 0.000000e+00
    outer loop
      vertex   -1.704735e+01 2.400000e+01 -5.046729e+01
      vertex   -1.959808e+01 2.400000e+01 -5.250000e+01
      vertex   -1.929813e+01 2.400000e+01 -5.292836e+01
    endloop
  endfacet
  facet normal 0.000000e+00 -1.000000e+00 -0.000000e+00
    outer loop
      vertex   -1.704735e+01 2.400000e+01 -5.046729e+01
      vertex   -1.929813e+01 2.400000e+01 -5.292836e+01
      vertex   -1.689203e+01 2.400000e+01 -5.091116e+01
    endloop
  endfacet
  facet normal 0.000000e+00 -1.000000e+00 0.000000e+00
    outer loop
      vertex   -1.689203e+01 2.400000e+01 -5.091116e+01
      vertex   -1.929813e+01 2.400000e+01 -5.292836e+01
      vertex   -1.892836e+01 2.400000e+01 -5.329813e+01
    endloop
  endfacet
  facet normal 0.000000e+00 -1.000000e+00 0.000000e+00
    outer loop
      vertex   -1.689203e+01 2.400000e+01 -5.091116e+01
      vertex   -1.892836e+01 2.400000e+01 -5.329813e+01
      vertex   -1.850000e+01 2.400000e+01 -5.359808e+01
    endloop
  endfacet
  facet normal 0.000000e+00 -1.000000e+00 0.000000e+00
    outer loop
      vertex   -1.850000e+01 2.400000e+01 -5.359808e+01
      vertex   -1.802606e+01 2.400000e+01 -5.381908e+01
      vertex   -1.689203e+01 2.400000e+01 -5.091116e+01
    endloop
  endfacet
  facet normal 0.000000e+00 -1.000000e+00 -0.000000e+00
    outer loop
      vertex   -1.689203e+01 2.400000e+01 -5.091116e+01
      vertex   -1.802606e+01 2.400000e+01 -5.381908e+01
      vertex   -1.664185e+01 2.400000e+01 -5.130933e+01
    endloop
  endfacet
  facet normal 0.000000e+00 -1.000000e+00 0.000000e+00
    outer loop
      vertex   -1.664185e+01 2.400000e+01 -5.130933e+01
      vertex   -1.802606e+01 2.400000e+01 -5.381908e+01
      vertex   -1.752094e+01 2.400000e+01 -5.395442e+01
    endloop
  endfacet
  facet normal 0.000000e+00 -1.000000e+00 0.000000e+00
    outer loop
      vertex   -1.664185e+01 2.400000e+01 -5.130933e+01
      vertex   -1.752094e+01 2.400000e+01 -5.395442e+01
      vertex   -1.700000e+01 2.400000e+01 -5.400000e+01
    endloop
  endfacet
  facet normal 0.000000e+00 -1.000000e+00 0.000000e+00
    outer loop
      vertex   1.700000e+01 2.400000e+01 -5.400000e+01
      vertex   -1.408884e+01 2.400000e+01 -5.189204e+01
      vertex   -1.700000e+01 2.400000e+01 -5.400000e+01
    endloop
  endfacet
  facet normal 0.000000e+00 -1.000000e+00 0.000000e+00
    outer loop
      vertex   -1.700000e+01 2.400000e+01 -5.400000e+01
      vertex   -1.408884e+01 2.400000e+01 -5.189204e+01
      vertex   -1.453271e+01 2.400000e+01 -5.204735e+01
    endloop
  endfacet
  facet normal 0.000000e+00 -1.000000e+00 0.000000e+00
    outer loop
      vertex   -1.700000e+01 2.400000e+01 -5.400000e+01
      vertex   -1.453271e+01 2.400000e+01 -5.204735e+01
      vertex   -1.500000e+01 2.400000e+01 -5.210000e+01
    endloop
  endfacet
  facet normal -0.000000e+00 -1.000000e+00 0.000000e+00
    outer loop
      vertex   1.752094e+01 2.400000e+01 -5.395442e+01
      vertex   1.664185e+01 2.400000e+01 -5.130933e+01
      vertex   1.700000e+01 2.400000e+01 -5.400000e+01
    endloop
  endfacet
  facet normal 0.000000e+00 -1.000000e+00 0.000000e+00
    outer loop
      vertex   1.700000e+01 2.400000e+01 -5.400000e+01
      vertex   1.664185e+01 2.400000e+01 -5.130933e+01
      vertex   1.630933e+01 2.400000e+01 -5.164185e+01
    endloop
  endfacet
  facet normal 0.000000e+00 -1.000000e+00 0.000000e+00
    outer loop
      vertex   1.700000e+01 2.400000e+01 -5.400000e+01
      vertex   1.630933e+01 2.400000e+01 -5.164185e+01
      vertex   1.591116e+01 2.400000e+01 -5.189204e+01
    endloop
  endfacet
  facet normal 0.000000e+00 -1.000000e+00 0.000000e+00
    outer loop
      vertex   1.752094e+01 2.400000e+01 -5.395442e+01
      vertex   1.802606e+01 2.400000e+01 -5.381908e+01
      vertex   1.664185e+01 2.400000e+01 -5.130933e+01
    endloop
  endfacet
  facet normal 0.000000e+00 -1.000000e+00 0.000000e+00
    outer loop
      vertex   1.664185e+01 2.400000e+01 -5.130933e+01
      vertex   1.802606e+01 2.400000e+01 -5.381908e+01
      vertex   1.689203e+01 2.400000e+01 -5.091116e+01
    endloop
  endfacet
  facet normal 0.000000e+00 -1.000000e+00 0.000000e+00
    outer loop
      vertex   1.689203e+01 2.400000e+01 -5.091116e+01
      vertex   1.802606e+01 2.400000e+01 -5.381908e+01
      vertex   1.850000e+01 2.400000e+01 -5.359808e+01
    endloop
  endfacet
  facet normal 0.000000e+00 -1.000000e+00 0.000000e+00
    outer loop
      vertex   1.689203e+01 2.400000e+01 -5.091116e+01
      vertex   1.850000e+01 2.400000e+01 -5.359808e+01
      vertex   1.892836e+01 2.400000e+01 -5.329813e+01
    endloop
  endfacet
  facet normal 0.000000e+00 -1.000000e+00 0.000000e+00
    outer loop
      vertex   1.892836e+01 2.400000e+01 -5.329813e+01
      vertex   1.929813e+01 2.400000e+01 -5.292836e+01
      vertex   1.689203e+01 2.400000e+01 -5.091116e+01
    endloop
  endfacet
  facet normal 0.000000e+00 -1.000000e+00 0.000000e+00
    outer loop
      vertex   1.689203e+01 2.400000e+01 -5.091116e+01
      vertex   1.929813e+01 2.400000e+01 -5.292836e+01
      vertex   1.704735e+01 2.400000e+01 -5.046729e+01
    endloop
  endfacet
  facet normal 0.000000e+00 -1.000000e+00 0.000000e+00
    outer loop
      vertex   1.704735e+01 2.400000e+01 -5.046729e+01
      vertex   1.929813e+01 2.400000e+01 -5.292836e+01
      vertex   1.959808e+01 2.400000e+01 -5.250000e+01
    endloop
  endfacet
  facet normal 0.000000e+00 -1.000000e+00 0.000000e+00
    outer loop
      vertex   1.704735e+01 2.400000e+01 -5.046729e+01
      vertex   1.959808e+01 2.400000e+01 -5.250000e+01
      vertex   1.981908e+01 2.400000e+01 -5.202606e+01
    endloop
  endfacet
  facet normal 0.000000e+00 -1.000000e+00 0.000000e+00
    outer loop
      vertex   1.981908e+01 2.400000e+01 -5.202606e+01
      vertex   1.995442e+01 2.400000e+01 -5.152095e+01
      vertex   1.704735e+01 2.400000e+01 -5.046729e+01
    endloop
  endfacet
  facet normal 0.000000e+00 -1.000000e+00 0.000000e+00
    outer loop
      vertex   1.704735e+01 2.400000e+01 -5.046729e+01
      vertex   1.995442e+01 2.400000e+01 -5.152095e+01
      vertex   2.000000e+01 2.400000e+01 -5.100000e+01
    endloop
  endfacet
  facet normal 0.000000e+00 -1.000000e+00 0.000000e+00
    outer loop
      vertex   1.704735e+01 2.400000e+01 -5.046729e+01
      vertex   2.000000e+01 2.400000e+01 -5.100000e+01
      vertex   1.710000e+01 2.400000e+01 -5.000000e+01
    endloop
  endfacet
  facet normal 0.000000e+00 -1.000000e+00 0.000000e+00
    outer loop
      vertex   1.710000e+01 2.400000e+01 -5.000000e+01
      vertex   2.000000e+01 2.400000e+01 -5.100000e+01
      vertex   1.704735e+01 2.400000e+01 -4.953271e+01
    endloop
  endfacet
  facet normal 0.000000e+00 -1.000000e+00 0.000000e+00
    outer loop
      vertex   1.704735e+01 2.400000e+01 -4.953271e+01
      vertex   2.000000e+01 2.400000e+01 -5.100000e+01
      vertex   1.689203e+01 2.400000e+01 -4.908884e+01
    endloop
  endfacet
  facet normal 0.000000e+00 -1.000000e+00 0.000000e+00
    outer loop
      vertex   1.689203e+01 2.400000e+01 -4.908884e+01
      vertex   2.000000e+01 2.400000e+01 -5.100000e+01
      vertex   1.664185e+01 2.400000e+01 -4.869067e+01
    endloop
  endfacet
  facet normal 0.000000e+00 -1.000000e+00 0.000000e+00
    outer loop
      vertex   1.664185e+01 2.400000e+01 -4.869067e+01
      vertex   2.000000e+01 2.400000e+01 -5.100000e+01
      vertex   1.630933e+01 2.400000e+01 -4.835815e+01
    endloop
  endfacet
  facet normal 0.000000e+00 -1.000000e+00 0.000000e+00
    outer loop
      vertex   1.630933e+01 2.400000e+01 -4.835815e+01
      vertex   2.000000e+01 2.400000e+01 -5.100000e+01
      vertex   1.630933e+01 2.400000e+01 -6.641846e+00
    endloop
  endfacet
  facet normal 0.000000e+00 -1.000000e+00 0.000000e+00
    outer loop
      vertex   1.630933e+01 2.400000e+01 -4.835815e+01
      vertex   1.630933e+01 2.400000e+01 -6.641846e+00
      vertex   1.591116e+01 2.400000e+01 -6.892035e+00
    endloop
  endfacet
  facet normal 0.000000e+00 -1.000000e+00 -0.000000e+00
    outer loop
      vertex   2.000000e+01 2.400000e+01 0.000000e+00
      vertex   1.689203e+01 2.400000e+01 -5.911156e+00
      vertex   2.000000e+01 2.400000e+01 -5.100000e+01
    endloop
  endfacet
  facet normal 0.000000e+00 -1.000000e+00 0.000000e+00
    outer loop
      vertex   2.000000e+01 2.400000e+01 -5.100000e+01
      vertex   1.689203e+01 2.400000e+01 -5.911156e+00
      vertex   1.664185e+01 2.400000e+01 -6.309329e+00
    endloop
  endfacet
  facet normal 0.000000e+00 -1.000000e+00 0.000000e+00
    outer loop
      vertex   2.000000e+01 2.400000e+01 -5.100000e+01
      vertex   1.664185e+01 2.400000e+01 -6.309329e+00
      vertex   1.630933e+01 2.400000e+01 -6.641846e+00
    endloop
  endfacet
  facet normal 0.000000e+00 -1.000000e+00 0.000000e+00
    outer loop
      vertex   -2.000000e+01 2.400000e+01 0.000000e+00
      vertex   1.408884e+01 2.400000e+01 -3.107965e+00
      vertex   2.000000e+01 2.400000e+01 0.000000e+00
    endloop
  endfacet
  facet normal 0.000000e+00 -1.000000e+00 0.000000e+00
    outer loop
      vertex   2.000000e+01 2.400000e+01 0.000000e+00
      vertex   1.408884e+01 2.400000e+01 -3.107965e+00
      vertex   1.453271e+01 2.400000e+01 -2.952651e+00
    endloop
  endfacet
  facet normal 0.000000e+00 -1.000000e+00 0.000000e+00
    outer loop
      vertex   2.000000e+01 2.400000e+01 0.000000e+00
      vertex   1.453271e+01 2.400000e+01 -2.952651e+00
      vertex   1.500000e+01 2.400000e+01 -2.900000e+00
    endloop
  endfacet
  facet normal 0.000000e+00 -1.000000e+00 0.000000e+00
    outer loop
      vertex   -2.000000e+01 2.400000e+01 -5.100000e+01
      vertex   -1.689203e+01 2.400000e+01 -5.911156e+00
      vertex   -2.000000e+01 2.400000e+01 0.000000e+00
    endloop
  endfacet
  facet normal 0.000000e+00 -1.000000e+00 0.000000e+00
    outer loop
      vertex   -2.000000e+01 2.400000e+01 0.000000e+00
      vertex   -1.689203e+01 2.400000e+01 -5.911156e+00
      vertex   -1.704735e+01 2.400000e+01 -5.467294e+00
    endloop
  endfacet
  facet normal 0.000000e+00 -1.000000e+00 0.000000e+00
    outer loop
      vertex   -2.000000e+01 2.400000e+01 0.000000e+00
      vertex   -1.704735e+01 2.400000e+01 -5.467294e+00
      vertex   -1.710000e+01 2.400000e+01 -5.000000e+00
    endloop
  endfacet
  facet normal 0.000000e+00 -1.000000e+00 0.000000e+00
    outer loop
      vertex   -1.295265e+01 2.400000e+01 -5.046729e+01
      vertex   1.295265e+01 2.400000e+01 -5.046729e+01
      vertex   -1.290000e+01 2.400000e+01 -5.000000e+01
    endloop
  endfacet
  facet normal 0.000000e+00 -1.000000e+00 0.000000e+00
    outer loop
      vertex   -1.290000e+01 2.400000e+01 -5.000000e+01
      vertex   1.295265e+01 2.400000e+01 -5.046729e+01
      vertex   1.290000e+01 2.400000e+01 -5.000000e+01
    endloop
  endfacet
  facet normal 0.000000e+00 -1.000000e+00 0.000000e+00
    outer loop
      vertex   -1.290000e+01 2.400000e+01 -5.000000e+01
      vertex   1.290000e+01 2.400000e+01 -5.000000e+01
      vertex   -1.295265e+01 2.400000e+01 -4.953271e+01
    endloop
  endfacet
  facet normal 0.000000e+00 -1.000000e+00 0.000000e+00
    outer loop
      vertex   -1.295265e+01 2.400000e+01 -4.953271e+01
      vertex   1.290000e+01 2.400000e+01 -5.000000e+01
      vertex   1.295265e+01 2.400000e+01 -4.953271e+01
    endloop
  endfacet
  facet normal 0.000000e+00 -1.000000e+00 0.000000e+00
    outer loop
      vertex   -1.295265e+01 2.400000e+01 -4.953271e+01
      vertex   1.295265e+01 2.400000e+01 -4.953271e+01
      vertex   -1.310797e+01 2.400000e+01 -4.908884e+01
    endloop
  endfacet
  facet normal 0.000000e+00 -1.000000e+00 0.000000e+00
    outer loop
      vertex   -1.310797e+01 2.400000e+01 -4.908884e+01
      vertex   1.295265e+01 2.400000e+01 -4.953271e+01
      vertex   1.310797e+01 2.400000e+01 -4.908884e+01
    endloop
  endfacet
  facet normal 0.000000e+00 -1.000000e+00 0.000000e+00
    outer loop
      vertex   -1.310797e+01 2.400000e+01 -4.908884e+01
      vertex   1.310797e+01 2.400000e+01 -4.908884e+01
      vertex   -1.335815e+01 2.400000e+01 -4.869067e+01
    endloop
  endfacet
  facet normal 0.000000e+00 -1.000000e+00 0.000000e+00
    outer loop
      vertex   -1.335815e+01 2.400000e+01 -4.869067e+01
      vertex   1.310797e+01 2.400000e+01 -4.908884e+01
      vertex   1.335815e+01 2.400000e+01 -4.869067e+01
    endloop
  endfacet
  facet normal 0.000000e+00 -1.000000e+00 0.000000e+00
    outer loop
      vertex   -1.335815e+01 2.400000e+01 -4.869067e+01
      vertex   1.335815e+01 2.400000e+01 -4.869067e+01
      vertex   -1.335815e+01 2.400000e+01 -6.309329e+00
    endloop
  endfacet
  facet normal 0.000000e+00 -1.000000e+00 0.000000e+00
    outer loop
      vertex   -1.335815e+01 2.400000e+01 -6.309329e+00
      vertex   1.335815e+01 2.400000e+01 -4.869067e+01
      vertex   1.335815e+01 2.400000e+01 -6.309329e+00
    endloop
  endfacet
  facet normal 0.000000e+00 -1.000000e+00 0.000000e+00
    outer loop
      vertex   -1.335815e+01 2.400000e+01 -6.309329e+00
      vertex   1.335815e+01 2.400000e+01 -6.309329e+00
      vertex   -1.310797e+01 2.400000e+01 -5.911156e+00
    endloop
  endfacet
  facet normal 0.000000e+00 -1.000000e+00 0.000000e+00
    outer loop
      vertex   -1.310797e+01 2.400000e+01 -5.911156e+00
      vertex   1.335815e+01 2.400000e+01 -6.309329e+00
      vertex   1.310797e+01 2.400000e+01 -5.911156e+00
    endloop
  endfacet
  facet normal 0.000000e+00 -1.000000e+00 0.000000e+00
    outer loop
      vertex   -1.310797e+01 2.400000e+01 -5.911156e+00
      vertex   1.310797e+01 2.400000e+01 -5.911156e+00
      vertex   -1.295265e+01 2.400000e+01 -5.467294e+00
    endloop
  endfacet
  facet normal 0.000000e+00 -1.000000e+00 0.000000e+00
    outer loop
      vertex   -1.295265e+01 2.400000e+01 -5.467294e+00
      vertex   1.310797e+01 2.400000e+01 -5.911156e+00
      vertex   1.295265e+01 2.400000e+01 -5.467294e+00
    endloop
  endfacet
  facet normal 0.000000e+00 -1.000000e+00 0.000000e+00
    outer loop
      vertex   -1.295265e+01 2.400000e+01 -5.467294e+00
      vertex   1.295265e+01 2.400000e+01 -5.467294e+00
      vertex   -1.290000e+01 2.400000e+01 -5.000000e+00
    endloop
  endfacet
  facet normal 0.000000e+00 -1.000000e+00 0.000000e+00
    outer loop
      vertex   -1.290000e+01 2.400000e+01 -5.000000e+00
      vertex   1.295265e+01 2.400000e+01 -5.467294e+00
      vertex   1.290000e+01 2.400000e+01 -5.000000e+00
    endloop
  endfacet
  facet normal 0.000000e+00 -1.000000e+00 0.000000e+00
    outer loop
      vertex   -1.290000e+01 2.400000e+01 -5.000000e+00
      vertex   1.290000e+01 2.400000e+01 -5.000000e+00
      vertex   -1.295265e+01 2.400000e+01 -4.532706e+00
    endloop
  endfacet
  facet normal 0.000000e+00 -1.000000e+00 0.000000e+00
    outer loop
      vertex   -1.295265e+01 2.400000e+01 -4.532706e+00
      vertex   1.290000e+01 2.400000e+01 -5.000000e+00
      vertex   1.295265e+01 2.400000e+01 -4.532706e+00
    endloop
  endfacet
  facet normal 0.000000e+00 -1.000000e+00 0.000000e+00
    outer loop
      vertex   -1.295265e+01 2.400000e+01 -4.532706e+00
      vertex   1.295265e+01 2.400000e+01 -4.532706e+00
      vertex   -1.310797e+01 2.400000e+01 -4.088844e+00
    endloop
  endfacet
  facet normal 0.000000e+00 -1.000000e+00 0.000000e+00
    outer loop
      vertex   -1.310797e+01 2.400000e+01 -4.088844e+00
      vertex   1.295265e+01 2.400000e+01 -4.532706e+00
      vertex   1.310797e+01 2.400000e+01 -4.088844e+00
    endloop
  endfacet
  facet normal 0.000000e+00 -1.000000e+00 0.000000e+00
    outer loop
      vertex   -1.310797e+01 2.400000e+01 -4.088844e+00
      vertex   1.310797e+01 2.400000e+01 -4.088844e+00
      vertex   -1.335815e+01 2.400000e+01 -3.690671e+00
    endloop
  endfacet
  facet normal 0.000000e+00 -1.000000e+00 0.000000e+00
    outer loop
      vertex   -1.335815e+01 2.400000e+01 -3.690671e+00
      vertex   1.310797e+01 2.400000e+01 -4.088844e+00
      vertex   1.335815e+01 2.400000e+01 -3.690671e+00
    endloop
  endfacet
  facet normal 0.000000e+00 -1.000000e+00 0.000000e+00
    outer loop
      vertex   -1.335815e+01 2.400000e+01 -3.690671e+00
      vertex   1.335815e+01 2.400000e+01 -3.690671e+00
      vertex   -1.369067e+01 2.400000e+01 -3.358154e+00
    endloop
  endfacet
  facet normal 0.000000e+00 -1.000000e+00 0.000000e+00
    outer loop
      vertex   -1.369067e+01 2.400000e+01 -3.358154e+00
      vertex   1.335815e+01 2.400000e+01 -3.690671e+00
      vertex   1.369067e+01 2.400000e+01 -3.358154e+00
    endloop
  endfacet
  facet normal 0.000000e+00 -1.000000e+00 0.000000e+00
    outer loop
      vertex   -1.369067e+01 2.400000e+01 -3.358154e+00
      vertex   1.369067e+01 2.400000e+01 -3.358154e+00
      vertex   -1.408884e+01 2.400000e+01 -3.107965e+00
    endloop
  endfacet
  facet normal 0.000000e+00 -1.000000e+00 0.000000e+00
    outer loop
      vertex   -1.408884e+01 2.400000e+01 -3.107965e+00
      vertex   1.369067e+01 2.400000e+01 -3.358154e+00
      vertex   1.408884e+01 2.400000e+01 -3.107965e+00
    endloop
  endfacet
  facet normal 0.000000e+00 -1.000000e+00 0.000000e+00
    outer loop
      vertex   -1.408884e+01 2.400000e+01 -3.107965e+00
      vertex   1.408884e+01 2.400000e+01 -3.107965e+00
      vertex   -2.000000e+01 2.400000e+01 0.000000e+00
    endloop
  endfacet
  facet normal -0.000000e+00 -1.000000e+00 -0.000000e+00
    outer loop
      vertex   1.295265e+01 2.400000e+01 -5.046729e+01
      vertex   -1.295265e+01 2.400000e+01 -5.046729e+01
      vertex   1.310797e+01 2.400000e+01 -5.091116e+01
    endloop
  endfacet
  facet normal -0.000000e+00 -1.000000e+00 0.000000e+00
    outer loop
      vertex   1.310797e+01 2.400000e+01 -5.091116e+01
      vertex   -1.295265e+01 2.400000e+01 -5.046729e+01
      vertex   -1.310797e+01 2.400000e+01 -5.091116e+01
    endloop
  endfacet
  facet normal 0.000000e+00 -1.000000e+00 -0.000000e+00
    outer loop
      vertex   1.310797e+01 2.400000e+01 -5.091116e+01
      vertex   -1.310797e+01 2.400000e+01 -5.091116e+01
      vertex   1.335815e+01 2.400000e+01 -5.130933e+01
    endloop
  endfacet
  facet normal 0.000000e+00 -1.000000e+00 0.000000e+00
    outer loop
      vertex   1.335815e+01 2.400000e+01 -5.130933e+01
      vertex   -1.310797e+01 2.400000e+01 -5.091116e+01
      vertex   -1.335815e+01 2.400000e+01 -5.130933e+01
    endloop
  endfacet
  facet normal -0.000000e+00 -1.000000e+00 -0.000000e+00
    outer loop
      vertex   1.335815e+01 2.400000e+01 -5.130933e+01
      vertex   -1.335815e+01 2.400000e+01 -5.130933e+01
      vertex   1.369067e+01 2.400000e+01 -5.164185e+01
    endloop
  endfacet
  facet normal 0.000000e+00 -1.000000e+00 0.000000e+00
    outer loop
      vertex   1.369067e+01 2.400000e+01 -5.164185e+01
      vertex   -1.335815e+01 2.400000e+01 -5.130933e+01
      vertex   -1.369067e+01 2.400000e+01 -5.164185e+01
    endloop
  endfacet
  facet normal -0.000000e+00 -1.000000e+00 -0.000000e+00
    outer loop
      vertex   1.369067e+01 2.400000e+01 -5.164185e+01
      vertex   -1.369067e+01 2.400000e+01 -5.164185e+01
      vertex   1.408884e+01 2.400000e+01 -5.189204e+01
    endloop
  endfacet
  facet normal -0.000000e+00 -1.000000e+00 -0.000000e+00
    outer loop
      vertex   1.408884e+01 2.400000e+01 -5.189204e+01
      vertex   -1.369067e+01 2.400000e+01 -5.164185e+01
      vertex   1.700000e+01 2.400000e+01 -5.400000e+01
    endloop
  endfacet
  facet normal 0.000000e+00 -1.000000e+00 0.000000e+00
    outer loop
      vertex   1.408884e+01 2.400000e+01 -5.189204e+01
      vertex   1.700000e+01 2.400000e+01 -5.400000e+01
      vertex   1.453271e+01 2.400000e+01 -5.204735e+01
    endloop
  endfacet
  facet normal 0.000000e+00 -1.000000e+00 0.000000e+00
    outer loop
      vertex   1.453271e+01 2.400000e+01 -5.204735e+01
      vertex   1.700000e+01 2.400000e+01 -5.400000e+01
      vertex   1.500000e+01 2.400000e+01 -5.210000e+01
    endloop
  endfacet
  facet normal 0.000000e+00 -1.000000e+00 0.000000e+00
    outer loop
      vertex   1.500000e+01 2.400000e+01 -5.210000e+01
      vertex   1.700000e+01 2.400000e+01 -5.400000e+01
      vertex   1.546729e+01 2.400000e+01 -5.204735e+01
    endloop
  endfacet
  facet normal 0.000000e+00 -1.000000e+00 0.000000e+00
    outer loop
      vertex   1.546729e+01 2.400000e+01 -5.204735e+01
      vertex   1.700000e+01 2.400000e+01 -5.400000e+01
      vertex   1.591116e+01 2.400000e+01 -5.189204e+01
    endloop
  endfacet
  facet normal 0.000000e+00 -1.000000e+00 -0.000000e+00
    outer loop
      vertex   -1.369067e+01 2.400000e+01 -5.164185e+01
      vertex   -1.408884e+01 2.400000e+01 -5.189204e+01
      vertex   1.700000e+01 2.400000e+01 -5.400000e+01
    endloop
  endfacet
  facet normal -0.000000e+00 -1.000000e+00 0.000000e+00
    outer loop
      vertex   -1.500000e+01 2.400000e+01 -5.210000e+01
      vertex   -1.546729e+01 2.400000e+01 -5.204735e+01
      vertex   -1.700000e+01 2.400000e+01 -5.400000e+01
    endloop
  endfacet
  facet normal 0.000000e+00 -1.000000e+00 0.000000e+00
    outer loop
      vertex   -1.700000e+01 2.400000e+01 -5.400000e+01
      vertex   -1.546729e+01 2.400000e+01 -5.204735e+01
      vertex   -1.591116e+01 2.400000e+01 -5.189204e+01
    endloop
  endfacet
  facet normal 0.000000e+00 -1.000000e+00 0.000000e+00
    outer loop
      vertex   -1.700000e+01 2.400000e+01 -5.400000e+01
      vertex   -1.591116e+01 2.400000e+01 -5.189204e+01
      vertex   -1.630933e+01 2.400000e+01 -5.164185e+01
    endloop
  endfacet
  facet normal -0.000000e+00 -1.000000e+00 0.000000e+00
    outer loop
      vertex   -1.630933e+01 2.400000e+01 -5.164185e+01
      vertex   -1.664185e+01 2.400000e+01 -5.130933e+01
      vertex   -1.700000e+01 2.400000e+01 -5.400000e+01
    endloop
  endfacet
  facet normal -0.000000e+00 -1.000000e+00 0.000000e+00
    outer loop
      vertex   -1.704735e+01 2.400000e+01 -4.953271e+01
      vertex   -1.689203e+01 2.400000e+01 -4.908884e+01
      vertex   -2.000000e+01 2.400000e+01 -5.100000e+01
    endloop
  endfacet
  facet normal 0.000000e+00 -1.000000e+00 0.000000e+00
    outer loop
      vertex   -2.000000e+01 2.400000e+01 -5.100000e+01
      vertex   -1.689203e+01 2.400000e+01 -4.908884e+01
      vertex   -1.664185e+01 2.400000e+01 -4.869067e+01
    endloop
  endfacet
  facet normal 0.000000e+00 -1.000000e+00 0.000000e+00
    outer loop
      vertex   -2.000000e+01 2.400000e+01 -5.100000e+01
      vertex   -1.664185e+01 2.400000e+01 -4.869067e+01
      vertex   -1.630933e+01 2.400000e+01 -4.835815e+01
    endloop
  endfacet
  facet normal -0.000000e+00 -1.000000e+00 0.000000e+00
    outer loop
      vertex   -1.591116e+01 2.400000e+01 -4.810797e+01
      vertex   -1.591116e+01 2.400000e+01 -6.892035e+00
      vertex   -1.630933e+01 2.400000e+01 -4.835815e+01
    endloop
  endfacet
  facet normal 0.000000e+00 -1.000000e+00 0.000000e+00
    outer loop
      vertex   -1.630933e+01 2.400000e+01 -4.835815e+01
      vertex   -1.591116e+01 2.400000e+01 -6.892035e+00
      vertex   -1.630933e+01 2.400000e+01 -6.641846e+00
    endloop
  endfacet
  facet normal -0.000000e+00 -1.000000e+00 0.000000e+00
    outer loop
      vertex   -1.630933e+01 2.400000e+01 -4.835815e+01
      vertex   -1.630933e+01 2.400000e+01 -6.641846e+00
      vertex   -2.000000e+01 2.400000e+01 -5.100000e+01
    endloop
  endfacet
  facet normal 0.000000e+00 -1.000000e+00 0.000000e+00
    outer loop
      vertex   -2.000000e+01 2.400000e+01 -5.100000e+01
      vertex   -1.630933e+01 2.400000e+01 -6.641846e+00
      vertex   -1.664185e+01 2.400000e+01 -6.309329e+00
    endloop
  endfacet
  facet normal 0.000000e+00 -1.000000e+00 0.000000e+00
    outer loop
      vertex   -2.000000e+01 2.400000e+01 -5.100000e+01
      vertex   -1.664185e+01 2.400000e+01 -6.309329e+00
      vertex   -1.689203e+01 2.400000e+01 -5.911156e+00
    endloop
  endfacet
  facet normal 0.000000e+00 -1.000000e+00 0.000000e+00
    outer loop
      vertex   -1.591116e+01 2.400000e+01 -6.892035e+00
      vertex   -1.591116e+01 2.400000e+01 -4.810797e+01
      vertex   -1.546729e+01 2.400000e+01 -7.047349e+00
    endloop
  endfacet
  facet normal 0.000000e+00 -1.000000e+00 -0.000000e+00
    outer loop
      vertex   -1.546729e+01 2.400000e+01 -7.047349e+00
      vertex   -1.591116e+01 2.400000e+01 -4.810797e+01
      vertex   -1.546729e+01 2.400000e+01 -4.795265e+01
    endloop
  endfacet
  facet normal 0.000000e+00 -1.000000e+00 0.000000e+00
    outer loop
      vertex   -1.546729e+01 2.400000e+01 -7.047349e+00
      vertex   -1.546729e+01 2.400000e+01 -4.795265e+01
      vertex   -1.500000e+01 2.400000e+01 -7.100000e+00
    endloop
  endfacet
  facet normal 0.000000e+00 -1.000000e+00 -0.000000e+00
    outer loop
      vertex   -1.500000e+01 2.400000e+01 -7.100000e+00
      vertex   -1.546729e+01 2.400000e+01 -4.795265e+01
      vertex   -1.500000e+01 2.400000e+01 -4.790000e+01
    endloop
  endfacet
  facet normal 0.000000e+00 -1.000000e+00 0.000000e+00
    outer loop
      vertex   -1.500000e+01 2.400000e+01 -7.100000e+00
      vertex   -1.500000e+01 2.400000e+01 -4.790000e+01
      vertex   -1.453271e+01 2.400000e+01 -4.795265e+01
    endloop
  endfacet
  facet normal 0.000000e+00 -1.000000e+00 0.000000e+00
    outer loop
      vertex   -1.500000e+01 2.400000e+01 -7.100000e+00
      vertex   -1.453271e+01 2.400000e+01 -4.795265e+01
      vertex   -1.453271e+01 2.400000e+01 -7.047349e+00
    endloop
  endfacet
  facet normal 0.000000e+00 -1.000000e+00 0.000000e+00
    outer loop
      vertex   -1.453271e+01 2.400000e+01 -7.047349e+00
      vertex   -1.453271e+01 2.400000e+01 -4.795265e+01
      vertex   -1.408884e+01 2.400000e+01 -4.810797e+01
    endloop
  endfacet
  facet normal 0.000000e+00 -1.000000e+00 0.000000e+00
    outer loop
      vertex   -1.453271e+01 2.400000e+01 -7.047349e+00
      vertex   -1.408884e+01 2.400000e+01 -4.810797e+01
      vertex   -1.408884e+01 2.400000e+01 -6.892035e+00
    endloop
  endfacet
  facet normal 0.000000e+00 -1.000000e+00 0.000000e+00
    outer loop
      vertex   -1.408884e+01 2.400000e+01 -6.892035e+00
      vertex   -1.408884e+01 2.400000e+01 -4.810797e+01
      vertex   -1.369067e+01 2.400000e+01 -4.835815e+01
    endloop
  endfacet
  facet normal 0.000000e+00 -1.000000e+00 0.000000e+00
    outer loop
      vertex   -1.408884e+01 2.400000e+01 -6.892035e+00
      vertex   -1.369067e+01 2.400000e+01 -4.835815e+01
      vertex   -1.369067e+01 2.400000e+01 -6.641846e+00
    endloop
  endfacet
  facet normal 0.000000e+00 -1.000000e+00 0.000000e+00
    outer loop
      vertex   -1.369067e+01 2.400000e+01 -6.641846e+00
      vertex   -1.369067e+01 2.400000e+01 -4.835815e+01
      vertex   -1.335815e+01 2.400000e+01 -4.869067e+01
    endloop
  endfacet
  facet normal 0.000000e+00 -1.000000e+00 0.000000e+00
    outer loop
      vertex   -1.369067e+01 2.400000e+01 -6.641846e+00
      vertex   -1.335815e+01 2.400000e+01 -4.869067e+01
      vertex   -1.335815e+01 2.400000e+01 -6.309329e+00
    endloop
  endfacet
  facet normal 0.000000e+00 -1.000000e+00 0.000000e+00
    outer loop
      vertex   1.704735e+01 2.400000e+01 -4.532706e+00
      vertex   1.710000e+01 2.400000e+01 -5.000000e+00
      vertex   2.000000e+01 2.400000e+01 0.000000e+00
    endloop
  endfacet
  facet normal 0.000000e+00 -1.000000e+00 0.000000e+00
    outer loop
      vertex   2.000000e+01 2.400000e+01 0.000000e+00
      vertex   1.710000e+01 2.400000e+01 -5.000000e+00
      vertex   1.704735e+01 2.400000e+01 -5.467294e+00
    endloop
  endfacet
  facet normal 0.000000e+00 -1.000000e+00 0.000000e+00
    outer loop
      vertex   2.000000e+01 2.400000e+01 0.000000e+00
      vertex   1.704735e+01 2.400000e+01 -5.467294e+00
      vertex   1.689203e+01 2.400000e+01 -5.911156e+00
    endloop
  endfacet
  facet normal 0.000000e+00 -1.000000e+00 0.000000e+00
    outer loop
      vertex   1.630933e+01 2.400000e+01 -4.835815e+01
      vertex   1.591116e+01 2.400000e+01 -6.892035e+00
      vertex   1.591116e+01 2.400000e+01 -4.810797e+01
    endloop
  endfacet
  facet normal 0.000000e+00 -1.000000e+00 0.000000e+00
    outer loop
      vertex   1.591116e+01 2.400000e+01 -4.810797e+01
      vertex   1.591116e+01 2.400000e+01 -6.892035e+00
      vertex   1.546729e+01 2.400000e+01 -7.047349e+00
    endloop
  endfacet
  facet normal 0.000000e+00 -1.000000e+00 0.000000e+00
    outer loop
      vertex   1.591116e+01 2.400000e+01 -4.810797e+01
      vertex   1.546729e+01 2.400000e+01 -7.047349e+00
      vertex   1.546729e+01 2.400000e+01 -4.795265e+01
    endloop
  endfacet
  facet normal 0.000000e+00 -1.000000e+00 0.000000e+00
    outer loop
      vertex   1.546729e+01 2.400000e+01 -4.795265e+01
      vertex   1.546729e+01 2.400000e+01 -7.047349e+00
      vertex   1.500000e+01 2.400000e+01 -7.100000e+00
    endloop
  endfacet
  facet normal 0.000000e+00 -1.000000e+00 0.000000e+00
    outer loop
      vertex   1.546729e+01 2.400000e+01 -4.795265e+01
      vertex   1.500000e+01 2.400000e+01 -7.100000e+00
      vertex   1.500000e+01 2.400000e+01 -4.790000e+01
    endloop
  endfacet
  facet normal -0.000000e+00 -1.000000e+00 0.000000e+00
    outer loop
      vertex   1.500000e+01 2.400000e+01 -4.790000e+01
      vertex   1.500000e+01 2.400000e+01 -7.100000e+00
      vertex   1.453271e+01 2.400000e+01 -4.795265e+01
    endloop
  endfacet
  facet normal 0.000000e+00 -1.000000e+00 0.000000e+00
    outer loop
      vertex   1.453271e+01 2.400000e+01 -4.795265e+01
      vertex   1.500000e+01 2.400000e+01 -7.100000e+00
      vertex   1.453271e+01 2.400000e+01 -7.047349e+00
    endloop
  endfacet
  facet normal -0.000000e+00 -1.000000e+00 0.000000e+00
    outer loop
      vertex   1.453271e+01 2.400000e+01 -4.795265e+01
      vertex   1.453271e+01 2.400000e+01 -7.047349e+00
      vertex   1.408884e+01 2.400000e+01 -4.810797e+01
    endloop
  endfacet
  facet normal 0.000000e+00 -1.000000e+00 0.000000e+00
    outer loop
      vertex   1.408884e+01 2.400000e+01 -4.810797e+01
      vertex   1.453271e+01 2.400000e+01 -7.047349e+00
      vertex   1.408884e+01 2.400000e+01 -6.892035e+00
    endloop
  endfacet
  facet normal -0.000000e+00 -1.000000e+00 0.000000e+00
    outer loop
      vertex   1.408884e+01 2.400000e+01 -4.810797e+01
      vertex   1.408884e+01 2.400000e+01 -6.892035e+00
      vertex   1.369067e+01 2.400000e+01 -4.835815e+01
    endloop
  endfacet
  facet normal 0.000000e+00 -1.000000e+00 0.000000e+00
    outer loop
      vertex   1.369067e+01 2.400000e+01 -4.835815e+01
      vertex   1.408884e+01 2.400000e+01 -6.892035e+00
      vertex   1.369067e+01 2.400000e+01 -6.641846e+00
    endloop
  endfacet
  facet normal -0.000000e+00 -1.000000e+00 0.000000e+00
    outer loop
      vertex   1.369067e+01 2.400000e+01 -4.835815e+01
      vertex   1.369067e+01 2.400000e+01 -6.641846e+00
      vertex   1.335815e+01 2.400000e+01 -4.869067e+01
    endloop
  endfacet
  facet normal 0.000000e+00 -1.000000e+00 0.000000e+00
    outer loop
      vertex   1.335815e+01 2.400000e+01 -4.869067e+01
      vertex   1.369067e+01 2.400000e+01 -6.641846e+00
      vertex   1.335815e+01 2.400000e+01 -6.309329e+00
    endloop
  endfacet
  facet normal 0.000000e+00 -1.000000e+00 0.000000e+00
    outer loop
      vertex   1.500000e+01 2.400000e+01 -2.900000e+00
      vertex   1.546729e+01 2.400000e+01 -2.952651e+00
      vertex   2.000000e+01 2.400000e+01 0.000000e+00
    endloop
  endfacet
  facet normal 0.000000e+00 -1.000000e+00 0.000000e+00
    outer loop
      vertex   2.000000e+01 2.400000e+01 0.000000e+00
      vertex   1.546729e+01 2.400000e+01 -2.952651e+00
      vertex   1.591116e+01 2.400000e+01 -3.107965e+00
    endloop
  endfacet
  facet normal 0.000000e+00 -1.000000e+00 0.000000e+00
    outer loop
      vertex   2.000000e+01 2.400000e+01 0.000000e+00
      vertex   1.591116e+01 2.400000e+01 -3.107965e+00
      vertex   1.630933e+01 2.400000e+01 -3.358154e+00
    endloop
  endfacet
  facet normal 0.000000e+00 -1.000000e+00 0.000000e+00
    outer loop
      vertex   1.630933e+01 2.400000e+01 -3.358154e+00
      vertex   1.664185e+01 2.400000e+01 -3.690671e+00
      vertex   2.000000e+01 2.400000e+01 0.000000e+00
    endloop
  endfacet
  facet normal 0.000000e+00 -1.000000e+00 0.000000e+00
    outer loop
      vertex   2.000000e+01 2.400000e+01 0.000000e+00
      vertex   1.664185e+01 2.400000e+01 -3.690671e+00
      vertex   1.689203e+01 2.400000e+01 -4.088844e+00
    endloop
  endfacet
  facet normal 0.000000e+00 -1.000000e+00 0.000000e+00
    outer loop
      vertex   2.000000e+01 2.400000e+01 0.000000e+00
      vertex   1.689203e+01 2.400000e+01 -4.088844e+00
      vertex   1.704735e+01 2.400000e+01 -4.532706e+00
    endloop
  endfacet
  facet normal 0.000000e+00 -1.000000e+00 0.000000e+00
    outer loop
      vertex   -1.710000e+01 2.400000e+01 -5.000000e+00
      vertex   -1.704735e+01 2.400000e+01 -4.532706e+00
      vertex   -2.000000e+01 2.400000e+01 0.000000e+00
    endloop
  endfacet
  facet normal 0.000000e+00 -1.000000e+00 0.000000e+00
    outer loop
      vertex   -2.000000e+01 2.400000e+01 0.000000e+00
      vertex   -1.704735e+01 2.400000e+01 -4.532706e+00
      vertex   -1.689203e+01 2.400000e+01 -4.088844e+00
    endloop
  endfacet
  facet normal 0.000000e+00 -1.000000e+00 0.000000e+00
    outer loop
      vertex   -2.000000e+01 2.400000e+01 0.000000e+00
      vertex   -1.689203e+01 2.400000e+01 -4.088844e+00
      vertex   -1.664185e+01 2.400000e+01 -3.690671e+00
    endloop
  endfacet
  facet normal 0.000000e+00 -1.000000e+00 0.000000e+00
    outer loop
      vertex   -1.664185e+01 2.400000e+01 -3.690671e+00
      vertex   -1.630933e+01 2.400000e+01 -3.358154e+00
      vertex   -2.000000e+01 2.400000e+01 0.000000e+00
    endloop
  endfacet
  facet normal 0.000000e+00 -1.000000e+00 0.000000e+00
    outer loop
      vertex   -2.000000e+01 2.400000e+01 0.000000e+00
      vertex   -1.630933e+01 2.400000e+01 -3.358154e+00
      vertex   -1.591116e+01 2.400000e+01 -3.107965e+00
    endloop
  endfacet
  facet normal 0.000000e+00 -1.000000e+00 0.000000e+00
    outer loop
      vertex   -2.000000e+01 2.400000e+01 0.000000e+00
      vertex   -1.591116e+01 2.400000e+01 -3.107965e+00
      vertex   -1.546729e+01 2.400000e+01 -2.952651e+00
    endloop
  endfacet
  facet normal 0.000000e+00 -1.000000e+00 0.000000e+00
    outer loop
      vertex   -1.546729e+01 2.400000e+01 -2.952651e+00
      vertex   -1.500000e+01 2.400000e+01 -2.900000e+00
      vertex   -2.000000e+01 2.400000e+01 0.000000e+00
    endloop
  endfacet
  facet normal 0.000000e+00 -1.000000e+00 0.000000e+00
    outer loop
      vertex   -2.000000e+01 2.400000e+01 0.000000e+00
      vertex   -1.500000e+01 2.400000e+01 -2.900000e+00
      vertex   -1.453271e+01 2.400000e+01 -2.952651e+00
    endloop
  endfacet
  facet normal 0.000000e+00 -1.000000e+00 0.000000e+00
    outer loop
      vertex   -2.000000e+01 2.400000e+01 0.000000e+00
      vertex   -1.453271e+01 2.400000e+01 -2.952651e+00
      vertex   -1.408884e+01 2.400000e+01 -3.107965e+00
    endloop
  endfacet
  facet normal 9.921147e-01 1.253332e-01 0.000000e+00
    outer loop
      vertex   -1.704973e+01 -3.979038e-01 3.000000e+00
      vertex   -1.704973e+01 -3.979038e-01 0.000000e+00
      vertex   -1.710000e+01 -1.959435e-16 3.000000e+00
    endloop
  endfacet
  facet normal 9.921147e-01 1.253332e-01 -4.119604e-33
    outer loop
      vertex   -1.710000e+01 -1.959435e-16 3.000000e+00
      vertex   -1.704973e+01 -3.979038e-01 0.000000e+00
      vertex   -1.710000e+01 -1.959435e-16 0.000000e+00
    endloop
  endfacet
  facet normal 9.921147e-01 -1.253332e-01 4.119604e-33
    outer loop
      vertex   -1.710000e+01 -1.959435e-16 3.000000e+00
      vertex   -1.710000e+01 -1.959435e-16 0.000000e+00
      vertex   -1.704973e+01 3.979038e-01 3.000000e+00
    endloop
  endfacet
  facet normal 9.921147e-01 -1.253332e-01 0.000000e+00
    outer loop
      vertex   -1.704973e+01 3.979038e-01 3.000000e+00
      vertex   -1.710000e+01 -1.959435e-16 0.000000e+00
      vertex   -1.704973e+01 3.979038e-01 0.000000e+00
    endloop
  endfacet
  facet normal 9.297765e-01 -3.681246e-01 0.000000e+00
    outer loop
      vertex   -1.704973e+01 3.979038e-01 3.000000e+00
      vertex   -1.704973e+01 3.979038e-01 0.000000e+00
      vertex   -1.690209e+01 7.708059e-01 3.000000e+00
    endloop
  endfacet
  facet normal 9.297765e-01 -3.681246e-01 0.000000e+00
    outer loop
      vertex   -1.690209e+01 7.708059e-01 3.000000e+00
      vertex   -1.704973e+01 3.979038e-01 0.000000e+00
      vertex   -1.690209e+01 7.708059e-01 0.000000e+00
    endloop
  endfacet
  facet normal 8.090170e-01 -5.877853e-01 0.000000e+00
    outer loop
      vertex   -1.690209e+01 7.708059e-01 3.000000e+00
      vertex   -1.690209e+01 7.708059e-01 0.000000e+00
      vertex   -1.666635e+01 1.095275e+00 3.000000e+00
    endloop
  endfacet
  facet normal 8.090170e-01 -5.877853e-01 0.000000e+00
    outer loop
      vertex   -1.666635e+01 1.095275e+00 3.000000e+00
      vertex   -1.690209e+01 7.708059e-01 0.000000e+00
      vertex   -1.666635e+01 1.095275e+00 0.000000e+00
    endloop
  endfacet
  facet normal 6.374240e-01 -7.705132e-01 0.000000e+00
    outer loop
      vertex   -1.666635e+01 1.095275e+00 3.000000e+00
      vertex   -1.666635e+01 1.095275e+00 0.000000e+00
      vertex   -1.635732e+01 1.350925e+00 3.000000e+00
    endloop
  endfacet
  facet normal 6.374240e-01 -7.705132e-01 0.000000e+00
    outer loop
      vertex   -1.635732e+01 1.350925e+00 3.000000e+00
      vertex   -1.666635e+01 1.095275e+00 0.000000e+00
      vertex   -1.635732e+01 1.350925e+00 0.000000e+00
    endloop
  endfacet
  facet normal 4.257793e-01 -9.048271e-01 0.000000e+00
    outer loop
      vertex   -1.635732e+01 1.350925e+00 3.000000e+00
      vertex   -1.635732e+01 1.350925e+00 0.000000e+00
      vertex   -1.599443e+01 1.521690e+00 3.000000e+00
    endloop
  endfacet
  facet normal 4.257793e-01 -9.048271e-01 0.000000e+00
    outer loop
      vertex   -1.599443e+01 1.521690e+00 3.000000e+00
      vertex   -1.635732e+01 1.350925e+00 0.000000e+00
      vertex   -1.599443e+01 1.521690e+00 0.000000e+00
    endloop
  endfacet
  facet normal 1.873813e-01 -9.822873e-01 0.000000e+00
    outer loop
      vertex   -1.599443e+01 1.521690e+00 3.000000e+00
      vertex   -1.599443e+01 1.521690e+00 0.000000e+00
      vertex   -1.560046e+01 1.596843e+00 3.000000e+00
    endloop
  endfacet
  facet normal 1.873813e-01 -9.822873e-01 0.000000e+00
    outer loop
      vertex   -1.560046e+01 1.596843e+00 3.000000e+00
      vertex   -1.599443e+01 1.521690e+00 0.000000e+00
      vertex   -1.560046e+01 1.596843e+00 0.000000e+00
    endloop
  endfacet
  facet normal -6.279052e-02 -9.980267e-01 -0.000000e+00
    outer loop
      vertex   -1.560046e+01 1.596843e+00 3.000000e+00
      vertex   -1.560046e+01 1.596843e+00 0.000000e+00
      vertex   -1.520019e+01 1.571660e+00 3.000000e+00
    endloop
  endfacet
  facet normal -6.279052e-02 -9.980267e-01 -0.000000e+00
    outer loop
      vertex   -1.520019e+01 1.571660e+00 3.000000e+00
      vertex   -1.560046e+01 1.596843e+00 0.000000e+00
      vertex   -1.520019e+01 1.571660e+00 0.000000e+00
    endloop
  endfacet
  facet normal -3.090170e-01 -9.510565e-01 -0.000000e+00
    outer loop
      vertex   -1.520019e+01 1.571660e+00 3.000000e+00
      vertex   -1.520019e+01 1.571660e+00 0.000000e+00
      vertex   -1.481875e+01 1.447723e+00 3.000000e+00
    endloop
  endfacet
  facet normal -3.090170e-01 -9.510565e-01 -0.000000e+00
    outer loop
      vertex   -1.481875e+01 1.447723e+00 3.000000e+00
      vertex   -1.520019e+01 1.571660e+00 0.000000e+00
      vertex   -1.481875e+01 1.447723e+00 0.000000e+00
    endloop
  endfacet
  facet normal -5.358268e-01 -8.443279e-01 -0.000000e+00
    outer loop
      vertex   -1.481875e+01 1.447723e+00 3.000000e+00
      vertex   -1.481875e+01 1.447723e+00 0.000000e+00
      vertex   -1.448012e+01 1.232821e+00 3.000000e+00
    endloop
  endfacet
  facet normal -5.358268e-01 -8.443279e-01 -0.000000e+00
    outer loop
      vertex   -1.448012e+01 1.232821e+00 3.000000e+00
      vertex   -1.481875e+01 1.447723e+00 0.000000e+00
      vertex   -1.448012e+01 1.232821e+00 0.000000e+00
    endloop
  endfacet
  facet normal -7.289686e-01 -6.845471e-01 -0.000000e+00
    outer loop
      vertex   -1.448012e+01 1.232821e+00 3.000000e+00
      vertex   -1.448012e+01 1.232821e+00 0.000000e+00
      vertex   -1.420557e+01 9.404564e-01 3.000000e+00
    endloop
  endfacet
  facet normal -7.289686e-01 -6.845471e-01 -0.000000e+00
    outer loop
      vertex   -1.420557e+01 9.404564e-01 3.000000e+00
      vertex   -1.448012e+01 1.232821e+00 0.000000e+00
      vertex   -1.420557e+01 9.404564e-01 0.000000e+00
    endloop
  endfacet
  facet normal -8.763067e-01 -4.817537e-01 -0.000000e+00
    outer loop
      vertex   -1.420557e+01 9.404564e-01 3.000000e+00
      vertex   -1.420557e+01 9.404564e-01 0.000000e+00
      vertex   -1.401236e+01 5.889993e-01 3.000000e+00
    endloop
  endfacet
  facet normal -8.763067e-01 -4.817537e-01 -0.000000e+00
    outer loop
      vertex   -1.401236e+01 5.889993e-01 3.000000e+00
      vertex   -1.420557e+01 9.404564e-01 0.000000e+00
      vertex   -1.401236e+01 5.889993e-01 0.000000e+00
    endloop
  endfacet
  facet normal -9.685832e-01 -2.486899e-01 -0.000000e+00
    outer loop
      vertex   -1.401236e+01 5.889993e-01 3.000000e+00
      vertex   -1.401236e+01 5.889993e-01 0.000000e+00
      vertex   -1.391262e+01 2.005332e-01 3.000000e+00
    endloop
  endfacet
  facet normal -9.685832e-01 -2.486899e-01 -0.000000e+00
    outer loop
      vertex   -1.391262e+01 2.005332e-01 3.000000e+00
      vertex   -1.401236e+01 5.889993e-01 0.000000e+00
      vertex   -1.391262e+01 2.005332e-01 0.000000e+00
    endloop
  endfacet
  facet normal -1.000000e+00 -0.000000e+00 -0.000000e+00
    outer loop
      vertex   -1.391262e+01 2.005332e-01 3.000000e+00
      vertex   -1.391262e+01 2.005332e-01 0.000000e+00
      vertex   -1.391262e+01 -2.005332e-01 3.000000e+00
    endloop
  endfacet
  facet normal -1.000000e+00 0.000000e+00 0.000000e+00
    outer loop
      vertex   -1.391262e+01 -2.005332e-01 3.000000e+00
      vertex   -1.391262e+01 2.005332e-01 0.000000e+00
      vertex   -1.391262e+01 -2.005332e-01 0.000000e+00
    endloop
  endfacet
  facet normal -9.685832e-01 2.486899e-01 0.000000e+00
    outer loop
      vertex   -1.391262e+01 -2.005332e-01 3.000000e+00
      vertex   -1.391262e+01 -2.005332e-01 0.000000e+00
      vertex   -1.401236e+01 -5.889993e-01 3.000000e+00
    endloop
  endfacet
  facet normal -9.685832e-01 2.486899e-01 0.000000e+00
    outer loop
      vertex   -1.401236e+01 -5.889993e-01 3.000000e+00
      vertex   -1.391262e+01 -2.005332e-01 0.000000e+00
      vertex   -1.401236e+01 -5.889993e-01 0.000000e+00
    endloop
  endfacet
  facet normal -8.763067e-01 4.817537e-01 0.000000e+00
    outer loop
      vertex   -1.401236e+01 -5.889993e-01 3.000000e+00
      vertex   -1.401236e+01 -5.889993e-01 0.000000e+00
      vertex   -1.420557e+01 -9.404564e-01 3.000000e+00
    endloop
  endfacet
  facet normal -8.763067e-01 4.817537e-01 0.000000e+00
    outer loop
      vertex   -1.420557e+01 -9.404564e-01 3.000000e+00
      vertex   -1.401236e+01 -5.889993e-01 0.000000e+00
      vertex   -1.420557e+01 -9.404564e-01 0.000000e+00
    endloop
  endfacet
  facet normal -7.289686e-01 6.845471e-01 0.000000e+00
    outer loop
      vertex   -1.420557e+01 -9.404564e-01 3.000000e+00
      vertex   -1.420557e+01 -9.404564e-01 0.000000e+00
      vertex   -1.448012e+01 -1.232821e+00 3.000000e+00
    endloop
  endfacet
  facet normal -7.289686e-01 6.845471e-01 0.000000e+00
    outer loop
      vertex   -1.448012e+01 -1.232821e+00 3.000000e+00
      vertex   -1.420557e+01 -9.404564e-01 0.000000e+00
      vertex   -1.448012e+01 -1.232821e+00 0.000000e+00
    endloop
  endfacet
  facet normal -5.358268e-01 8.443279e-01 0.000000e+00
    outer loop
      vertex   -1.448012e+01 -1.232821e+00 3.000000e+00
      vertex   -1.448012e+01 -1.232821e+00 0.000000e+00
      vertex   -1.481875e+01 -1.447723e+00 3.000000e+00
    endloop
  endfacet
  facet normal -5.358268e-01 8.443279e-01 0.000000e+00
    outer loop
      vertex   -1.481875e+01 -1.447723e+00 3.000000e+00
      vertex   -1.448012e+01 -1.232821e+00 0.000000e+00
      vertex   -1.481875e+01 -1.447723e+00 0.000000e+00
    endloop
  endfacet
  facet normal -3.090170e-01 9.510565e-01 0.000000e+00
    outer loop
      vertex   -1.481875e+01 -1.447723e+00 3.000000e+00
      vertex   -1.481875e+01 -1.447723e+00 0.000000e+00
      vertex   -1.520019e+01 -1.571660e+00 3.000000e+00
    endloop
  endfacet
  facet normal -3.090170e-01 9.510565e-01 0.000000e+00
    outer loop
      vertex   -1.520019e+01 -1.571660e+00 3.000000e+00
      vertex   -1.481875e+01 -1.447723e+00 0.000000e+00
      vertex   -1.520019e+01 -1.571660e+00 0.000000e+00
    endloop
  endfacet
  facet normal -6.279052e-02 9.980267e-01 0.000000e+00
    outer loop
      vertex   -1.520019e+01 -1.571660e+00 3.000000e+00
      vertex   -1.520019e+01 -1.571660e+00 0.000000e+00
      vertex   -1.560046e+01 -1.596843e+00 3.000000e+00
    endloop
  endfacet
  facet normal -6.279052e-02 9.980267e-01 0.000000e+00
    outer loop
      vertex   -1.560046e+01 -1.596843e+00 3.000000e+00
      vertex   -1.520019e+01 -1.571660e+00 0.000000e+00
      vertex   -1.560046e+01 -1.596843e+00 0.000000e+00
    endloop
  endfacet
  facet normal 1.873813e-01 9.822873e-01 0.000000e+00
    outer loop
      vertex   -1.560046e+01 -1.596843e+00 3.000000e+00
      vertex   -1.560046e+01 -1.596843e+00 0.000000e+00
      vertex   -1.599443e+01 -1.521690e+00 3.000000e+00
    endloop
  endfacet
  facet normal 1.873813e-01 9.822873e-01 0.000000e+00
    outer loop
      vertex   -1.599443e+01 -1.521690e+00 3.000000e+00
      vertex   -1.560046e+01 -1.596843e+00 0.000000e+00
      vertex   -1.599443e+01 -1.521690e+00 0.000000e+00
    endloop
  endfacet
  facet normal 4.257793e-01 9.048271e-01 0.000000e+00
    outer loop
      vertex   -1.599443e+01 -1.521690e+00 3.000000e+00
      vertex   -1.599443e+01 -1.521690e+00 0.000000e+00
      vertex   -1.635732e+01 -1.350925e+00 3.000000e+00
    endloop
  endfacet
  facet normal 4.257793e-01 9.048271e-01 0.000000e+00
    outer loop
      vertex   -1.635732e+01 -1.350925e+00 3.000000e+00
      vertex   -1.599443e+01 -1.521690e+00 0.000000e+00
      vertex   -1.635732e+01 -1.350925e+00 0.000000e+00
    endloop
  endfacet
  facet normal 6.374240e-01 7.705132e-01 0.000000e+00
    outer loop
      vertex   -1.635732e+01 -1.350925e+00 3.000000e+00
      vertex   -1.635732e+01 -1.350925e+00 0.000000e+00
      vertex   -1.666635e+01 -1.095275e+00 3.000000e+00
    endloop
  endfacet
  facet normal 6.374240e-01 7.705132e-01 0.000000e+00
    outer loop
      vertex   -1.666635e+01 -1.095275e+00 3.000000e+00
      vertex   -1.635732e+01 -1.350925e+00 0.000000e+00
      vertex   -1.666635e+01 -1.095275e+00 0.000000e+00
    endloop
  endfacet
  facet normal 8.090170e-01 5.877853e-01 0.000000e+00
    outer loop
      vertex   -1.666635e+01 -1.095275e+00 3.000000e+00
      vertex   -1.666635e+01 -1.095275e+00 0.000000e+00
      vertex   -1.690209e+01 -7.708059e-01 3.000000e+00
    endloop
  endfacet
  facet normal 8.090170e-01 5.877853e-01 0.000000e+00
    outer loop
      vertex   -1.690209e+01 -7.708059e-01 3.000000e+00
      vertex   -1.666635e+01 -1.095275e+00 0.000000e+00
      vertex   -1.690209e+01 -7.708059e-01 0.000000e+00
    endloop
  endfacet
  facet normal 9.297765e-01 3.681246e-01 0.000000e+00
    outer loop
      vertex   -1.690209e+01 -7.708059e-01 3.000000e+00
      vertex   -1.690209e+01 -7.708059e-01 0.000000e+00
      vertex   -1.704973e+01 -3.979038e-01 3.000000e+00
    endloop
  endfacet
  facet normal 9.297765e-01 3.681246e-01 0.000000e+00
    outer loop
      vertex   -1.704973e+01 -3.979038e-01 3.000000e+00
      vertex   -1.690209e+01 -7.708059e-01 0.000000e+00
      vertex   -1.704973e+01 -3.979038e-01 0.000000e+00
    endloop
  endfacet
  facet normal 9.921147e-01 1.253332e-01 0.000000e+00
    outer loop
      vertex   1.395025e+01 -3.782337e-01 3.000000e+00
      vertex   1.395025e+01 -3.782337e-01 0.000000e+00
      vertex   1.389999e+01 1.967014e-02 3.000000e+00
    endloop
  endfacet
  facet normal 9.921147e-01 1.253332e-01 -5.874499e-16
    outer loop
      vertex   1.389999e+01 1.967014e-02 3.000000e+00
      vertex   1.395025e+01 -3.782337e-01 0.000000e+00
      vertex   1.389999e+01 1.967014e-02 0.000000e+00
    endloop
  endfacet
  facet normal 9.921147e-01 -1.253332e-01 -5.874499e-16
    outer loop
      vertex   1.389999e+01 1.967014e-02 3.000000e+00
      vertex   1.389999e+01 1.967014e-02 0.000000e+00
      vertex   1.395025e+01 4.175740e-01 3.000000e+00
    endloop
  endfacet
  facet normal 9.921147e-01 -1.253332e-01 0.000000e+00
    outer loop
      vertex   1.395025e+01 4.175740e-01 3.000000e+00
      vertex   1.389999e+01 1.967014e-02 0.000000e+00
      vertex   1.395025e+01 4.175740e-01 0.000000e+00
    endloop
  endfacet
  facet normal 9.297765e-01 -3.681246e-01 0.000000e+00
    outer loop
      vertex   1.395025e+01 4.175740e-01 3.000000e+00
      vertex   1.395025e+01 4.175740e-01 0.000000e+00
      vertex   1.409790e+01 7.904760e-01 3.000000e+00
    endloop
  endfacet
  facet normal 9.297765e-01 -3.681246e-01 0.000000e+00
    outer loop
      vertex   1.409790e+01 7.904760e-01 3.000000e+00
      vertex   1.395025e+01 4.175740e-01 0.000000e+00
      vertex   1.409790e+01 7.904760e-01 0.000000e+00
    endloop
  endfacet
  facet normal 8.090170e-01 -5.877853e-01 0.000000e+00
    outer loop
      vertex   1.409790e+01 7.904760e-01 3.000000e+00
      vertex   1.409790e+01 7.904760e-01 0.000000e+00
      vertex   1.433364e+01 1.114946e+00 3.000000e+00
    endloop
  endfacet
  facet normal 8.090170e-01 -5.877853e-01 0.000000e+00
    outer loop
      vertex   1.433364e+01 1.114946e+00 3.000000e+00
      vertex   1.409790e+01 7.904760e-01 0.000000e+00
      vertex   1.433364e+01 1.114946e+00 0.000000e+00
    endloop
  endfacet
  facet normal 6.374240e-01 -7.705132e-01 0.000000e+00
    outer loop
      vertex   1.433364e+01 1.114946e+00 3.000000e+00
      vertex   1.433364e+01 1.114946e+00 0.000000e+00
      vertex   1.464266e+01 1.370595e+00 3.000000e+00
    endloop
  endfacet
  facet normal 6.374240e-01 -7.705132e-01 0.000000e+00
    outer loop
      vertex   1.464266e+01 1.370595e+00 3.000000e+00
      vertex   1.433364e+01 1.114946e+00 0.000000e+00
      vertex   1.464266e+01 1.370595e+00 0.000000e+00
    endloop
  endfacet
  facet normal 4.257793e-01 -9.048271e-01 0.000000e+00
    outer loop
      vertex   1.464266e+01 1.370595e+00 3.000000e+00
      vertex   1.464266e+01 1.370595e+00 0.000000e+00
      vertex   1.500556e+01 1.541361e+00 3.000000e+00
    endloop
  endfacet
  facet normal 4.257793e-01 -9.048271e-01 0.000000e+00
    outer loop
      vertex   1.500556e+01 1.541361e+00 3.000000e+00
      vertex   1.464266e+01 1.370595e+00 0.000000e+00
      vertex   1.500556e+01 1.541361e+00 0.000000e+00
    endloop
  endfacet
  facet normal 1.873813e-01 -9.822873e-01 0.000000e+00
    outer loop
      vertex   1.500556e+01 1.541361e+00 3.000000e+00
      vertex   1.500556e+01 1.541361e+00 0.000000e+00
      vertex   1.539952e+01 1.616513e+00 3.000000e+00
    endloop
  endfacet
  facet normal 1.873813e-01 -9.822873e-01 0.000000e+00
    outer loop
      vertex   1.539952e+01 1.616513e+00 3.000000e+00
      vertex   1.500556e+01 1.541361e+00 0.000000e+00
      vertex   1.539952e+01 1.616513e+00 0.000000e+00
    endloop
  endfacet
  facet normal -6.279052e-02 -9.980267e-01 -0.000000e+00
    outer loop
      vertex   1.539952e+01 1.616513e+00 3.000000e+00
      vertex   1.539952e+01 1.616513e+00 0.000000e+00
      vertex   1.579980e+01 1.591330e+00 3.000000e+00
    endloop
  endfacet
  facet normal -6.279052e-02 -9.980267e-01 -0.000000e+00
    outer loop
      vertex   1.579980e+01 1.591330e+00 3.000000e+00
      vertex   1.539952e+01 1.616513e+00 0.000000e+00
      vertex   1.579980e+01 1.591330e+00 0.000000e+00
    endloop
  endfacet
  facet normal -3.090170e-01 -9.510565e-01 -0.000000e+00
    outer loop
      vertex   1.579980e+01 1.591330e+00 3.000000e+00
      vertex   1.579980e+01 1.591330e+00 0.000000e+00
      vertex   1.618123e+01 1.467393e+00 3.000000e+00
    endloop
  endfacet
  facet normal -3.090170e-01 -9.510565e-01 -0.000000e+00
    outer loop
      vertex   1.618123e+01 1.467393e+00 3.000000e+00
      vertex   1.579980e+01 1.591330e+00 0.000000e+00
      vertex   1.618123e+01 1.467393e+00 0.000000e+00
    endloop
  endfacet
  facet normal -5.358268e-01 -8.443279e-01 -0.000000e+00
    outer loop
      vertex   1.618123e+01 1.467393e+00 3.000000e+00
      vertex   1.618123e+01 1.467393e+00 0.000000e+00
      vertex   1.651987e+01 1.252491e+00 3.000000e+00
    endloop
  endfacet
  facet normal -5.358268e-01 -8.443279e-01 -0.000000e+00
    outer loop
      vertex   1.651987e+01 1.252491e+00 3.000000e+00
      vertex   1.618123e+01 1.467393e+00 0.000000e+00
      vertex   1.651987e+01 1.252491e+00 0.000000e+00
    endloop
  endfacet
  facet normal -7.289686e-01 -6.845471e-01 -0.000000e+00
    outer loop
      vertex   1.651987e+01 1.252491e+00 3.000000e+00
      vertex   1.651987e+01 1.252491e+00 0.000000e+00
      vertex   1.679441e+01 9.601265e-01 3.000000e+00
    endloop
  endfacet
  facet normal -7.289686e-01 -6.845471e-01 -0.000000e+00
    outer loop
      vertex   1.679441e+01 9.601265e-01 3.000000e+00
      vertex   1.651987e+01 1.252491e+00 0.000000e+00
      vertex   1.679441e+01 9.601265e-01 0.000000e+00
    endloop
  endfacet
  facet normal -8.763067e-01 -4.817537e-01 -0.000000e+00
    outer loop
      vertex   1.679441e+01 9.601265e-01 3.000000e+00
      vertex   1.679441e+01 9.601265e-01 0.000000e+00
      vertex   1.698763e+01 6.086694e-01 3.000000e+00
    endloop
  endfacet
  facet normal -8.763067e-01 -4.817537e-01 -0.000000e+00
    outer loop
      vertex   1.698763e+01 6.086694e-01 3.000000e+00
      vertex   1.679441e+01 9.601265e-01 0.000000e+00
      vertex   1.698763e+01 6.086694e-01 0.000000e+00
    endloop
  endfacet
  facet normal -9.685832e-01 -2.486899e-01 -0.000000e+00
    outer loop
      vertex   1.698763e+01 6.086694e-01 3.000000e+00
      vertex   1.698763e+01 6.086694e-01 0.000000e+00
      vertex   1.708737e+01 2.202033e-01 3.000000e+00
    endloop
  endfacet
  facet normal -9.685832e-01 -2.486899e-01 -0.000000e+00
    outer loop
      vertex   1.708737e+01 2.202033e-01 3.000000e+00
      vertex   1.698763e+01 6.086694e-01 0.000000e+00
      vertex   1.708737e+01 2.202033e-01 0.000000e+00
    endloop
  endfacet
  facet normal -1.000000e+00 -0.000000e+00 -0.000000e+00
    outer loop
      vertex   1.708737e+01 2.202033e-01 3.000000e+00
      vertex   1.708737e+01 2.202033e-01 0.000000e+00
      vertex   1.708737e+01 -1.808630e-01 3.000000e+00
    endloop
  endfacet
  facet normal -1.000000e+00 0.000000e+00 0.000000e+00
    outer loop
      vertex   1.708737e+01 -1.808630e-01 3.000000e+00
      vertex   1.708737e+01 2.202033e-01 0.000000e+00
      vertex   1.708737e+01 -1.808630e-01 0.000000e+00
    endloop
  endfacet
  facet normal -9.685832e-01 2.486899e-01 0.000000e+00
    outer loop
      vertex   1.708737e+01 -1.808630e-01 3.000000e+00
      vertex   1.708737e+01 -1.808630e-01 0.000000e+00
      vertex   1.698763e+01 -5.693291e-01 3.000000e+00
    endloop
  endfacet
  facet normal -9.685832e-01 2.486899e-01 0.000000e+00
    outer loop
      vertex   1.698763e+01 -5.693291e-01 3.000000e+00
      vertex   1.708737e+01 -1.808630e-01 0.000000e+00
      vertex   1.698763e+01 -5.693291e-01 0.000000e+00
    endloop
  endfacet
  facet normal -8.763067e-01 4.817537e-01 0.000000e+00
    outer loop
      vertex   1.698763e+01 -5.693291e-01 3.000000e+00
      vertex   1.698763e+01 -5.693291e-01 0.000000e+00
      vertex   1.679441e+01 -9.207863e-01 3.000000e+00
    endloop
  endfacet
  facet normal -8.763067e-01 4.817537e-01 0.000000e+00
    outer loop
      vertex   1.679441e+01 -9.207863e-01 3.000000e+00
      vertex   1.698763e+01 -5.693291e-01 0.000000e+00
      vertex   1.679441e+01 -9.207863e-01 0.000000e+00
    endloop
  endfacet
  facet normal -7.289686e-01 6.845471e-01 0.000000e+00
    outer loop
      vertex   1.679441e+01 -9.207863e-01 3.000000e+00
      vertex   1.679441e+01 -9.207863e-01 0.000000e+00
      vertex   1.651987e+01 -1.213151e+00 3.000000e+00
    endloop
  endfacet
  facet normal -7.289686e-01 6.845471e-01 0.000000e+00
    outer loop
      vertex   1.651987e+01 -1.213151e+00 3.000000e+00
      vertex   1.679441e+01 -9.207863e-01 0.000000e+00
      vertex   1.651987e+01 -1.213151e+00 0.000000e+00
    endloop
  endfacet
  facet normal -5.358268e-01 8.443279e-01 0.000000e+00
    outer loop
      vertex   1.651987e+01 -1.213151e+00 3.000000e+00
      vertex   1.651987e+01 -1.213151e+00 0.000000e+00
      vertex   1.618123e+01 -1.428053e+00 3.000000e+00
    endloop
  endfacet
  facet normal -5.358268e-01 8.443279e-01 0.000000e+00
    outer loop
      vertex   1.618123e+01 -1.428053e+00 3.000000e+00
      vertex   1.651987e+01 -1.213151e+00 0.000000e+00
      vertex   1.618123e+01 -1.428053e+00 0.000000e+00
    endloop
  endfacet
  facet normal -3.090170e-01 9.510565e-01 0.000000e+00
    outer loop
      vertex   1.618123e+01 -1.428053e+00 3.000000e+00
      vertex   1.618123e+01 -1.428053e+00 0.000000e+00
      vertex   1.579980e+01 -1.551989e+00 3.000000e+00
    endloop
  endfacet
  facet normal -3.090170e-01 9.510565e-01 0.000000e+00
    outer loop
      vertex   1.579980e+01 -1.551989e+00 3.000000e+00
      vertex   1.618123e+01 -1.428053e+00 0.000000e+00
      vertex   1.579980e+01 -1.551989e+00 0.000000e+00
    endloop
  endfacet
  facet normal -6.279052e-02 9.980267e-01 0.000000e+00
    outer loop
      vertex   1.579980e+01 -1.551989e+00 3.000000e+00
      vertex   1.579980e+01 -1.551989e+00 0.000000e+00
      vertex   1.539952e+01 -1.577173e+00 3.000000e+00
    endloop
  endfacet
  facet normal -6.279052e-02 9.980267e-01 0.000000e+00
    outer loop
      vertex   1.539952e+01 -1.577173e+00 3.000000e+00
      vertex   1.579980e+01 -1.551989e+00 0.000000e+00
      vertex   1.539952e+01 -1.577173e+00 0.000000e+00
    endloop
  endfacet
  facet normal 1.873813e-01 9.822873e-01 0.000000e+00
    outer loop
      vertex   1.539952e+01 -1.577173e+00 3.000000e+00
      vertex   1.539952e+01 -1.577173e+00 0.000000e+00
      vertex   1.500556e+01 -1.502020e+00 3.000000e+00
    endloop
  endfacet
  facet normal 1.873813e-01 9.822873e-01 0.000000e+00
    outer loop
      vertex   1.500556e+01 -1.502020e+00 3.000000e+00
      vertex   1.539952e+01 -1.577173e+00 0.000000e+00
      vertex   1.500556e+01 -1.502020e+00 0.000000e+00
    endloop
  endfacet
  facet normal 4.257793e-01 9.048271e-01 0.000000e+00
    outer loop
      vertex   1.500556e+01 -1.502020e+00 3.000000e+00
      vertex   1.500556e+01 -1.502020e+00 0.000000e+00
      vertex   1.464266e+01 -1.331255e+00 3.000000e+00
    endloop
  endfacet
  facet normal 4.257793e-01 9.048271e-01 0.000000e+00
    outer loop
      vertex   1.464266e+01 -1.331255e+00 3.000000e+00
      vertex   1.500556e+01 -1.502020e+00 0.000000e+00
      vertex   1.464266e+01 -1.331255e+00 0.000000e+00
    endloop
  endfacet
  facet normal 6.374240e-01 7.705132e-01 0.000000e+00
    outer loop
      vertex   1.464266e+01 -1.331255e+00 3.000000e+00
      vertex   1.464266e+01 -1.331255e+00 0.000000e+00
      vertex   1.433364e+01 -1.075605e+00 3.000000e+00
    endloop
  endfacet
  facet normal 6.374240e-01 7.705132e-01 0.000000e+00
    outer loop
      vertex   1.433364e+01 -1.075605e+00 3.000000e+00
      vertex   1.464266e+01 -1.331255e+00 0.000000e+00
      vertex   1.433364e+01 -1.075605e+00 0.000000e+00
    endloop
  endfacet
  facet normal 8.090170e-01 5.877853e-01 0.000000e+00
    outer loop
      vertex   1.433364e+01 -1.075605e+00 3.000000e+00
      vertex   1.433364e+01 -1.075605e+00 0.000000e+00
      vertex   1.409790e+01 -7.511357e-01 3.000000e+00
    endloop
  endfacet
  facet normal 8.090170e-01 5.877853e-01 0.000000e+00
    outer loop
      vertex   1.409790e+01 -7.511357e-01 3.000000e+00
      vertex   1.433364e+01 -1.075605e+00 0.000000e+00
      vertex   1.409790e+01 -7.511357e-01 0.000000e+00
    endloop
  endfacet
  facet normal 9.297765e-01 3.681246e-01 0.000000e+00
    outer loop
      vertex   1.409790e+01 -7.511357e-01 3.000000e+00
      vertex   1.409790e+01 -7.511357e-01 0.000000e+00
      vertex   1.395025e+01 -3.782337e-01 3.000000e+00
    endloop
  endfacet
  facet normal 9.297765e-01 3.681246e-01 0.000000e+00
    outer loop
      vertex   1.395025e+01 -3.782337e-01 3.000000e+00
      vertex   1.409790e+01 -7.511357e-01 0.000000e+00
      vertex   1.395025e+01 -3.782337e-01 0.000000e+00
    endloop
  endfacet
  facet normal 9.921147e-01 1.253332e-01 0.000000e+00
    outer loop
      vertex   6.200267e+00 -1.382130e+01 3.000000e+00
      vertex   6.200267e+00 -1.382130e+01 0.000000e+00
      vertex   6.150000e+00 -1.342339e+01 3.000000e+00
    endloop
  endfacet
  facet normal 9.921147e-01 1.253332e-01 0.000000e+00
    outer loop
      vertex   6.150000e+00 -1.342339e+01 3.000000e+00
      vertex   6.200267e+00 -1.382130e+01 0.000000e+00
      vertex   6.150000e+00 -1.342339e+01 0.000000e+00
    endloop
  endfacet
  facet normal 9.921147e-01 -1.253332e-01 0.000000e+00
    outer loop
      vertex   6.150000e+00 -1.342339e+01 3.000000e+00
      vertex   6.150000e+00 -1.342339e+01 0.000000e+00
      vertex   6.200267e+00 -1.302549e+01 3.000000e+00
    endloop
  endfacet
  facet normal 9.921147e-01 -1.253332e-01 0.000000e+00
    outer loop
      vertex   6.200267e+00 -1.302549e+01 3.000000e+00
      vertex   6.150000e+00 -1.342339e+01 0.000000e+00
      vertex   6.200267e+00 -1.302549e+01 0.000000e+00
    endloop
  endfacet
  facet normal 9.297765e-01 -3.681246e-01 0.000000e+00
    outer loop
      vertex   6.200267e+00 -1.302549e+01 3.000000e+00
      vertex   6.200267e+00 -1.302549e+01 0.000000e+00
      vertex   6.347909e+00 -1.265259e+01 3.000000e+00
    endloop
  endfacet
  facet normal 9.297765e-01 -3.681246e-01 0.000000e+00
    outer loop
      vertex   6.347909e+00 -1.265259e+01 3.000000e+00
      vertex   6.200267e+00 -1.302549e+01 0.000000e+00
      vertex   6.347909e+00 -1.265259e+01 0.000000e+00
    endloop
  endfacet
  facet normal 8.090170e-01 -5.877853e-01 0.000000e+00
    outer loop
      vertex   6.347909e+00 -1.265259e+01 3.000000e+00
      vertex   6.347909e+00 -1.265259e+01 0.000000e+00
      vertex   6.583650e+00 -1.232812e+01 3.000000e+00
    endloop
  endfacet
  facet normal 8.090170e-01 -5.877853e-01 0.000000e+00
    outer loop
      vertex   6.583650e+00 -1.232812e+01 3.000000e+00
      vertex   6.347909e+00 -1.265259e+01 0.000000e+00
      vertex   6.583650e+00 -1.232812e+01 0.000000e+00
    endloop
  endfacet
  facet normal 6.374240e-01 -7.705132e-01 0.000000e+00
    outer loop
      vertex   6.583650e+00 -1.232812e+01 3.000000e+00
      vertex   6.583650e+00 -1.232812e+01 0.000000e+00
      vertex   6.892677e+00 -1.207247e+01 3.000000e+00
    endloop
  endfacet
  facet normal 6.374240e-01 -7.705132e-01 0.000000e+00
    outer loop
      vertex   6.892677e+00 -1.207247e+01 3.000000e+00
      vertex   6.583650e+00 -1.232812e+01 0.000000e+00
      vertex   6.892677e+00 -1.207247e+01 0.000000e+00
    endloop
  endfacet
  facet normal 4.257793e-01 -9.048271e-01 0.000000e+00
    outer loop
      vertex   6.892677e+00 -1.207247e+01 3.000000e+00
      vertex   6.892677e+00 -1.207247e+01 0.000000e+00
      vertex   7.255573e+00 -1.190170e+01 3.000000e+00
    endloop
  endfacet
  facet normal 4.257793e-01 -9.048271e-01 0.000000e+00
    outer loop
      vertex   7.255573e+00 -1.190170e+01 3.000000e+00
      vertex   6.892677e+00 -1.207247e+01 0.000000e+00
      vertex   7.255573e+00 -1.190170e+01 0.000000e+00
    endloop
  endfacet
  facet normal 1.873813e-01 -9.822873e-01 0.000000e+00
    outer loop
      vertex   7.255573e+00 -1.190170e+01 3.000000e+00
      vertex   7.255573e+00 -1.190170e+01 0.000000e+00
      vertex   7.649535e+00 -1.182655e+01 3.000000e+00
    endloop
  endfacet
  facet normal 1.873813e-01 -9.822873e-01 0.000000e+00
    outer loop
      vertex   7.649535e+00 -1.182655e+01 3.000000e+00
      vertex   7.255573e+00 -1.190170e+01 0.000000e+00
      vertex   7.649535e+00 -1.182655e+01 0.000000e+00
    endloop
  endfacet
  facet normal -6.279052e-02 -9.980267e-01 -0.000000e+00
    outer loop
      vertex   7.649535e+00 -1.182655e+01 3.000000e+00
      vertex   7.649535e+00 -1.182655e+01 0.000000e+00
      vertex   8.049810e+00 -1.185173e+01 3.000000e+00
    endloop
  endfacet
  facet normal -6.279052e-02 -9.980267e-01 -0.000000e+00
    outer loop
      vertex   8.049810e+00 -1.185173e+01 3.000000e+00
      vertex   7.649535e+00 -1.182655e+01 0.000000e+00
      vertex   8.049810e+00 -1.185173e+01 0.000000e+00
    endloop
  endfacet
  facet normal -3.090170e-01 -9.510565e-01 -0.000000e+00
    outer loop
      vertex   8.049810e+00 -1.185173e+01 3.000000e+00
      vertex   8.049810e+00 -1.185173e+01 0.000000e+00
      vertex   8.431247e+00 -1.197567e+01 3.000000e+00
    endloop
  endfacet
  facet normal -3.090170e-01 -9.510565e-01 -0.000000e+00
    outer loop
      vertex   8.431247e+00 -1.197567e+01 3.000000e+00
      vertex   8.049810e+00 -1.185173e+01 0.000000e+00
      vertex   8.431247e+00 -1.197567e+01 0.000000e+00
    endloop
  endfacet
  facet normal -5.358268e-01 -8.443279e-01 -0.000000e+00
    outer loop
      vertex   8.431247e+00 -1.197567e+01 3.000000e+00
      vertex   8.431247e+00 -1.197567e+01 0.000000e+00
      vertex   8.769878e+00 -1.219057e+01 3.000000e+00
    endloop
  endfacet
  facet normal -5.358268e-01 -8.443279e-01 -0.000000e+00
    outer loop
      vertex   8.769878e+00 -1.219057e+01 3.000000e+00
      vertex   8.431247e+00 -1.197567e+01 0.000000e+00
      vertex   8.769878e+00 -1.219057e+01 0.000000e+00
    endloop
  endfacet
  facet normal -7.289686e-01 -6.845471e-01 -0.000000e+00
    outer loop
      vertex   8.769878e+00 -1.219057e+01 3.000000e+00
      vertex   8.769878e+00 -1.219057e+01 0.000000e+00
      vertex   9.044427e+00 -1.248294e+01 3.000000e+00
    endloop
  endfacet
  facet normal -7.289686e-01 -6.845471e-01 -0.000000e+00
    outer loop
      vertex   9.044427e+00 -1.248294e+01 3.000000e+00
      vertex   8.769878e+00 -1.219057e+01 0.000000e+00
      vertex   9.044427e+00 -1.248294e+01 0.000000e+00
    endloop
  endfacet
  facet normal -8.763067e-01 -4.817537e-01 -0.000000e+00
    outer loop
      vertex   9.044427e+00 -1.248294e+01 3.000000e+00
      vertex   9.044427e+00 -1.248294e+01 0.000000e+00
      vertex   9.237642e+00 -1.283439e+01 3.000000e+00
    endloop
  endfacet
  facet normal -8.763067e-01 -4.817537e-01 -0.000000e+00
    outer loop
      vertex   9.237642e+00 -1.283439e+01 3.000000e+00
      vertex   9.044427e+00 -1.248294e+01 0.000000e+00
      vertex   9.237642e+00 -1.283439e+01 0.000000e+00
    endloop
  endfacet
  facet normal -9.685832e-01 -2.486899e-01 -0.000000e+00
    outer loop
      vertex   9.237642e+00 -1.283439e+01 3.000000e+00
      vertex   9.237642e+00 -1.283439e+01 0.000000e+00
      vertex   9.337383e+00 -1.322286e+01 3.000000e+00
    endloop
  endfacet
  facet normal -9.685832e-01 -2.486899e-01 -0.000000e+00
    outer loop
      vertex   9.337383e+00 -1.322286e+01 3.000000e+00
      vertex   9.237642e+00 -1.283439e+01 0.000000e+00
      vertex   9.337383e+00 -1.322286e+01 0.000000e+00
    endloop
  endfacet
  facet normal -1.000000e+00 -0.000000e+00 -0.000000e+00
    outer loop
      vertex   9.337383e+00 -1.322286e+01 3.000000e+00
      vertex   9.337383e+00 -1.322286e+01 0.000000e+00
      vertex   9.337383e+00 -1.362393e+01 3.000000e+00
    endloop
  endfacet
  facet normal -1.000000e+00 0.000000e+00 0.000000e+00
    outer loop
      vertex   9.337383e+00 -1.362393e+01 3.000000e+00
      vertex   9.337383e+00 -1.322286e+01 0.000000e+00
      vertex   9.337383e+00 -1.362393e+01 0.000000e+00
    endloop
  endfacet
  facet normal -9.685832e-01 2.486899e-01 0.000000e+00
    outer loop
      vertex   9.337383e+00 -1.362393e+01 3.000000e+00
      vertex   9.337383e+00 -1.362393e+01 0.000000e+00
      vertex   9.237642e+00 -1.401239e+01 3.000000e+00
    endloop
  endfacet
  facet normal -9.685832e-01 2.486899e-01 0.000000e+00
    outer loop
      vertex   9.237642e+00 -1.401239e+01 3.000000e+00
      vertex   9.337383e+00 -1.362393e+01 0.000000e+00
      vertex   9.237642e+00 -1.401239e+01 0.000000e+00
    endloop
  endfacet
  facet normal -8.763067e-01 4.817537e-01 0.000000e+00
    outer loop
      vertex   9.237642e+00 -1.401239e+01 3.000000e+00
      vertex   9.237642e+00 -1.401239e+01 0.000000e+00
      vertex   9.044427e+00 -1.436385e+01 3.000000e+00
    endloop
  endfacet
  facet normal -8.763067e-01 4.817537e-01 0.000000e+00
    outer loop
      vertex   9.044427e+00 -1.436385e+01 3.000000e+00
      vertex   9.237642e+00 -1.401239e+01 0.000000e+00
      vertex   9.044427e+00 -1.436385e+01 0.000000e+00
    endloop
  endfacet
  facet normal -7.289686e-01 6.845471e-01 0.000000e+00
    outer loop
      vertex   9.044427e+00 -1.436385e+01 3.000000e+00
      vertex   9.044427e+00 -1.436385e+01 0.000000e+00
      vertex   8.769878e+00 -1.465621e+01 3.000000e+00
    endloop
  endfacet
  facet normal -7.289686e-01 6.845471e-01 0.000000e+00
    outer loop
      vertex   8.769878e+00 -1.465621e+01 3.000000e+00
      vertex   9.044427e+00 -1.436385e+01 0.000000e+00
      vertex   8.769878e+00 -1.465621e+01 0.000000e+00
    endloop
  endfacet
  facet normal -5.358268e-01 8.443279e-01 0.000000e+00
    outer loop
      vertex   8.769878e+00 -1.465621e+01 3.000000e+00
      vertex   8.769878e+00 -1.465621e+01 0.000000e+00
      vertex   8.431247e+00 -1.487112e+01 3.000000e+00
    endloop
  endfacet
  facet normal -5.358268e-01 8.443279e-01 0.000000e+00
    outer loop
      vertex   8.431247e+00 -1.487112e+01 3.000000e+00
      vertex   8.769878e+00 -1.465621e+01 0.000000e+00
      vertex   8.431247e+00 -1.487112e+01 0.000000e+00
    endloop
  endfacet
  facet normal -3.090170e-01 9.510565e-01 0.000000e+00
    outer loop
      vertex   8.431247e+00 -1.487112e+01 3.000000e+00
      vertex   8.431247e+00 -1.487112e+01 0.000000e+00
      vertex   8.049810e+00 -1.499505e+01 3.000000e+00
    endloop
  endfacet
  facet normal -3.090170e-01 9.510565e-01 0.000000e+00
    outer loop
      vertex   8.049810e+00 -1.499505e+01 3.000000e+00
      vertex   8.431247e+00 -1.487112e+01 0.000000e+00
      vertex   8.049810e+00 -1.499505e+01 0.000000e+00
    endloop
  endfacet
  facet normal -6.279052e-02 9.980267e-01 0.000000e+00
    outer loop
      vertex   8.049810e+00 -1.499505e+01 3.000000e+00
      vertex   8.049810e+00 -1.499505e+01 0.000000e+00
      vertex   7.649535e+00 -1.502024e+01 3.000000e+00
    endloop
  endfacet
  facet normal -6.279052e-02 9.980267e-01 0.000000e+00
    outer loop
      vertex   7.649535e+00 -1.502024e+01 3.000000e+00
      vertex   8.049810e+00 -1.499505e+01 0.000000e+00
      vertex   7.649535e+00 -1.502024e+01 0.000000e+00
    endloop
  endfacet
  facet normal 1.873813e-01 9.822873e-01 0.000000e+00
    outer loop
      vertex   7.649535e+00 -1.502024e+01 3.000000e+00
      vertex   7.649535e+00 -1.502024e+01 0.000000e+00
      vertex   7.255573e+00 -1.494508e+01 3.000000e+00
    endloop
  endfacet
  facet normal 1.873813e-01 9.822873e-01 0.000000e+00
    outer loop
      vertex   7.255573e+00 -1.494508e+01 3.000000e+00
      vertex   7.649535e+00 -1.502024e+01 0.000000e+00
      vertex   7.255573e+00 -1.494508e+01 0.000000e+00
    endloop
  endfacet
  facet normal 4.257793e-01 9.048271e-01 0.000000e+00
    outer loop
      vertex   7.255573e+00 -1.494508e+01 3.000000e+00
      vertex   7.255573e+00 -1.494508e+01 0.000000e+00
      vertex   6.892677e+00 -1.477432e+01 3.000000e+00
    endloop
  endfacet
  facet normal 4.257793e-01 9.048271e-01 0.000000e+00
    outer loop
      vertex   6.892677e+00 -1.477432e+01 3.000000e+00
      vertex   7.255573e+00 -1.494508e+01 0.000000e+00
      vertex   6.892677e+00 -1.477432e+01 0.000000e+00
    endloop
  endfacet
  facet normal 6.374240e-01 7.705132e-01 0.000000e+00
    outer loop
      vertex   6.892677e+00 -1.477432e+01 3.000000e+00
      vertex   6.892677e+00 -1.477432e+01 0.000000e+00
      vertex   6.583650e+00 -1.451867e+01 3.000000e+00
    endloop
  endfacet
  facet normal 6.374240e-01 7.705132e-01 0.000000e+00
    outer loop
      vertex   6.583650e+00 -1.451867e+01 3.000000e+00
      vertex   6.892677e+00 -1.477432e+01 0.000000e+00
      vertex   6.583650e+00 -1.451867e+01 0.000000e+00
    endloop
  endfacet
  facet normal 8.090170e-01 5.877853e-01 0.000000e+00
    outer loop
      vertex   6.583650e+00 -1.451867e+01 3.000000e+00
      vertex   6.583650e+00 -1.451867e+01 0.000000e+00
      vertex   6.347909e+00 -1.419420e+01 3.000000e+00
    endloop
  endfacet
  facet normal 8.090170e-01 5.877853e-01 0.000000e+00
    outer loop
      vertex   6.347909e+00 -1.419420e+01 3.000000e+00
      vertex   6.583650e+00 -1.451867e+01 0.000000e+00
      vertex   6.347909e+00 -1.419420e+01 0.000000e+00
    endloop
  endfacet
  facet normal 9.297765e-01 3.681246e-01 0.000000e+00
    outer loop
      vertex   6.347909e+00 -1.419420e+01 3.000000e+00
      vertex   6.347909e+00 -1.419420e+01 0.000000e+00
      vertex   6.200267e+00 -1.382130e+01 3.000000e+00
    endloop
  endfacet
  facet normal 9.297765e-01 3.681246e-01 0.000000e+00
    outer loop
      vertex   6.200267e+00 -1.382130e+01 3.000000e+00
      vertex   6.347909e+00 -1.419420e+01 0.000000e+00
      vertex   6.200267e+00 -1.382130e+01 0.000000e+00
    endloop
  endfacet
  facet normal 9.921147e-01 1.253332e-01 0.000000e+00
    outer loop
      vertex   -9.316762e+00 1.301564e+01 3.000000e+00
      vertex   -9.316762e+00 1.301564e+01 0.000000e+00
      vertex   -9.367029e+00 1.341355e+01 3.000000e+00
    endloop
  endfacet
  facet normal 9.921147e-01 1.253332e-01 0.000000e+00
    outer loop
      vertex   -9.367029e+00 1.341355e+01 3.000000e+00
      vertex   -9.316762e+00 1.301564e+01 0.000000e+00
      vertex   -9.367029e+00 1.341355e+01 0.000000e+00
    endloop
  endfacet
  facet normal 9.921147e-01 -1.253332e-01 0.000000e+00
    outer loop
      vertex   -9.367029e+00 1.341355e+01 3.000000e+00
      vertex   -9.367029e+00 1.341355e+01 0.000000e+00
      vertex   -9.316762e+00 1.381145e+01 3.000000e+00
    endloop
  endfacet
  facet normal 9.921147e-01 -1.253332e-01 0.000000e+00
    outer loop
      vertex   -9.316762e+00 1.381145e+01 3.000000e+00
      vertex   -9.367029e+00 1.341355e+01 0.000000e+00
      vertex   -9.316762e+00 1.381145e+01 0.000000e+00
    endloop
  endfacet
  facet normal 9.297765e-01 -3.681246e-01 0.000000e+00
    outer loop
      vertex   -9.316762e+00 1.381145e+01 3.000000e+00
      vertex   -9.316762e+00 1.381145e+01 0.000000e+00
      vertex   -9.169119e+00 1.418435e+01 3.000000e+00
    endloop
  endfacet
  facet normal 9.297765e-01 -3.681246e-01 0.000000e+00
    outer loop
      vertex   -9.169119e+00 1.418435e+01 3.000000e+00
      vertex   -9.316762e+00 1.381145e+01 0.000000e+00
      vertex   -9.169119e+00 1.418435e+01 0.000000e+00
    endloop
  endfacet
  facet normal 8.090170e-01 -5.877853e-01 0.000000e+00
    outer loop
      vertex   -9.169119e+00 1.418435e+01 3.000000e+00
      vertex   -9.169119e+00 1.418435e+01 0.000000e+00
      vertex   -8.933378e+00 1.450882e+01 3.000000e+00
    endloop
  endfacet
  facet normal 8.090170e-01 -5.877853e-01 0.000000e+00
    outer loop
      vertex   -8.933378e+00 1.450882e+01 3.000000e+00
      vertex   -9.169119e+00 1.418435e+01 0.000000e+00
      vertex   -8.933378e+00 1.450882e+01 0.000000e+00
    endloop
  endfacet
  facet normal 6.374240e-01 -7.705132e-01 0.000000e+00
    outer loop
      vertex   -8.933378e+00 1.450882e+01 3.000000e+00
      vertex   -8.933378e+00 1.450882e+01 0.000000e+00
      vertex   -8.624351e+00 1.476447e+01 3.000000e+00
    endloop
  endfacet
  facet normal 6.374240e-01 -7.705132e-01 0.000000e+00
    outer loop
      vertex   -8.624351e+00 1.476447e+01 3.000000e+00
      vertex   -8.933378e+00 1.450882e+01 0.000000e+00
      vertex   -8.624351e+00 1.476447e+01 0.000000e+00
    endloop
  endfacet
  facet normal 4.257793e-01 -9.048271e-01 0.000000e+00
    outer loop
      vertex   -8.624351e+00 1.476447e+01 3.000000e+00
      vertex   -8.624351e+00 1.476447e+01 0.000000e+00
      vertex   -8.261456e+00 1.493524e+01 3.000000e+00
    endloop
  endfacet
  facet normal 4.257793e-01 -9.048271e-01 0.000000e+00
    outer loop
      vertex   -8.261456e+00 1.493524e+01 3.000000e+00
      vertex   -8.624351e+00 1.476447e+01 0.000000e+00
      vertex   -8.261456e+00 1.493524e+01 0.000000e+00
    endloop
  endfacet
  facet normal 1.873813e-01 -9.822873e-01 0.000000e+00
    outer loop
      vertex   -8.261456e+00 1.493524e+01 3.000000e+00
      vertex   -8.261456e+00 1.493524e+01 0.000000e+00
      vertex   -7.867493e+00 1.501039e+01 3.000000e+00
    endloop
  endfacet
  facet normal 1.873813e-01 -9.822873e-01 0.000000e+00
    outer loop
      vertex   -7.867493e+00 1.501039e+01 3.000000e+00
      vertex   -8.261456e+00 1.493524e+01 0.000000e+00
      vertex   -7.867493e+00 1.501039e+01 0.000000e+00
    endloop
  endfacet
  facet normal -6.279052e-02 -9.980267e-01 -0.000000e+00
    outer loop
      vertex   -7.867493e+00 1.501039e+01 3.000000e+00
      vertex   -7.867493e+00 1.501039e+01 0.000000e+00
      vertex   -7.467218e+00 1.498521e+01 3.000000e+00
    endloop
  endfacet
  facet normal -6.279052e-02 -9.980267e-01 -0.000000e+00
    outer loop
      vertex   -7.467218e+00 1.498521e+01 3.000000e+00
      vertex   -7.867493e+00 1.501039e+01 0.000000e+00
      vertex   -7.467218e+00 1.498521e+01 0.000000e+00
    endloop
  endfacet
  facet normal -3.090170e-01 -9.510565e-01 -0.000000e+00
    outer loop
      vertex   -7.467218e+00 1.498521e+01 3.000000e+00
      vertex   -7.467218e+00 1.498521e+01 0.000000e+00
      vertex   -7.085782e+00 1.486127e+01 3.000000e+00
    endloop
  endfacet
  facet normal -3.090170e-01 -9.510565e-01 -0.000000e+00
    outer loop
      vertex   -7.085782e+00 1.486127e+01 3.000000e+00
      vertex   -7.467218e+00 1.498521e+01 0.000000e+00
      vertex   -7.085782e+00 1.486127e+01 0.000000e+00
    endloop
  endfacet
  facet normal -5.358268e-01 -8.443279e-01 -0.000000e+00
    outer loop
      vertex   -7.085782e+00 1.486127e+01 3.000000e+00
      vertex   -7.085782e+00 1.486127e+01 0.000000e+00
      vertex   -6.747150e+00 1.464637e+01 3.000000e+00
    endloop
  endfacet
  facet normal -5.358268e-01 -8.443279e-01 -0.000000e+00
    outer loop
      vertex   -6.747150e+00 1.464637e+01 3.000000e+00
      vertex   -7.085782e+00 1.486127e+01 0.000000e+00
      vertex   -6.747150e+00 1.464637e+01 0.000000e+00
    endloop
  endfacet
  facet normal -7.289686e-01 -6.845471e-01 -0.000000e+00
    outer loop
      vertex   -6.747150e+00 1.464637e+01 3.000000e+00
      vertex   -6.747150e+00 1.464637e+01 0.000000e+00
      vertex   -6.472601e+00 1.435400e+01 3.000000e+00
    endloop
  endfacet
  facet normal -7.289686e-01 -6.845471e-01 -0.000000e+00
    outer loop
      vertex   -6.472601e+00 1.435400e+01 3.000000e+00
      vertex   -6.747150e+00 1.464637e+01 0.000000e+00
      vertex   -6.472601e+00 1.435400e+01 0.000000e+00
    endloop
  endfacet
  facet normal -8.763067e-01 -4.817537e-01 -0.000000e+00
    outer loop
      vertex   -6.472601e+00 1.435400e+01 3.000000e+00
      vertex   -6.472601e+00 1.435400e+01 0.000000e+00
      vertex   -6.279386e+00 1.400255e+01 3.000000e+00
    endloop
  endfacet
  facet normal -8.763067e-01 -4.817537e-01 -0.000000e+00
    outer loop
      vertex   -6.279386e+00 1.400255e+01 3.000000e+00
      vertex   -6.472601e+00 1.435400e+01 0.000000e+00
      vertex   -6.279386e+00 1.400255e+01 0.000000e+00
    endloop
  endfacet
  facet normal -9.685832e-01 -2.486899e-01 -0.000000e+00
    outer loop
      vertex   -6.279386e+00 1.400255e+01 3.000000e+00
      vertex   -6.279386e+00 1.400255e+01 0.000000e+00
      vertex   -6.179645e+00 1.361408e+01 3.000000e+00
    endloop
  endfacet
  facet normal -9.685832e-01 -2.486899e-01 -0.000000e+00
    outer loop
      vertex   -6.179645e+00 1.361408e+01 3.000000e+00
      vertex   -6.279386e+00 1.400255e+01 0.000000e+00
      vertex   -6.179645e+00 1.361408e+01 0.000000e+00
    endloop
  endfacet
  facet normal -1.000000e+00 -0.000000e+00 -0.000000e+00
    outer loop
      vertex   -6.179645e+00 1.361408e+01 3.000000e+00
      vertex   -6.179645e+00 1.361408e+01 0.000000e+00
      vertex   -6.179645e+00 1.321301e+01 3.000000e+00
    endloop
  endfacet
  facet normal -1.000000e+00 0.000000e+00 0.000000e+00
    outer loop
      vertex   -6.179645e+00 1.321301e+01 3.000000e+00
      vertex   -6.179645e+00 1.361408e+01 0.000000e+00
      vertex   -6.179645e+00 1.321301e+01 0.000000e+00
    endloop
  endfacet
  facet normal -9.685832e-01 2.486899e-01 0.000000e+00
    outer loop
      vertex   -6.179645e+00 1.321301e+01 3.000000e+00
      vertex   -6.179645e+00 1.321301e+01 0.000000e+00
      vertex   -6.279386e+00 1.282455e+01 3.000000e+00
    endloop
  endfacet
  facet normal -9.685832e-01 2.486899e-01 0.000000e+00
    outer loop
      vertex   -6.279386e+00 1.282455e+01 3.000000e+00
      vertex   -6.179645e+00 1.321301e+01 0.000000e+00
      vertex   -6.279386e+00 1.282455e+01 0.000000e+00
    endloop
  endfacet
  facet normal -8.763067e-01 4.817537e-01 0.000000e+00
    outer loop
      vertex   -6.279386e+00 1.282455e+01 3.000000e+00
      vertex   -6.279386e+00 1.282455e+01 0.000000e+00
      vertex   -6.472601e+00 1.247309e+01 3.000000e+00
    endloop
  endfacet
  facet normal -8.763067e-01 4.817537e-01 0.000000e+00
    outer loop
      vertex   -6.472601e+00 1.247309e+01 3.000000e+00
      vertex   -6.279386e+00 1.282455e+01 0.000000e+00
      vertex   -6.472601e+00 1.247309e+01 0.000000e+00
    endloop
  endfacet
  facet normal -7.289686e-01 6.845471e-01 0.000000e+00
    outer loop
      vertex   -6.472601e+00 1.247309e+01 3.000000e+00
      vertex   -6.472601e+00 1.247309e+01 0.000000e+00
      vertex   -6.747150e+00 1.218073e+01 3.000000e+00
    endloop
  endfacet
  facet normal -7.289686e-01 6.845471e-01 0.000000e+00
    outer loop
      vertex   -6.747150e+00 1.218073e+01 3.000000e+00
      vertex   -6.472601e+00 1.247309e+01 0.000000e+00
      vertex   -6.747150e+00 1.218073e+01 0.000000e+00
    endloop
  endfacet
  facet normal -5.358268e-01 8.443279e-01 0.000000e+00
    outer loop
      vertex   -6.747150e+00 1.218073e+01 3.000000e+00
      vertex   -6.747150e+00 1.218073e+01 0.000000e+00
      vertex   -7.085782e+00 1.196582e+01 3.000000e+00
    endloop
  endfacet
  facet normal -5.358268e-01 8.443279e-01 0.000000e+00
    outer loop
      vertex   -7.085782e+00 1.196582e+01 3.000000e+00
      vertex   -6.747150e+00 1.218073e+01 0.000000e+00
      vertex   -7.085782e+00 1.196582e+01 0.000000e+00
    endloop
  endfacet
  facet normal -3.090170e-01 9.510565e-01 0.000000e+00
    outer loop
      vertex   -7.085782e+00 1.196582e+01 3.000000e+00
      vertex   -7.085782e+00 1.196582e+01 0.000000e+00
      vertex   -7.467218e+00 1.184189e+01 3.000000e+00
    endloop
  endfacet
  facet normal -3.090170e-01 9.510565e-01 0.000000e+00
    outer loop
      vertex   -7.467218e+00 1.184189e+01 3.000000e+00
      vertex   -7.085782e+00 1.196582e+01 0.000000e+00
      vertex   -7.467218e+00 1.184189e+01 0.000000e+00
    endloop
  endfacet
  facet normal -6.279052e-02 9.980267e-01 0.000000e+00
    outer loop
      vertex   -7.467218e+00 1.184189e+01 3.000000e+00
      vertex   -7.467218e+00 1.184189e+01 0.000000e+00
      vertex   -7.867493e+00 1.181671e+01 3.000000e+00
    endloop
  endfacet
  facet normal -6.279052e-02 9.980267e-01 0.000000e+00
    outer loop
      vertex   -7.867493e+00 1.181671e+01 3.000000e+00
      vertex   -7.467218e+00 1.184189e+01 0.000000e+00
      vertex   -7.867493e+00 1.181671e+01 0.000000e+00
    endloop
  endfacet
  facet normal 1.873813e-01 9.822873e-01 0.000000e+00
    outer loop
      vertex   -7.867493e+00 1.181671e+01 3.000000e+00
      vertex   -7.867493e+00 1.181671e+01 0.000000e+00
      vertex   -8.261456e+00 1.189186e+01 3.000000e+00
    endloop
  endfacet
  facet normal 1.873813e-01 9.822873e-01 0.000000e+00
    outer loop
      vertex   -8.261456e+00 1.189186e+01 3.000000e+00
      vertex   -7.867493e+00 1.181671e+01 0.000000e+00
      vertex   -8.261456e+00 1.189186e+01 0.000000e+00
    endloop
  endfacet
  facet normal 4.257793e-01 9.048271e-01 0.000000e+00
    outer loop
      vertex   -8.261456e+00 1.189186e+01 3.000000e+00
      vertex   -8.261456e+00 1.189186e+01 0.000000e+00
      vertex   -8.624351e+00 1.206262e+01 3.000000e+00
    endloop
  endfacet
  facet normal 4.257793e-01 9.048271e-01 0.000000e+00
    outer loop
      vertex   -8.624351e+00 1.206262e+01 3.000000e+00
      vertex   -8.261456e+00 1.189186e+01 0.000000e+00
      vertex   -8.624351e+00 1.206262e+01 0.000000e+00
    endloop
  endfacet
  facet normal 6.374240e-01 7.705132e-01 0.000000e+00
    outer loop
      vertex   -8.624351e+00 1.206262e+01 3.000000e+00
      vertex   -8.624351e+00 1.206262e+01 0.000000e+00
      vertex   -8.933378e+00 1.231827e+01 3.000000e+00
    endloop
  endfacet
  facet normal 6.374240e-01 7.705132e-01 0.000000e+00
    outer loop
      vertex   -8.933378e+00 1.231827e+01 3.000000e+00
      vertex   -8.624351e+00 1.206262e+01 0.000000e+00
      vertex   -8.933378e+00 1.231827e+01 0.000000e+00
    endloop
  endfacet
  facet normal 8.090170e-01 5.877853e-01 0.000000e+00
    outer loop
      vertex   -8.933378e+00 1.231827e+01 3.000000e+00
      vertex   -8.933378e+00 1.231827e+01 0.000000e+00
      vertex   -9.169119e+00 1.264274e+01 3.000000e+00
    endloop
  endfacet
  facet normal 8.090170e-01 5.877853e-01 0.000000e+00
    outer loop
      vertex   -9.169119e+00 1.264274e+01 3.000000e+00
      vertex   -8.933378e+00 1.231827e+01 0.000000e+00
      vertex   -9.169119e+00 1.264274e+01 0.000000e+00
    endloop
  endfacet
  facet normal 9.297765e-01 3.681246e-01 0.000000e+00
    outer loop
      vertex   -9.169119e+00 1.264274e+01 3.000000e+00
      vertex   -9.169119e+00 1.264274e+01 0.000000e+00
      vertex   -9.316762e+00 1.301564e+01 3.000000e+00
    endloop
  endfacet
  facet normal 9.297765e-01 3.681246e-01 0.000000e+00
    outer loop
      vertex   -9.316762e+00 1.301564e+01 3.000000e+00
      vertex   -9.169119e+00 1.264274e+01 0.000000e+00
      vertex   -9.316762e+00 1.301564e+01 0.000000e+00
    endloop
  endfacet
  facet normal 9.921147e-01 1.253332e-01 0.000000e+00
    outer loop
      vertex   6.200267e+00 1.302549e+01 3.000000e+00
      vertex   6.200267e+00 1.302549e+01 0.000000e+00
      vertex   6.150000e+00 1.342339e+01 3.000000e+00
    endloop
  endfacet
  facet normal 9.921147e-01 1.253332e-01 0.000000e+00
    outer loop
      vertex   6.150000e+00 1.342339e+01 3.000000e+00
      vertex   6.200267e+00 1.302549e+01 0.000000e+00
      vertex   6.150000e+00 1.342339e+01 0.000000e+00
    endloop
  endfacet
  facet normal 9.921147e-01 -1.253332e-01 0.000000e+00
    outer loop
      vertex   6.150000e+00 1.342339e+01 3.000000e+00
      vertex   6.150000e+00 1.342339e+01 0.000000e+00
      vertex   6.200267e+00 1.382130e+01 3.000000e+00
    endloop
  endfacet
  facet normal 9.921147e-01 -1.253332e-01 0.000000e+00
    outer loop
      vertex   6.200267e+00 1.382130e+01 3.000000e+00
      vertex   6.150000e+00 1.342339e+01 0.000000e+00
      vertex   6.200267e+00 1.382130e+01 0.000000e+00
    endloop
  endfacet
  facet normal 9.297765e-01 -3.681246e-01 0.000000e+00
    outer loop
      vertex   6.200267e+00 1.382130e+01 3.000000e+00
      vertex   6.200267e+00 1.382130e+01 0.000000e+00
      vertex   6.347909e+00 1.419420e+01 3.000000e+00
    endloop
  endfacet
  facet normal 9.297765e-01 -3.681246e-01 0.000000e+00
    outer loop
      vertex   6.347909e+00 1.419420e+01 3.000000e+00
      vertex   6.200267e+00 1.382130e+01 0.000000e+00
      vertex   6.347909e+00 1.419420e+01 0.000000e+00
    endloop
  endfacet
  facet normal 8.090170e-01 -5.877853e-01 0.000000e+00
    outer loop
      vertex   6.347909e+00 1.419420e+01 3.000000e+00
      vertex   6.347909e+00 1.419420e+01 0.000000e+00
      vertex   6.583650e+00 1.451867e+01 3.000000e+00
    endloop
  endfacet
  facet normal 8.090170e-01 -5.877853e-01 0.000000e+00
    outer loop
      vertex   6.583650e+00 1.451867e+01 3.000000e+00
      vertex   6.347909e+00 1.419420e+01 0.000000e+00
      vertex   6.583650e+00 1.451867e+01 0.000000e+00
    endloop
  endfacet
  facet normal 6.374240e-01 -7.705132e-01 0.000000e+00
    outer loop
      vertex   6.583650e+00 1.451867e+01 3.000000e+00
      vertex   6.583650e+00 1.451867e+01 0.000000e+00
      vertex   6.892677e+00 1.477432e+01 3.000000e+00
    endloop
  endfacet
  facet normal 6.374240e-01 -7.705132e-01 0.000000e+00
    outer loop
      vertex   6.892677e+00 1.477432e+01 3.000000e+00
      vertex   6.583650e+00 1.451867e+01 0.000000e+00
      vertex   6.892677e+00 1.477432e+01 0.000000e+00
    endloop
  endfacet
  facet normal 4.257793e-01 -9.048271e-01 0.000000e+00
    outer loop
      vertex   6.892677e+00 1.477432e+01 3.000000e+00
      vertex   6.892677e+00 1.477432e+01 0.000000e+00
      vertex   7.255573e+00 1.494508e+01 3.000000e+00
    endloop
  endfacet
  facet normal 4.257793e-01 -9.048271e-01 0.000000e+00
    outer loop
      vertex   7.255573e+00 1.494508e+01 3.000000e+00
      vertex   6.892677e+00 1.477432e+01 0.000000e+00
      vertex   7.255573e+00 1.494508e+01 0.000000e+00
    endloop
  endfacet
  facet normal 1.873813e-01 -9.822873e-01 0.000000e+00
    outer loop
      vertex   7.255573e+00 1.494508e+01 3.000000e+00
      vertex   7.255573e+00 1.494508e+01 0.000000e+00
      vertex   7.649535e+00 1.502024e+01 3.000000e+00
    endloop
  endfacet
  facet normal 1.873813e-01 -9.822873e-01 0.000000e+00
    outer loop
      vertex   7.649535e+00 1.502024e+01 3.000000e+00
      vertex   7.255573e+00 1.494508e+01 0.000000e+00
      vertex   7.649535e+00 1.502024e+01 0.000000e+00
    endloop
  endfacet
  facet normal -6.279052e-02 -9.980267e-01 -0.000000e+00
    outer loop
      vertex   7.649535e+00 1.502024e+01 3.000000e+00
      vertex   7.649535e+00 1.502024e+01 0.000000e+00
      vertex   8.049810e+00 1.499505e+01 3.000000e+00
    endloop
  endfacet
  facet normal -6.279052e-02 -9.980267e-01 -0.000000e+00
    outer loop
      vertex   8.049810e+00 1.499505e+01 3.000000e+00
      vertex   7.649535e+00 1.502024e+01 0.000000e+00
      vertex   8.049810e+00 1.499505e+01 0.000000e+00
    endloop
  endfacet
  facet normal -3.090170e-01 -9.510565e-01 -0.000000e+00
    outer loop
      vertex   8.049810e+00 1.499505e+01 3.000000e+00
      vertex   8.049810e+00 1.499505e+01 0.000000e+00
      vertex   8.431247e+00 1.487112e+01 3.000000e+00
    endloop
  endfacet
  facet normal -3.090170e-01 -9.510565e-01 -0.000000e+00
    outer loop
      vertex   8.431247e+00 1.487112e+01 3.000000e+00
      vertex   8.049810e+00 1.499505e+01 0.000000e+00
      vertex   8.431247e+00 1.487112e+01 0.000000e+00
    endloop
  endfacet
  facet normal -5.358268e-01 -8.443279e-01 -0.000000e+00
    outer loop
      vertex   8.431247e+00 1.487112e+01 3.000000e+00
      vertex   8.431247e+00 1.487112e+01 0.000000e+00
      vertex   8.769878e+00 1.465621e+01 3.000000e+00
    endloop
  endfacet
  facet normal -5.358268e-01 -8.443279e-01 -0.000000e+00
    outer loop
      vertex   8.769878e+00 1.465621e+01 3.000000e+00
      vertex   8.431247e+00 1.487112e+01 0.000000e+00
      vertex   8.769878e+00 1.465621e+01 0.000000e+00
    endloop
  endfacet
  facet normal -7.289686e-01 -6.845471e-01 -0.000000e+00
    outer loop
      vertex   8.769878e+00 1.465621e+01 3.000000e+00
      vertex   8.769878e+00 1.465621e+01 0.000000e+00
      vertex   9.044427e+00 1.436385e+01 3.000000e+00
    endloop
  endfacet
  facet normal -7.289686e-01 -6.845471e-01 -0.000000e+00
    outer loop
      vertex   9.044427e+00 1.436385e+01 3.000000e+00
      vertex   8.769878e+00 1.465621e+01 0.000000e+00
      vertex   9.044427e+00 1.436385e+01 0.000000e+00
    endloop
  endfacet
  facet normal -8.763067e-01 -4.817537e-01 -0.000000e+00
    outer loop
      vertex   9.044427e+00 1.436385e+01 3.000000e+00
      vertex   9.044427e+00 1.436385e+01 0.000000e+00
      vertex   9.237642e+00 1.401239e+01 3.000000e+00
    endloop
  endfacet
  facet normal -8.763067e-01 -4.817537e-01 -0.000000e+00
    outer loop
      vertex   9.237642e+00 1.401239e+01 3.000000e+00
      vertex   9.044427e+00 1.436385e+01 0.000000e+00
      vertex   9.237642e+00 1.401239e+01 0.000000e+00
    endloop
  endfacet
  facet normal -9.685832e-01 -2.486899e-01 -0.000000e+00
    outer loop
      vertex   9.237642e+00 1.401239e+01 3.000000e+00
      vertex   9.237642e+00 1.401239e+01 0.000000e+00
      vertex   9.337383e+00 1.362393e+01 3.000000e+00
    endloop
  endfacet
  facet normal -9.685832e-01 -2.486899e-01 -0.000000e+00
    outer loop
      vertex   9.337383e+00 1.362393e+01 3.000000e+00
      vertex   9.237642e+00 1.401239e+01 0.000000e+00
      vertex   9.337383e+00 1.362393e+01 0.000000e+00
    endloop
  endfacet
  facet normal -1.000000e+00 -0.000000e+00 -0.000000e+00
    outer loop
      vertex   9.337383e+00 1.362393e+01 3.000000e+00
      vertex   9.337383e+00 1.362393e+01 0.000000e+00
      vertex   9.337383e+00 1.322286e+01 3.000000e+00
    endloop
  endfacet
  facet normal -1.000000e+00 0.000000e+00 0.000000e+00
    outer loop
      vertex   9.337383e+00 1.322286e+01 3.000000e+00
      vertex   9.337383e+00 1.362393e+01 0.000000e+00
      vertex   9.337383e+00 1.322286e+01 0.000000e+00
    endloop
  endfacet
  facet normal -9.685832e-01 2.486899e-01 0.000000e+00
    outer loop
      vertex   9.337383e+00 1.322286e+01 3.000000e+00
      vertex   9.337383e+00 1.322286e+01 0.000000e+00
      vertex   9.237642e+00 1.283439e+01 3.000000e+00
    endloop
  endfacet
  facet normal -9.685832e-01 2.486899e-01 0.000000e+00
    outer loop
      vertex   9.237642e+00 1.283439e+01 3.000000e+00
      vertex   9.337383e+00 1.322286e+01 0.000000e+00
      vertex   9.237642e+00 1.283439e+01 0.000000e+00
    endloop
  endfacet
  facet normal -8.763067e-01 4.817537e-01 0.000000e+00
    outer loop
      vertex   9.237642e+00 1.283439e+01 3.000000e+00
      vertex   9.237642e+00 1.283439e+01 0.000000e+00
      vertex   9.044427e+00 1.248294e+01 3.000000e+00
    endloop
  endfacet
  facet normal -8.763067e-01 4.817537e-01 0.000000e+00
    outer loop
      vertex   9.044427e+00 1.248294e+01 3.000000e+00
      vertex   9.237642e+00 1.283439e+01 0.000000e+00
      vertex   9.044427e+00 1.248294e+01 0.000000e+00
    endloop
  endfacet
  facet normal -7.289686e-01 6.845471e-01 0.000000e+00
    outer loop
      vertex   9.044427e+00 1.248294e+01 3.000000e+00
      vertex   9.044427e+00 1.248294e+01 0.000000e+00
      vertex   8.769878e+00 1.219057e+01 3.000000e+00
    endloop
  endfacet
  facet normal -7.289686e-01 6.845471e-01 0.000000e+00
    outer loop
      vertex   8.769878e+00 1.219057e+01 3.000000e+00
      vertex   9.044427e+00 1.248294e+01 0.000000e+00
      vertex   8.769878e+00 1.219057e+01 0.000000e+00
    endloop
  endfacet
  facet normal -5.358268e-01 8.443279e-01 0.000000e+00
    outer loop
      vertex   8.769878e+00 1.219057e+01 3.000000e+00
      vertex   8.769878e+00 1.219057e+01 0.000000e+00
      vertex   8.431247e+00 1.197567e+01 3.000000e+00
    endloop
  endfacet
  facet normal -5.358268e-01 8.443279e-01 0.000000e+00
    outer loop
      vertex   8.431247e+00 1.197567e+01 3.000000e+00
      vertex   8.769878e+00 1.219057e+01 0.000000e+00
      vertex   8.431247e+00 1.197567e+01 0.000000e+00
    endloop
  endfacet
  facet normal -3.090170e-01 9.510565e-01 0.000000e+00
    outer loop
      vertex   8.431247e+00 1.197567e+01 3.000000e+00
      vertex   8.431247e+00 1.197567e+01 0.000000e+00
      vertex   8.049810e+00 1.185173e+01 3.000000e+00
    endloop
  endfacet
  facet normal -3.090170e-01 9.510565e-01 0.000000e+00
    outer loop
      vertex   8.049810e+00 1.185173e+01 3.000000e+00
      vertex   8.431247e+00 1.197567e+01 0.000000e+00
      vertex   8.049810e+00 1.185173e+01 0.000000e+00
    endloop
  endfacet
  facet normal -6.279052e-02 9.980267e-01 0.000000e+00
    outer loop
      vertex   8.049810e+00 1.185173e+01 3.000000e+00
      vertex   8.049810e+00 1.185173e+01 0.000000e+00
      vertex   7.649535e+00 1.182655e+01 3.000000e+00
    endloop
  endfacet
  facet normal -6.279052e-02 9.980267e-01 0.000000e+00
    outer loop
      vertex   7.649535e+00 1.182655e+01 3.000000e+00
      vertex   8.049810e+00 1.185173e+01 0.000000e+00
      vertex   7.649535e+00 1.182655e+01 0.000000e+00
    endloop
  endfacet
  facet normal 1.873813e-01 9.822873e-01 0.000000e+00
    outer loop
      vertex   7.649535e+00 1.182655e+01 3.000000e+00
      vertex   7.649535e+00 1.182655e+01 0.000000e+00
      vertex   7.255573e+00 1.190170e+01 3.000000e+00
    endloop
  endfacet
  facet normal 1.873813e-01 9.822873e-01 0.000000e+00
    outer loop
      vertex   7.255573e+00 1.190170e+01 3.000000e+00
      vertex   7.649535e+00 1.182655e+01 0.000000e+00
      vertex   7.255573e+00 1.190170e+01 0.000000e+00
    endloop
  endfacet
  facet normal 4.257793e-01 9.048271e-01 0.000000e+00
    outer loop
      vertex   7.255573e+00 1.190170e+01 3.000000e+00
      vertex   7.255573e+00 1.190170e+01 0.000000e+00
      vertex   6.892677e+00 1.207247e+01 3.000000e+00
    endloop
  endfacet
  facet normal 4.257793e-01 9.048271e-01 0.000000e+00
    outer loop
      vertex   6.892677e+00 1.207247e+01 3.000000e+00
      vertex   7.255573e+00 1.190170e+01 0.000000e+00
      vertex   6.892677e+00 1.207247e+01 0.000000e+00
    endloop
  endfacet
  facet normal 6.374240e-01 7.705132e-01 0.000000e+00
    outer loop
      vertex   6.892677e+00 1.207247e+01 3.000000e+00
      vertex   6.892677e+00 1.207247e+01 0.000000e+00
      vertex   6.583650e+00 1.232812e+01 3.000000e+00
    endloop
  endfacet
  facet normal 6.374240e-01 7.705132e-01 0.000000e+00
    outer loop
      vertex   6.583650e+00 1.232812e+01 3.000000e+00
      vertex   6.892677e+00 1.207247e+01 0.000000e+00
      vertex   6.583650e+00 1.232812e+01 0.000000e+00
    endloop
  endfacet
  facet normal 8.090170e-01 5.877853e-01 0.000000e+00
    outer loop
      vertex   6.583650e+00 1.232812e+01 3.000000e+00
      vertex   6.583650e+00 1.232812e+01 0.000000e+00
      vertex   6.347909e+00 1.265259e+01 3.000000e+00
    endloop
  endfacet
  facet normal 8.090170e-01 5.877853e-01 0.000000e+00
    outer loop
      vertex   6.347909e+00 1.265259e+01 3.000000e+00
      vertex   6.583650e+00 1.232812e+01 0.000000e+00
      vertex   6.347909e+00 1.265259e+01 0.000000e+00
    endloop
  endfacet
  facet normal 9.297765e-01 3.681246e-01 0.000000e+00
    outer loop
      vertex   6.347909e+00 1.265259e+01 3.000000e+00
      vertex   6.347909e+00 1.265259e+01 0.000000e+00
      vertex   6.200267e+00 1.302549e+01 3.000000e+00
    endloop
  endfacet
  facet normal 9.297765e-01 3.681246e-01 0.000000e+00
    outer loop
      vertex   6.200267e+00 1.302549e+01 3.000000e+00
      vertex   6.347909e+00 1.265259e+01 0.000000e+00
      vertex   6.200267e+00 1.302549e+01 0.000000e+00
    endloop
  endfacet
  facet normal 9.921147e-01 1.253332e-01 0.000000e+00
    outer loop
      vertex   -9.282692e+00 -1.383112e+01 3.000000e+00
      vertex   -9.282692e+00 -1.383112e+01 0.000000e+00
      vertex   -9.332959e+00 -1.343322e+01 3.000000e+00
    endloop
  endfacet
  facet normal 9.921147e-01 1.253332e-01 0.000000e+00
    outer loop
      vertex   -9.332959e+00 -1.343322e+01 3.000000e+00
      vertex   -9.282692e+00 -1.383112e+01 0.000000e+00
      vertex   -9.332959e+00 -1.343322e+01 0.000000e+00
    endloop
  endfacet
  facet normal 9.921147e-01 -1.253332e-01 0.000000e+00
    outer loop
      vertex   -9.332959e+00 -1.343322e+01 3.000000e+00
      vertex   -9.332959e+00 -1.343322e+01 0.000000e+00
      vertex   -9.282692e+00 -1.303531e+01 3.000000e+00
    endloop
  endfacet
  facet normal 9.921147e-01 -1.253332e-01 0.000000e+00
    outer loop
      vertex   -9.282692e+00 -1.303531e+01 3.000000e+00
      vertex   -9.332959e+00 -1.343322e+01 0.000000e+00
      vertex   -9.282692e+00 -1.303531e+01 0.000000e+00
    endloop
  endfacet
  facet normal 9.297765e-01 -3.681246e-01 0.000000e+00
    outer loop
      vertex   -9.282692e+00 -1.303531e+01 3.000000e+00
      vertex   -9.282692e+00 -1.303531e+01 0.000000e+00
      vertex   -9.135050e+00 -1.266241e+01 3.000000e+00
    endloop
  endfacet
  facet normal 9.297765e-01 -3.681246e-01 0.000000e+00
    outer loop
      vertex   -9.135050e+00 -1.266241e+01 3.000000e+00
      vertex   -9.282692e+00 -1.303531e+01 0.000000e+00
      vertex   -9.135050e+00 -1.266241e+01 0.000000e+00
    endloop
  endfacet
  facet normal 8.090170e-01 -5.877853e-01 0.000000e+00
    outer loop
      vertex   -9.135050e+00 -1.266241e+01 3.000000e+00
      vertex   -9.135050e+00 -1.266241e+01 0.000000e+00
      vertex   -8.899309e+00 -1.233794e+01 3.000000e+00
    endloop
  endfacet
  facet normal 8.090170e-01 -5.877853e-01 0.000000e+00
    outer loop
      vertex   -8.899309e+00 -1.233794e+01 3.000000e+00
      vertex   -9.135050e+00 -1.266241e+01 0.000000e+00
      vertex   -8.899309e+00 -1.233794e+01 0.000000e+00
    endloop
  endfacet
  facet normal 6.374240e-01 -7.705132e-01 0.000000e+00
    outer loop
      vertex   -8.899309e+00 -1.233794e+01 3.000000e+00
      vertex   -8.899309e+00 -1.233794e+01 0.000000e+00
      vertex   -8.590282e+00 -1.208229e+01 3.000000e+00
    endloop
  endfacet
  facet normal 6.374240e-01 -7.705132e-01 0.000000e+00
    outer loop
      vertex   -8.590282e+00 -1.208229e+01 3.000000e+00
      vertex   -8.899309e+00 -1.233794e+01 0.000000e+00
      vertex   -8.590282e+00 -1.208229e+01 0.000000e+00
    endloop
  endfacet
  facet normal 4.257793e-01 -9.048271e-01 0.000000e+00
    outer loop
      vertex   -8.590282e+00 -1.208229e+01 3.000000e+00
      vertex   -8.590282e+00 -1.208229e+01 0.000000e+00
      vertex   -8.227386e+00 -1.191153e+01 3.000000e+00
    endloop
  endfacet
  facet normal 4.257793e-01 -9.048271e-01 0.000000e+00
    outer loop
      vertex   -8.227386e+00 -1.191153e+01 3.000000e+00
      vertex   -8.590282e+00 -1.208229e+01 0.000000e+00
      vertex   -8.227386e+00 -1.191153e+01 0.000000e+00
    endloop
  endfacet
  facet normal 1.873813e-01 -9.822873e-01 0.000000e+00
    outer loop
      vertex   -8.227386e+00 -1.191153e+01 3.000000e+00
      vertex   -8.227386e+00 -1.191153e+01 0.000000e+00
      vertex   -7.833424e+00 -1.183638e+01 3.000000e+00
    endloop
  endfacet
  facet normal 1.873813e-01 -9.822873e-01 0.000000e+00
    outer loop
      vertex   -7.833424e+00 -1.183638e+01 3.000000e+00
      vertex   -8.227386e+00 -1.191153e+01 0.000000e+00
      vertex   -7.833424e+00 -1.183638e+01 0.000000e+00
    endloop
  endfacet
  facet normal -6.279052e-02 -9.980267e-01 -0.000000e+00
    outer loop
      vertex   -7.833424e+00 -1.183638e+01 3.000000e+00
      vertex   -7.833424e+00 -1.183638e+01 0.000000e+00
      vertex   -7.433149e+00 -1.186156e+01 3.000000e+00
    endloop
  endfacet
  facet normal -6.279052e-02 -9.980267e-01 -0.000000e+00
    outer loop
      vertex   -7.433149e+00 -1.186156e+01 3.000000e+00
      vertex   -7.833424e+00 -1.183638e+01 0.000000e+00
      vertex   -7.433149e+00 -1.186156e+01 0.000000e+00
    endloop
  endfacet
  facet normal -3.090170e-01 -9.510565e-01 -0.000000e+00
    outer loop
      vertex   -7.433149e+00 -1.186156e+01 3.000000e+00
      vertex   -7.433149e+00 -1.186156e+01 0.000000e+00
      vertex   -7.051712e+00 -1.198549e+01 3.000000e+00
    endloop
  endfacet
  facet normal -3.090170e-01 -9.510565e-01 -0.000000e+00
    outer loop
      vertex   -7.051712e+00 -1.198549e+01 3.000000e+00
      vertex   -7.433149e+00 -1.186156e+01 0.000000e+00
      vertex   -7.051712e+00 -1.198549e+01 0.000000e+00
    endloop
  endfacet
  facet normal -5.358268e-01 -8.443279e-01 -0.000000e+00
    outer loop
      vertex   -7.051712e+00 -1.198549e+01 3.000000e+00
      vertex   -7.051712e+00 -1.198549e+01 0.000000e+00
      vertex   -6.713081e+00 -1.220040e+01 3.000000e+00
    endloop
  endfacet
  facet normal -5.358268e-01 -8.443279e-01 -0.000000e+00
    outer loop
      vertex   -6.713081e+00 -1.220040e+01 3.000000e+00
      vertex   -7.051712e+00 -1.198549e+01 0.000000e+00
      vertex   -6.713081e+00 -1.220040e+01 0.000000e+00
    endloop
  endfacet
  facet normal -7.289686e-01 -6.845471e-01 -0.000000e+00
    outer loop
      vertex   -6.713081e+00 -1.220040e+01 3.000000e+00
      vertex   -6.713081e+00 -1.220040e+01 0.000000e+00
      vertex   -6.438532e+00 -1.249276e+01 3.000000e+00
    endloop
  endfacet
  facet normal -7.289686e-01 -6.845471e-01 -0.000000e+00
    outer loop
      vertex   -6.438532e+00 -1.249276e+01 3.000000e+00
      vertex   -6.713081e+00 -1.220040e+01 0.000000e+00
      vertex   -6.438532e+00 -1.249276e+01 0.000000e+00
    endloop
  endfacet
  facet normal -8.763067e-01 -4.817537e-01 -0.000000e+00
    outer loop
      vertex   -6.438532e+00 -1.249276e+01 3.000000e+00
      vertex   -6.438532e+00 -1.249276e+01 0.000000e+00
      vertex   -6.245317e+00 -1.284422e+01 3.000000e+00
    endloop
  endfacet
  facet normal -8.763067e-01 -4.817537e-01 -0.000000e+00
    outer loop
      vertex   -6.245317e+00 -1.284422e+01 3.000000e+00
      vertex   -6.438532e+00 -1.249276e+01 0.000000e+00
      vertex   -6.245317e+00 -1.284422e+01 0.000000e+00
    endloop
  endfacet
  facet normal -9.685832e-01 -2.486899e-01 -0.000000e+00
    outer loop
      vertex   -6.245317e+00 -1.284422e+01 3.000000e+00
      vertex   -6.245317e+00 -1.284422e+01 0.000000e+00
      vertex   -6.145575e+00 -1.323268e+01 3.000000e+00
    endloop
  endfacet
  facet normal -9.685832e-01 -2.486899e-01 -0.000000e+00
    outer loop
      vertex   -6.145575e+00 -1.323268e+01 3.000000e+00
      vertex   -6.245317e+00 -1.284422e+01 0.000000e+00
      vertex   -6.145575e+00 -1.323268e+01 0.000000e+00
    endloop
  endfacet
  facet normal -1.000000e+00 -0.000000e+00 -0.000000e+00
    outer loop
      vertex   -6.145575e+00 -1.323268e+01 3.000000e+00
      vertex   -6.145575e+00 -1.323268e+01 0.000000e+00
      vertex   -6.145575e+00 -1.363375e+01 3.000000e+00
    endloop
  endfacet
  facet normal -1.000000e+00 0.000000e+00 0.000000e+00
    outer loop
      vertex   -6.145575e+00 -1.363375e+01 3.000000e+00
      vertex   -6.145575e+00 -1.323268e+01 0.000000e+00
      vertex   -6.145575e+00 -1.363375e+01 0.000000e+00
    endloop
  endfacet
  facet normal -9.685832e-01 2.486899e-01 0.000000e+00
    outer loop
      vertex   -6.145575e+00 -1.363375e+01 3.000000e+00
      vertex   -6.145575e+00 -1.363375e+01 0.000000e+00
      vertex   -6.245317e+00 -1.402222e+01 3.000000e+00
    endloop
  endfacet
  facet normal -9.685832e-01 2.486899e-01 0.000000e+00
    outer loop
      vertex   -6.245317e+00 -1.402222e+01 3.000000e+00
      vertex   -6.145575e+00 -1.363375e+01 0.000000e+00
      vertex   -6.245317e+00 -1.402222e+01 0.000000e+00
    endloop
  endfacet
  facet normal -8.763067e-01 4.817537e-01 0.000000e+00
    outer loop
      vertex   -6.245317e+00 -1.402222e+01 3.000000e+00
      vertex   -6.245317e+00 -1.402222e+01 0.000000e+00
      vertex   -6.438532e+00 -1.437367e+01 3.000000e+00
    endloop
  endfacet
  facet normal -8.763067e-01 4.817537e-01 0.000000e+00
    outer loop
      vertex   -6.438532e+00 -1.437367e+01 3.000000e+00
      vertex   -6.245317e+00 -1.402222e+01 0.000000e+00
      vertex   -6.438532e+00 -1.437367e+01 0.000000e+00
    endloop
  endfacet
  facet normal -7.289686e-01 6.845471e-01 0.000000e+00
    outer loop
      vertex   -6.438532e+00 -1.437367e+01 3.000000e+00
      vertex   -6.438532e+00 -1.437367e+01 0.000000e+00
      vertex   -6.713081e+00 -1.466604e+01 3.000000e+00
    endloop
  endfacet
  facet normal -7.289686e-01 6.845471e-01 0.000000e+00
    outer loop
      vertex   -6.713081e+00 -1.466604e+01 3.000000e+00
      vertex   -6.438532e+00 -1.437367e+01 0.000000e+00
      vertex   -6.713081e+00 -1.466604e+01 0.000000e+00
    endloop
  endfacet
  facet normal -5.358268e-01 8.443279e-01 0.000000e+00
    outer loop
      vertex   -6.713081e+00 -1.466604e+01 3.000000e+00
      vertex   -6.713081e+00 -1.466604e+01 0.000000e+00
      vertex   -7.051712e+00 -1.488094e+01 3.000000e+00
    endloop
  endfacet
  facet normal -5.358268e-01 8.443279e-01 0.000000e+00
    outer loop
      vertex   -7.051712e+00 -1.488094e+01 3.000000e+00
      vertex   -6.713081e+00 -1.466604e+01 0.000000e+00
      vertex   -7.051712e+00 -1.488094e+01 0.000000e+00
    endloop
  endfacet
  facet normal -3.090170e-01 9.510565e-01 0.000000e+00
    outer loop
      vertex   -7.051712e+00 -1.488094e+01 3.000000e+00
      vertex   -7.051712e+00 -1.488094e+01 0.000000e+00
      vertex   -7.433149e+00 -1.500488e+01 3.000000e+00
    endloop
  endfacet
  facet normal -3.090170e-01 9.510565e-01 0.000000e+00
    outer loop
      vertex   -7.433149e+00 -1.500488e+01 3.000000e+00
      vertex   -7.051712e+00 -1.488094e+01 0.000000e+00
      vertex   -7.433149e+00 -1.500488e+01 0.000000e+00
    endloop
  endfacet
  facet normal -6.279052e-02 9.980267e-01 0.000000e+00
    outer loop
      vertex   -7.433149e+00 -1.500488e+01 3.000000e+00
      vertex   -7.433149e+00 -1.500488e+01 0.000000e+00
      vertex   -7.833424e+00 -1.503006e+01 3.000000e+00
    endloop
  endfacet
  facet normal -6.279052e-02 9.980267e-01 0.000000e+00
    outer loop
      vertex   -7.833424e+00 -1.503006e+01 3.000000e+00
      vertex   -7.433149e+00 -1.500488e+01 0.000000e+00
      vertex   -7.833424e+00 -1.503006e+01 0.000000e+00
    endloop
  endfacet
  facet normal 1.873813e-01 9.822873e-01 0.000000e+00
    outer loop
      vertex   -7.833424e+00 -1.503006e+01 3.000000e+00
      vertex   -7.833424e+00 -1.503006e+01 0.000000e+00
      vertex   -8.227386e+00 -1.495491e+01 3.000000e+00
    endloop
  endfacet
  facet normal 1.873813e-01 9.822873e-01 0.000000e+00
    outer loop
      vertex   -8.227386e+00 -1.495491e+01 3.000000e+00
      vertex   -7.833424e+00 -1.503006e+01 0.000000e+00
      vertex   -8.227386e+00 -1.495491e+01 0.000000e+00
    endloop
  endfacet
  facet normal 4.257793e-01 9.048271e-01 0.000000e+00
    outer loop
      vertex   -8.227386e+00 -1.495491e+01 3.000000e+00
      vertex   -8.227386e+00 -1.495491e+01 0.000000e+00
      vertex   -8.590282e+00 -1.478414e+01 3.000000e+00
    endloop
  endfacet
  facet normal 4.257793e-01 9.048271e-01 0.000000e+00
    outer loop
      vertex   -8.590282e+00 -1.478414e+01 3.000000e+00
      vertex   -8.227386e+00 -1.495491e+01 0.000000e+00
      vertex   -8.590282e+00 -1.478414e+01 0.000000e+00
    endloop
  endfacet
  facet normal 6.374240e-01 7.705132e-01 0.000000e+00
    outer loop
      vertex   -8.590282e+00 -1.478414e+01 3.000000e+00
      vertex   -8.590282e+00 -1.478414e+01 0.000000e+00
      vertex   -8.899309e+00 -1.452849e+01 3.000000e+00
    endloop
  endfacet
  facet normal 6.374240e-01 7.705132e-01 0.000000e+00
    outer loop
      vertex   -8.899309e+00 -1.452849e+01 3.000000e+00
      vertex   -8.590282e+00 -1.478414e+01 0.000000e+00
      vertex   -8.899309e+00 -1.452849e+01 0.000000e+00
    endloop
  endfacet
  facet normal 8.090170e-01 5.877853e-01 0.000000e+00
    outer loop
      vertex   -8.899309e+00 -1.452849e+01 3.000000e+00
      vertex   -8.899309e+00 -1.452849e+01 0.000000e+00
      vertex   -9.135050e+00 -1.420402e+01 3.000000e+00
    endloop
  endfacet
  facet normal 8.090170e-01 5.877853e-01 0.000000e+00
    outer loop
      vertex   -9.135050e+00 -1.420402e+01 3.000000e+00
      vertex   -8.899309e+00 -1.452849e+01 0.000000e+00
      vertex   -9.135050e+00 -1.420402e+01 0.000000e+00
    endloop
  endfacet
  facet normal 9.297765e-01 3.681246e-01 0.000000e+00
    outer loop
      vertex   -9.135050e+00 -1.420402e+01 3.000000e+00
      vertex   -9.135050e+00 -1.420402e+01 0.000000e+00
      vertex   -9.282692e+00 -1.383112e+01 3.000000e+00
    endloop
  endfacet
  facet normal 9.297765e-01 3.681246e-01 0.000000e+00
    outer loop
      vertex   -9.282692e+00 -1.383112e+01 3.000000e+00
      vertex   -9.135050e+00 -1.420402e+01 0.000000e+00
      vertex   -9.282692e+00 -1.383112e+01 0.000000e+00
    endloop
  endfacet
  facet normal 9.989931e-01 4.486483e-02 0.000000e+00
    outer loop
      vertex   -1.294767e+01 -1.165311e+00 3.000000e+00
      vertex   -1.294767e+01 -1.165311e+00 0.000000e+00
      vertex   -1.300000e+01 -1.592041e-15 3.000000e+00
    endloop
  endfacet
  facet normal 9.989931e-01 4.486483e-02 0.000000e+00
    outer loop
      vertex   -1.300000e+01 -1.592041e-15 3.000000e+00
      vertex   -1.294767e+01 -1.165311e+00 0.000000e+00
      vertex   -1.300000e+01 -1.592041e-15 0.000000e+00
    endloop
  endfacet
  facet normal 9.989931e-01 -4.486483e-02 0.000000e+00
    outer loop
      vertex   -1.300000e+01 -1.592041e-15 3.000000e+00
      vertex   -1.300000e+01 -1.592041e-15 0.000000e+00
      vertex   -1.294767e+01 1.165311e+00 3.000000e+00
    endloop
  endfacet
  facet normal 9.989931e-01 -4.486483e-02 0.000000e+00
    outer loop
      vertex   -1.294767e+01 1.165311e+00 3.000000e+00
      vertex   -1.300000e+01 -1.592041e-15 0.000000e+00
      vertex   -1.294767e+01 1.165311e+00 0.000000e+00
    endloop
  endfacet
  facet normal 9.909498e-01 -1.342333e-01 0.000000e+00
    outer loop
      vertex   -1.294767e+01 1.165311e+00 3.000000e+00
      vertex   -1.294767e+01 1.165311e+00 0.000000e+00
      vertex   -1.279108e+01 2.321240e+00 3.000000e+00
    endloop
  endfacet
  facet normal 9.909498e-01 -1.342333e-01 0.000000e+00
    outer loop
      vertex   -1.279108e+01 2.321240e+00 3.000000e+00
      vertex   -1.294767e+01 1.165311e+00 0.000000e+00
      vertex   -1.279108e+01 2.321240e+00 0.000000e+00
    endloop
  endfacet
  facet normal 9.749279e-01 -2.225209e-01 0.000000e+00
    outer loop
      vertex   -1.279108e+01 2.321240e+00 3.000000e+00
      vertex   -1.279108e+01 2.321240e+00 0.000000e+00
      vertex   -1.253152e+01 3.458479e+00 3.000000e+00
    endloop
  endfacet
  facet normal 9.749279e-01 -2.225209e-01 0.000000e+00
    outer loop
      vertex   -1.253152e+01 3.458479e+00 3.000000e+00
      vertex   -1.279108e+01 2.321240e+00 0.000000e+00
      vertex   -1.253152e+01 3.458479e+00 0.000000e+00
    endloop
  endfacet
  facet normal 9.510565e-01 -3.090170e-01 0.000000e+00
    outer loop
      vertex   -1.253152e+01 3.458479e+00 3.000000e+00
      vertex   -1.253152e+01 3.458479e+00 0.000000e+00
      vertex   -1.217105e+01 4.567873e+00 3.000000e+00
    endloop
  endfacet
  facet normal 9.510565e-01 -3.090170e-01 0.000000e+00
    outer loop
      vertex   -1.217105e+01 4.567873e+00 3.000000e+00
      vertex   -1.253152e+01 3.458479e+00 0.000000e+00
      vertex   -1.217105e+01 4.567873e+00 0.000000e+00
    endloop
  endfacet
  facet normal 9.195278e-01 -3.930250e-01 0.000000e+00
    outer loop
      vertex   -1.217105e+01 4.567873e+00 3.000000e+00
      vertex   -1.217105e+01 4.567873e+00 0.000000e+00
      vertex   -1.171260e+01 5.640489e+00 3.000000e+00
    endloop
  endfacet
  facet normal 9.195278e-01 -3.930250e-01 0.000000e+00
    outer loop
      vertex   -1.171260e+01 5.640489e+00 3.000000e+00
      vertex   -1.217105e+01 4.567873e+00 0.000000e+00
      vertex   -1.171260e+01 5.640489e+00 0.000000e+00
    endloop
  endfacet
  facet normal 8.805955e-01 -4.738687e-01 0.000000e+00
    outer loop
      vertex   -1.171260e+01 5.640489e+00 3.000000e+00
      vertex   -1.171260e+01 5.640489e+00 0.000000e+00
      vertex   -1.115983e+01 6.667691e+00 3.000000e+00
    endloop
  endfacet
  facet normal 8.805955e-01 -4.738687e-01 0.000000e+00
    outer loop
      vertex   -1.115983e+01 6.667691e+00 3.000000e+00
      vertex   -1.171260e+01 5.640489e+00 0.000000e+00
      vertex   -1.115983e+01 6.667691e+00 0.000000e+00
    endloop
  endfacet
  facet normal 8.345733e-01 -5.508970e-01 0.000000e+00
    outer loop
      vertex   -1.115983e+01 6.667691e+00 3.000000e+00
      vertex   -1.115983e+01 6.667691e+00 0.000000e+00
      vertex   -1.051722e+01 7.641208e+00 3.000000e+00
    endloop
  endfacet
  facet normal 8.345733e-01 -5.508970e-01 0.000000e+00
    outer loop
      vertex   -1.051722e+01 7.641208e+00 3.000000e+00
      vertex   -1.115983e+01 6.667691e+00 0.000000e+00
      vertex   -1.051722e+01 7.641208e+00 0.000000e+00
    endloop
  endfacet
  facet normal 7.818315e-01 -6.234898e-01 0.000000e+00
    outer loop
      vertex   -1.051722e+01 7.641208e+00 3.000000e+00
      vertex   -1.051722e+01 7.641208e+00 0.000000e+00
      vertex   -9.789929e+00 8.553204e+00 3.000000e+00
    endloop
  endfacet
  facet normal 7.818315e-01 -6.234898e-01 0.000000e+00
    outer loop
      vertex   -9.789929e+00 8.553204e+00 3.000000e+00
      vertex   -1.051722e+01 7.641208e+00 0.000000e+00
      vertex   -9.789929e+00 8.553204e+00 0.000000e+00
    endloop
  endfacet
  facet normal 7.227949e-01 -6.910626e-01 0.000000e+00
    outer loop
      vertex   -9.789929e+00 8.553204e+00 3.000000e+00
      vertex   -9.789929e+00 8.553204e+00 0.000000e+00
      vertex   -8.983815e+00 9.396333e+00 3.000000e+00
    endloop
  endfacet
  facet normal 7.227949e-01 -6.910626e-01 0.000000e+00
    outer loop
      vertex   -8.983815e+00 9.396333e+00 3.000000e+00
      vertex   -9.789929e+00 8.553204e+00 0.000000e+00
      vertex   -8.983815e+00 9.396333e+00 0.000000e+00
    endloop
  endfacet
  facet normal 6.579387e-01 -7.530715e-01 0.000000e+00
    outer loop
      vertex   -8.983815e+00 9.396333e+00 3.000000e+00
      vertex   -8.983815e+00 9.396333e+00 0.000000e+00
      vertex   -8.105368e+00 1.016381e+01 3.000000e+00
    endloop
  endfacet
  facet normal 6.579387e-01 -7.530715e-01 0.000000e+00
    outer loop
      vertex   -8.105368e+00 1.016381e+01 3.000000e+00
      vertex   -8.983815e+00 9.396333e+00 0.000000e+00
      vertex   -8.105368e+00 1.016381e+01 0.000000e+00
    endloop
  endfacet
  facet normal 5.877853e-01 -8.090170e-01 0.000000e+00
    outer loop
      vertex   -8.105368e+00 1.016381e+01 3.000000e+00
      vertex   -8.105368e+00 1.016381e+01 0.000000e+00
      vertex   -7.161661e+00 1.084945e+01 3.000000e+00
    endloop
  endfacet
  facet normal 5.877853e-01 -8.090170e-01 0.000000e+00
    outer loop
      vertex   -7.161661e+00 1.084945e+01 3.000000e+00
      vertex   -8.105368e+00 1.016381e+01 0.000000e+00
      vertex   -7.161661e+00 1.084945e+01 0.000000e+00
    endloop
  endfacet
  facet normal 5.128993e-01 -8.584488e-01 0.000000e+00
    outer loop
      vertex   -7.161661e+00 1.084945e+01 3.000000e+00
      vertex   -7.161661e+00 1.084945e+01 0.000000e+00
      vertex   -6.160293e+00 1.144774e+01 3.000000e+00
    endloop
  endfacet
  facet normal 5.128993e-01 -8.584488e-01 0.000000e+00
    outer loop
      vertex   -6.160293e+00 1.144774e+01 3.000000e+00
      vertex   -7.161661e+00 1.084945e+01 0.000000e+00
      vertex   -6.160293e+00 1.144774e+01 0.000000e+00
    endloop
  endfacet
  facet normal 4.338837e-01 -9.009689e-01 0.000000e+00
    outer loop
      vertex   -6.160293e+00 1.144774e+01 3.000000e+00
      vertex   -6.160293e+00 1.144774e+01 0.000000e+00
      vertex   -5.109325e+00 1.195386e+01 3.000000e+00
    endloop
  endfacet
  facet normal 4.338837e-01 -9.009689e-01 0.000000e+00
    outer loop
      vertex   -5.109325e+00 1.195386e+01 3.000000e+00
      vertex   -6.160293e+00 1.144774e+01 0.000000e+00
      vertex   -5.109325e+00 1.195386e+01 0.000000e+00
    endloop
  endfacet
  facet normal 3.513748e-01 -9.362349e-01 0.000000e+00
    outer loop
      vertex   -5.109325e+00 1.195386e+01 3.000000e+00
      vertex   -5.109325e+00 1.195386e+01 0.000000e+00
      vertex   -4.017221e+00 1.236373e+01 3.000000e+00
    endloop
  endfacet
  facet normal 3.513748e-01 -9.362349e-01 0.000000e+00
    outer loop
      vertex   -4.017221e+00 1.236373e+01 3.000000e+00
      vertex   -5.109325e+00 1.195386e+01 0.000000e+00
      vertex   -4.017221e+00 1.236373e+01 0.000000e+00
    endloop
  endfacet
  facet normal 2.660368e-01 -9.639629e-01 0.000000e+00
    outer loop
      vertex   -4.017221e+00 1.236373e+01 3.000000e+00
      vertex   -4.017221e+00 1.236373e+01 0.000000e+00
      vertex   -2.892772e+00 1.267406e+01 3.000000e+00
    endloop
  endfacet
  facet normal 2.660368e-01 -9.639629e-01 0.000000e+00
    outer loop
      vertex   -2.892772e+00 1.267406e+01 3.000000e+00
      vertex   -4.017221e+00 1.236373e+01 0.000000e+00
      vertex   -2.892772e+00 1.267406e+01 0.000000e+00
    endloop
  endfacet
  facet normal 1.785569e-01 -9.839296e-01 0.000000e+00
    outer loop
      vertex   -2.892772e+00 1.267406e+01 3.000000e+00
      vertex   -2.892772e+00 1.267406e+01 0.000000e+00
      vertex   -1.745032e+00 1.288235e+01 3.000000e+00
    endloop
  endfacet
  facet normal 1.785569e-01 -9.839296e-01 0.000000e+00
    outer loop
      vertex   -1.745032e+00 1.288235e+01 3.000000e+00
      vertex   -2.892772e+00 1.267406e+01 0.000000e+00
      vertex   -1.745032e+00 1.288235e+01 0.000000e+00
    endloop
  endfacet
  facet normal 8.963931e-02 -9.959743e-01 0.000000e+00
    outer loop
      vertex   -1.745032e+00 1.288235e+01 3.000000e+00
      vertex   -1.745032e+00 1.288235e+01 0.000000e+00
      vertex   -5.832428e-01 1.298691e+01 3.000000e+00
    endloop
  endfacet
  facet normal 8.963931e-02 -9.959743e-01 0.000000e+00
    outer loop
      vertex   -5.832428e-01 1.298691e+01 3.000000e+00
      vertex   -1.745032e+00 1.288235e+01 0.000000e+00
      vertex   -5.832428e-01 1.298691e+01 0.000000e+00
    endloop
  endfacet
  facet normal -3.045656e-15 -1.000000e+00 -0.000000e+00
    outer loop
      vertex   -5.832428e-01 1.298691e+01 3.000000e+00
      vertex   -5.832428e-01 1.298691e+01 0.000000e+00
      vertex   5.832428e-01 1.298691e+01 3.000000e+00
    endloop
  endfacet
  facet normal -3.045656e-15 -1.000000e+00 -0.000000e+00
    outer loop
      vertex   5.832428e-01 1.298691e+01 3.000000e+00
      vertex   -5.832428e-01 1.298691e+01 0.000000e+00
      vertex   5.832428e-01 1.298691e+01 0.000000e+00
    endloop
  endfacet
  facet normal -8.963931e-02 -9.959743e-01 -0.000000e+00
    outer loop
      vertex   5.832428e-01 1.298691e+01 3.000000e+00
      vertex   5.832428e-01 1.298691e+01 0.000000e+00
      vertex   1.745032e+00 1.288235e+01 3.000000e+00
    endloop
  endfacet
  facet normal -8.963931e-02 -9.959743e-01 -0.000000e+00
    outer loop
      vertex   1.745032e+00 1.288235e+01 3.000000e+00
      vertex   5.832428e-01 1.298691e+01 0.000000e+00
      vertex   1.745032e+00 1.288235e+01 0.000000e+00
    endloop
  endfacet
  facet normal -1.785569e-01 -9.839296e-01 -0.000000e+00
    outer loop
      vertex   1.745032e+00 1.288235e+01 3.000000e+00
      vertex   1.745032e+00 1.288235e+01 0.000000e+00
      vertex   2.892772e+00 1.267406e+01 3.000000e+00
    endloop
  endfacet
  facet normal -1.785569e-01 -9.839296e-01 -0.000000e+00
    outer loop
      vertex   2.892772e+00 1.267406e+01 3.000000e+00
      vertex   1.745032e+00 1.288235e+01 0.000000e+00
      vertex   2.892772e+00 1.267406e+01 0.000000e+00
    endloop
  endfacet
  facet normal -2.660368e-01 -9.639629e-01 -0.000000e+00
    outer loop
      vertex   2.892772e+00 1.267406e+01 3.000000e+00
      vertex   2.892772e+00 1.267406e+01 0.000000e+00
      vertex   4.017221e+00 1.236373e+01 3.000000e+00
    endloop
  endfacet
  facet normal -2.660368e-01 -9.639629e-01 -0.000000e+00
    outer loop
      vertex   4.017221e+00 1.236373e+01 3.000000e+00
      vertex   2.892772e+00 1.267406e+01 0.000000e+00
      vertex   4.017221e+00 1.236373e+01 0.000000e+00
    endloop
  endfacet
  facet normal -3.513748e-01 -9.362349e-01 -0.000000e+00
    outer loop
      vertex   4.017221e+00 1.236373e+01 3.000000e+00
      vertex   4.017221e+00 1.236373e+01 0.000000e+00
      vertex   5.109325e+00 1.195386e+01 3.000000e+00
    endloop
  endfacet
  facet normal -3.513748e-01 -9.362349e-01 -0.000000e+00
    outer loop
      vertex   5.109325e+00 1.195386e+01 3.000000e+00
      vertex   4.017221e+00 1.236373e+01 0.000000e+00
      vertex   5.109325e+00 1.195386e+01 0.000000e+00
    endloop
  endfacet
  facet normal -4.338837e-01 -9.009689e-01 -0.000000e+00
    outer loop
      vertex   5.109325e+00 1.195386e+01 3.000000e+00
      vertex   5.109325e+00 1.195386e+01 0.000000e+00
      vertex   6.160293e+00 1.144774e+01 3.000000e+00
    endloop
  endfacet
  facet normal -4.338837e-01 -9.009689e-01 -0.000000e+00
    outer loop
      vertex   6.160293e+00 1.144774e+01 3.000000e+00
      vertex   5.109325e+00 1.195386e+01 0.000000e+00
      vertex   6.160293e+00 1.144774e+01 0.000000e+00
    endloop
  endfacet
  facet normal -5.128993e-01 -8.584488e-01 -0.000000e+00
    outer loop
      vertex   6.160293e+00 1.144774e+01 3.000000e+00
      vertex   6.160293e+00 1.144774e+01 0.000000e+00
      vertex   7.161661e+00 1.084945e+01 3.000000e+00
    endloop
  endfacet
  facet normal -5.128993e-01 -8.584488e-01 -0.000000e+00
    outer loop
      vertex   7.161661e+00 1.084945e+01 3.000000e+00
      vertex   6.160293e+00 1.144774e+01 0.000000e+00
      vertex   7.161661e+00 1.084945e+01 0.000000e+00
    endloop
  endfacet
  facet normal -5.877853e-01 -8.090170e-01 -0.000000e+00
    outer loop
      vertex   7.161661e+00 1.084945e+01 3.000000e+00
      vertex   7.161661e+00 1.084945e+01 0.000000e+00
      vertex   8.105368e+00 1.016381e+01 3.000000e+00
    endloop
  endfacet
  facet normal -5.877853e-01 -8.090170e-01 -0.000000e+00
    outer loop
      vertex   8.105368e+00 1.016381e+01 3.000000e+00
      vertex   7.161661e+00 1.084945e+01 0.000000e+00
      vertex   8.105368e+00 1.016381e+01 0.000000e+00
    endloop
  endfacet
  facet normal -6.579387e-01 -7.530715e-01 -0.000000e+00
    outer loop
      vertex   8.105368e+00 1.016381e+01 3.000000e+00
      vertex   8.105368e+00 1.016381e+01 0.000000e+00
      vertex   8.983815e+00 9.396333e+00 3.000000e+00
    endloop
  endfacet
  facet normal -6.579387e-01 -7.530715e-01 -0.000000e+00
    outer loop
      vertex   8.983815e+00 9.396333e+00 3.000000e+00
      vertex   8.105368e+00 1.016381e+01 0.000000e+00
      vertex   8.983815e+00 9.396333e+00 0.000000e+00
    endloop
  endfacet
  facet normal -7.227949e-01 -6.910626e-01 -0.000000e+00
    outer loop
      vertex   8.983815e+00 9.396333e+00 3.000000e+00
      vertex   8.983815e+00 9.396333e+00 0.000000e+00
      vertex   9.789929e+00 8.553204e+00 3.000000e+00
    endloop
  endfacet
  facet normal -7.227949e-01 -6.910626e-01 -0.000000e+00
    outer loop
      vertex   9.789929e+00 8.553204e+00 3.000000e+00
      vertex   8.983815e+00 9.396333e+00 0.000000e+00
      vertex   9.789929e+00 8.553204e+00 0.000000e+00
    endloop
  endfacet
  facet normal -7.818315e-01 -6.234898e-01 -0.000000e+00
    outer loop
      vertex   9.789929e+00 8.553204e+00 3.000000e+00
      vertex   9.789929e+00 8.553204e+00 0.000000e+00
      vertex   1.051722e+01 7.641208e+00 3.000000e+00
    endloop
  endfacet
  facet normal -7.818315e-01 -6.234898e-01 -0.000000e+00
    outer loop
      vertex   1.051722e+01 7.641208e+00 3.000000e+00
      vertex   9.789929e+00 8.553204e+00 0.000000e+00
      vertex   1.051722e+01 7.641208e+00 0.000000e+00
    endloop
  endfacet
  facet normal -8.345733e-01 -5.508970e-01 -0.000000e+00
    outer loop
      vertex   1.051722e+01 7.641208e+00 3.000000e+00
      vertex   1.051722e+01 7.641208e+00 0.000000e+00
      vertex   1.115983e+01 6.667691e+00 3.000000e+00
    endloop
  endfacet
  facet normal -8.345733e-01 -5.508970e-01 -0.000000e+00
    outer loop
      vertex   1.115983e+01 6.667691e+00 3.000000e+00
      vertex   1.051722e+01 7.641208e+00 0.000000e+00
      vertex   1.115983e+01 6.667691e+00 0.000000e+00
    endloop
  endfacet
  facet normal -8.805955e-01 -4.738687e-01 -0.000000e+00
    outer loop
      vertex   1.115983e+01 6.667691e+00 3.000000e+00
      vertex   1.115983e+01 6.667691e+00 0.000000e+00
      vertex   1.171260e+01 5.640489e+00 3.000000e+00
    endloop
  endfacet
  facet normal -8.805955e-01 -4.738687e-01 -0.000000e+00
    outer loop
      vertex   1.171260e+01 5.640489e+00 3.000000e+00
      vertex   1.115983e+01 6.667691e+00 0.000000e+00
      vertex   1.171260e+01 5.640489e+00 0.000000e+00
    endloop
  endfacet
  facet normal -9.195278e-01 -3.930250e-01 -0.000000e+00
    outer loop
      vertex   1.171260e+01 5.640489e+00 3.000000e+00
      vertex   1.171260e+01 5.640489e+00 0.000000e+00
      vertex   1.217105e+01 4.567873e+00 3.000000e+00
    endloop
  endfacet
  facet normal -9.195278e-01 -3.930250e-01 -0.000000e+00
    outer loop
      vertex   1.217105e+01 4.567873e+00 3.000000e+00
      vertex   1.171260e+01 5.640489e+00 0.000000e+00
      vertex   1.217105e+01 4.567873e+00 0.000000e+00
    endloop
  endfacet
  facet normal -9.510565e-01 -3.090170e-01 -0.000000e+00
    outer loop
      vertex   1.217105e+01 4.567873e+00 3.000000e+00
      vertex   1.217105e+01 4.567873e+00 0.000000e+00
      vertex   1.253152e+01 3.458479e+00 3.000000e+00
    endloop
  endfacet
  facet normal -9.510565e-01 -3.090170e-01 -0.000000e+00
    outer loop
      vertex   1.253152e+01 3.458479e+00 3.000000e+00
      vertex   1.217105e+01 4.567873e+00 0.000000e+00
      vertex   1.253152e+01 3.458479e+00 0.000000e+00
    endloop
  endfacet
  facet normal -9.749279e-01 -2.225209e-01 -0.000000e+00
    outer loop
      vertex   1.253152e+01 3.458479e+00 3.000000e+00
      vertex   1.253152e+01 3.458479e+00 0.000000e+00
      vertex   1.279108e+01 2.321240e+00 3.000000e+00
    endloop
  endfacet
  facet normal -9.749279e-01 -2.225209e-01 -0.000000e+00
    outer loop
      vertex   1.279108e+01 2.321240e+00 3.000000e+00
      vertex   1.253152e+01 3.458479e+00 0.000000e+00
      vertex   1.279108e+01 2.321240e+00 0.000000e+00
    endloop
  endfacet
  facet normal -9.909498e-01 -1.342333e-01 -0.000000e+00
    outer loop
      vertex   1.279108e+01 2.321240e+00 3.000000e+00
      vertex   1.279108e+01 2.321240e+00 0.000000e+00
      vertex   1.294767e+01 1.165311e+00 3.000000e+00
    endloop
  endfacet
  facet normal -9.909498e-01 -1.342333e-01 -0.000000e+00
    outer loop
      vertex   1.294767e+01 1.165311e+00 3.000000e+00
      vertex   1.279108e+01 2.321240e+00 0.000000e+00
      vertex   1.294767e+01 1.165311e+00 0.000000e+00
    endloop
  endfacet
  facet normal -9.989931e-01 -4.486483e-02 -0.000000e+00
    outer loop
      vertex   1.294767e+01 1.165311e+00 3.000000e+00
      vertex   1.294767e+01 1.165311e+00 0.000000e+00
      vertex   1.300000e+01 0.000000e+00 3.000000e+00
    endloop
  endfacet
  facet normal -9.989931e-01 -4.486483e-02 -0.000000e+00
    outer loop
      vertex   1.300000e+01 0.000000e+00 3.000000e+00
      vertex   1.294767e+01 1.165311e+00 0.000000e+00
      vertex   1.300000e+01 0.000000e+00 0.000000e+00
    endloop
  endfacet
  facet normal -9.989931e-01 4.486483e-02 0.000000e+00
    outer loop
      vertex   1.300000e+01 0.000000e+00 3.000000e+00
      vertex   1.300000e+01 0.000000e+00 0.000000e+00
      vertex   1.294767e+01 -1.165311e+00 3.000000e+00
    endloop
  endfacet
  facet normal -9.989931e-01 4.486483e-02 0.000000e+00
    outer loop
      vertex   1.294767e+01 -1.165311e+00 3.000000e+00
      vertex   1.300000e+01 0.000000e+00 0.000000e+00
      vertex   1.294767e+01 -1.165311e+00 0.000000e+00
    endloop
  endfacet
  facet normal -9.909498e-01 1.342333e-01 0.000000e+00
    outer loop
      vertex   1.294767e+01 -1.165311e+00 3.000000e+00
      vertex   1.294767e+01 -1.165311e+00 0.000000e+00
      vertex   1.279108e+01 -2.321240e+00 3.000000e+00
    endloop
  endfacet
  facet normal -9.909498e-01 1.342333e-01 0.000000e+00
    outer loop
      vertex   1.279108e+01 -2.321240e+00 3.000000e+00
      vertex   1.294767e+01 -1.165311e+00 0.000000e+00
      vertex   1.279108e+01 -2.321240e+00 0.000000e+00
    endloop
  endfacet
  facet normal -9.749279e-01 2.225209e-01 0.000000e+00
    outer loop
      vertex   1.279108e+01 -2.321240e+00 3.000000e+00
      vertex   1.279108e+01 -2.321240e+00 0.000000e+00
      vertex   1.253152e+01 -3.458479e+00 3.000000e+00
    endloop
  endfacet
  facet normal -9.749279e-01 2.225209e-01 0.000000e+00
    outer loop
      vertex   1.253152e+01 -3.458479e+00 3.000000e+00
      vertex   1.279108e+01 -2.321240e+00 0.000000e+00
      vertex   1.253152e+01 -3.458479e+00 0.000000e+00
    endloop
  endfacet
  facet normal -9.510565e-01 3.090170e-01 0.000000e+00
    outer loop
      vertex   1.253152e+01 -3.458479e+00 3.000000e+00
      vertex   1.253152e+01 -3.458479e+00 0.000000e+00
      vertex   1.217105e+01 -4.567873e+00 3.000000e+00
    endloop
  endfacet
  facet normal -9.510565e-01 3.090170e-01 0.000000e+00
    outer loop
      vertex   1.217105e+01 -4.567873e+00 3.000000e+00
      vertex   1.253152e+01 -3.458479e+00 0.000000e+00
      vertex   1.217105e+01 -4.567873e+00 0.000000e+00
    endloop
  endfacet
  facet normal -9.195278e-01 3.930250e-01 0.000000e+00
    outer loop
      vertex   1.217105e+01 -4.567873e+00 3.000000e+00
      vertex   1.217105e+01 -4.567873e+00 0.000000e+00
      vertex   1.171260e+01 -5.640489e+00 3.000000e+00
    endloop
  endfacet
  facet normal -9.195278e-01 3.930250e-01 0.000000e+00
    outer loop
      vertex   1.171260e+01 -5.640489e+00 3.000000e+00
      vertex   1.217105e+01 -4.567873e+00 0.000000e+00
      vertex   1.171260e+01 -5.640489e+00 0.000000e+00
    endloop
  endfacet
  facet normal -8.805955e-01 4.738687e-01 0.000000e+00
    outer loop
      vertex   1.171260e+01 -5.640489e+00 3.000000e+00
      vertex   1.171260e+01 -5.640489e+00 0.000000e+00
      vertex   1.115983e+01 -6.667691e+00 3.000000e+00
    endloop
  endfacet
  facet normal -8.805955e-01 4.738687e-01 0.000000e+00
    outer loop
      vertex   1.115983e+01 -6.667691e+00 3.000000e+00
      vertex   1.171260e+01 -5.640489e+00 0.000000e+00
      vertex   1.115983e+01 -6.667691e+00 0.000000e+00
    endloop
  endfacet
  facet normal -8.345733e-01 5.508970e-01 0.000000e+00
    outer loop
      vertex   1.115983e+01 -6.667691e+00 3.000000e+00
      vertex   1.115983e+01 -6.667691e+00 0.000000e+00
      vertex   1.051722e+01 -7.641208e+00 3.000000e+00
    endloop
  endfacet
  facet normal -8.345733e-01 5.508970e-01 0.000000e+00
    outer loop
      vertex   1.051722e+01 -7.641208e+00 3.000000e+00
      vertex   1.115983e+01 -6.667691e+00 0.000000e+00
      vertex   1.051722e+01 -7.641208e+00 0.000000e+00
    endloop
  endfacet
  facet normal -7.818315e-01 6.234898e-01 0.000000e+00
    outer loop
      vertex   1.051722e+01 -7.641208e+00 3.000000e+00
      vertex   1.051722e+01 -7.641208e+00 0.000000e+00
      vertex   9.789929e+00 -8.553204e+00 3.000000e+00
    endloop
  endfacet
  facet normal -7.818315e-01 6.234898e-01 0.000000e+00
    outer loop
      vertex   9.789929e+00 -8.553204e+00 3.000000e+00
      vertex   1.051722e+01 -7.641208e+00 0.000000e+00
      vertex   9.789929e+00 -8.553204e+00 0.000000e+00
    endloop
  endfacet
  facet normal -7.227949e-01 6.910626e-01 0.000000e+00
    outer loop
      vertex   9.789929e+00 -8.553204e+00 3.000000e+00
      vertex   9.789929e+00 -8.553204e+00 0.000000e+00
      vertex   8.983815e+00 -9.396333e+00 3.000000e+00
    endloop
  endfacet
  facet normal -7.227949e-01 6.910626e-01 0.000000e+00
    outer loop
      vertex   8.983815e+00 -9.396333e+00 3.000000e+00
      vertex   9.789929e+00 -8.553204e+00 0.000000e+00
      vertex   8.983815e+00 -9.396333e+00 0.000000e+00
    endloop
  endfacet
  facet normal -6.579387e-01 7.530715e-01 0.000000e+00
    outer loop
      vertex   8.983815e+00 -9.396333e+00 3.000000e+00
      vertex   8.983815e+00 -9.396333e+00 0.000000e+00
      vertex   8.105368e+00 -1.016381e+01 3.000000e+00
    endloop
  endfacet
  facet normal -6.579387e-01 7.530715e-01 0.000000e+00
    outer loop
      vertex   8.105368e+00 -1.016381e+01 3.000000e+00
      vertex   8.983815e+00 -9.396333e+00 0.000000e+00
      vertex   8.105368e+00 -1.016381e+01 0.000000e+00
    endloop
  endfacet
  facet normal -5.877853e-01 8.090170e-01 0.000000e+00
    outer loop
      vertex   8.105368e+00 -1.016381e+01 3.000000e+00
      vertex   8.105368e+00 -1.016381e+01 0.000000e+00
      vertex   7.161661e+00 -1.084945e+01 3.000000e+00
    endloop
  endfacet
  facet normal -5.877853e-01 8.090170e-01 0.000000e+00
    outer loop
      vertex   7.161661e+00 -1.084945e+01 3.000000e+00
      vertex   8.105368e+00 -1.016381e+01 0.000000e+00
      vertex   7.161661e+00 -1.084945e+01 0.000000e+00
    endloop
  endfacet
  facet normal -5.128993e-01 8.584488e-01 0.000000e+00
    outer loop
      vertex   7.161661e+00 -1.084945e+01 3.000000e+00
      vertex   7.161661e+00 -1.084945e+01 0.000000e+00
      vertex   6.160293e+00 -1.144774e+01 3.000000e+00
    endloop
  endfacet
  facet normal -5.128993e-01 8.584488e-01 0.000000e+00
    outer loop
      vertex   6.160293e+00 -1.144774e+01 3.000000e+00
      vertex   7.161661e+00 -1.084945e+01 0.000000e+00
      vertex   6.160293e+00 -1.144774e+01 0.000000e+00
    endloop
  endfacet
  facet normal -4.338837e-01 9.009689e-01 0.000000e+00
    outer loop
      vertex   6.160293e+00 -1.144774e+01 3.000000e+00
      vertex   6.160293e+00 -1.144774e+01 0.000000e+00
      vertex   5.109325e+00 -1.195386e+01 3.000000e+00
    endloop
  endfacet
  facet normal -4.338837e-01 9.009689e-01 0.000000e+00
    outer loop
      vertex   5.109325e+00 -1.195386e+01 3.000000e+00
      vertex   6.160293e+00 -1.144774e+01 0.000000e+00
      vertex   5.109325e+00 -1.195386e+01 0.000000e+00
    endloop
  endfacet
  facet normal -3.513748e-01 9.362349e-01 0.000000e+00
    outer loop
      vertex   5.109325e+00 -1.195386e+01 3.000000e+00
      vertex   5.109325e+00 -1.195386e+01 0.000000e+00
      vertex   4.017221e+00 -1.236373e+01 3.000000e+00
    endloop
  endfacet
  facet normal -3.513748e-01 9.362349e-01 0.000000e+00
    outer loop
      vertex   4.017221e+00 -1.236373e+01 3.000000e+00
      vertex   5.109325e+00 -1.195386e+01 0.000000e+00
      vertex   4.017221e+00 -1.236373e+01 0.000000e+00
    endloop
  endfacet
  facet normal -2.660368e-01 9.639629e-01 0.000000e+00
    outer loop
      vertex   4.017221e+00 -1.236373e+01 3.000000e+00
      vertex   4.017221e+00 -1.236373e+01 0.000000e+00
      vertex   2.892772e+00 -1.267406e+01 3.000000e+00
    endloop
  endfacet
  facet normal -2.660368e-01 9.639629e-01 0.000000e+00
    outer loop
      vertex   2.892772e+00 -1.267406e+01 3.000000e+00
      vertex   4.017221e+00 -1.236373e+01 0.000000e+00
      vertex   2.892772e+00 -1.267406e+01 0.000000e+00
    endloop
  endfacet
  facet normal -1.785569e-01 9.839296e-01 0.000000e+00
    outer loop
      vertex   2.892772e+00 -1.267406e+01 3.000000e+00
      vertex   2.892772e+00 -1.267406e+01 0.000000e+00
      vertex   1.745032e+00 -1.288235e+01 3.000000e+00
    endloop
  endfacet
  facet normal -1.785569e-01 9.839296e-01 0.000000e+00
    outer loop
      vertex   1.745032e+00 -1.288235e+01 3.000000e+00
      vertex   2.892772e+00 -1.267406e+01 0.000000e+00
      vertex   1.745032e+00 -1.288235e+01 0.000000e+00
    endloop
  endfacet
  facet normal -8.963931e-02 9.959743e-01 0.000000e+00
    outer loop
      vertex   1.745032e+00 -1.288235e+01 3.000000e+00
      vertex   1.745032e+00 -1.288235e+01 0.000000e+00
      vertex   5.832428e-01 -1.298691e+01 3.000000e+00
    endloop
  endfacet
  facet normal -8.963931e-02 9.959743e-01 0.000000e+00
    outer loop
      vertex   5.832428e-01 -1.298691e+01 3.000000e+00
      vertex   1.745032e+00 -1.288235e+01 0.000000e+00
      vertex   5.832428e-01 -1.298691e+01 0.000000e+00
    endloop
  endfacet
  facet normal -3.045656e-15 1.000000e+00 0.000000e+00
    outer loop
      vertex   5.832428e-01 -1.298691e+01 3.000000e+00
      vertex   5.832428e-01 -1.298691e+01 0.000000e+00
      vertex   -5.832428e-01 -1.298691e+01 3.000000e+00
    endloop
  endfacet
  facet normal -3.045656e-15 1.000000e+00 0.000000e+00
    outer loop
      vertex   -5.832428e-01 -1.298691e+01 3.000000e+00
      vertex   5.832428e-01 -1.298691e+01 0.000000e+00
      vertex   -5.832428e-01 -1.298691e+01 0.000000e+00
    endloop
  endfacet
  facet normal 8.963931e-02 9.959743e-01 0.000000e+00
    outer loop
      vertex   -5.832428e-01 -1.298691e+01 3.000000e+00
      vertex   -5.832428e-01 -1.298691e+01 0.000000e+00
      vertex   -1.745032e+00 -1.288235e+01 3.000000e+00
    endloop
  endfacet
  facet normal 8.963931e-02 9.959743e-01 0.000000e+00
    outer loop
      vertex   -1.745032e+00 -1.288235e+01 3.000000e+00
      vertex   -5.832428e-01 -1.298691e+01 0.000000e+00
      vertex   -1.745032e+00 -1.288235e+01 0.000000e+00
    endloop
  endfacet
  facet normal 1.785569e-01 9.839296e-01 0.000000e+00
    outer loop
      vertex   -1.745032e+00 -1.288235e+01 3.000000e+00
      vertex   -1.745032e+00 -1.288235e+01 0.000000e+00
      vertex   -2.892772e+00 -1.267406e+01 3.000000e+00
    endloop
  endfacet
  facet normal 1.785569e-01 9.839296e-01 0.000000e+00
    outer loop
      vertex   -2.892772e+00 -1.267406e+01 3.000000e+00
      vertex   -1.745032e+00 -1.288235e+01 0.000000e+00
      vertex   -2.892772e+00 -1.267406e+01 0.000000e+00
    endloop
  endfacet
  facet normal 2.660368e-01 9.639629e-01 0.000000e+00
    outer loop
      vertex   -2.892772e+00 -1.267406e+01 3.000000e+00
      vertex   -2.892772e+00 -1.267406e+01 0.000000e+00
      vertex   -4.017221e+00 -1.236373e+01 3.000000e+00
    endloop
  endfacet
  facet normal 2.660368e-01 9.639629e-01 0.000000e+00
    outer loop
      vertex   -4.017221e+00 -1.236373e+01 3.000000e+00
      vertex   -2.892772e+00 -1.267406e+01 0.000000e+00
      vertex   -4.017221e+00 -1.236373e+01 0.000000e+00
    endloop
  endfacet
  facet normal 3.513748e-01 9.362349e-01 0.000000e+00
    outer loop
      vertex   -4.017221e+00 -1.236373e+01 3.000000e+00
      vertex   -4.017221e+00 -1.236373e+01 0.000000e+00
      vertex   -5.109325e+00 -1.195386e+01 3.000000e+00
    endloop
  endfacet
  facet normal 3.513748e-01 9.362349e-01 0.000000e+00
    outer loop
      vertex   -5.109325e+00 -1.195386e+01 3.000000e+00
      vertex   -4.017221e+00 -1.236373e+01 0.000000e+00
      vertex   -5.109325e+00 -1.195386e+01 0.000000e+00
    endloop
  endfacet
  facet normal 4.338837e-01 9.009689e-01 0.000000e+00
    outer loop
      vertex   -5.109325e+00 -1.195386e+01 3.000000e+00
      vertex   -5.109325e+00 -1.195386e+01 0.000000e+00
      vertex   -6.160293e+00 -1.144774e+01 3.000000e+00
    endloop
  endfacet
  facet normal 4.338837e-01 9.009689e-01 0.000000e+00
    outer loop
      vertex   -6.160293e+00 -1.144774e+01 3.000000e+00
      vertex   -5.109325e+00 -1.195386e+01 0.000000e+00
      vertex   -6.160293e+00 -1.144774e+01 0.000000e+00
    endloop
  endfacet
  facet normal 5.128993e-01 8.584488e-01 0.000000e+00
    outer loop
      vertex   -6.160293e+00 -1.144774e+01 3.000000e+00
      vertex   -6.160293e+00 -1.144774e+01 0.000000e+00
      vertex   -7.161661e+00 -1.084945e+01 3.000000e+00
    endloop
  endfacet
  facet normal 5.128993e-01 8.584488e-01 0.000000e+00
    outer loop
      vertex   -7.161661e+00 -1.084945e+01 3.000000e+00
      vertex   -6.160293e+00 -1.144774e+01 0.000000e+00
      vertex   -7.161661e+00 -1.084945e+01 0.000000e+00
    endloop
  endfacet
  facet normal 5.877853e-01 8.090170e-01 0.000000e+00
    outer loop
      vertex   -7.161661e+00 -1.084945e+01 3.000000e+00
      vertex   -7.161661e+00 -1.084945e+01 0.000000e+00
      vertex   -8.105368e+00 -1.016381e+01 3.000000e+00
    endloop
  endfacet
  facet normal 5.877853e-01 8.090170e-01 0.000000e+00
    outer loop
      vertex   -8.105368e+00 -1.016381e+01 3.000000e+00
      vertex   -7.161661e+00 -1.084945e+01 0.000000e+00
      vertex   -8.105368e+00 -1.016381e+01 0.000000e+00
    endloop
  endfacet
  facet normal 6.579387e-01 7.530715e-01 0.000000e+00
    outer loop
      vertex   -8.105368e+00 -1.016381e+01 3.000000e+00
      vertex   -8.105368e+00 -1.016381e+01 0.000000e+00
      vertex   -8.983815e+00 -9.396333e+00 3.000000e+00
    endloop
  endfacet
  facet normal 6.579387e-01 7.530715e-01 0.000000e+00
    outer loop
      vertex   -8.983815e+00 -9.396333e+00 3.000000e+00
      vertex   -8.105368e+00 -1.016381e+01 0.000000e+00
      vertex   -8.983815e+00 -9.396333e+00 0.000000e+00
    endloop
  endfacet
  facet normal 7.227949e-01 6.910626e-01 0.000000e+00
    outer loop
      vertex   -8.983815e+00 -9.396333e+00 3.000000e+00
      vertex   -8.983815e+00 -9.396333e+00 0.000000e+00
      vertex   -9.789929e+00 -8.553204e+00 3.000000e+00
    endloop
  endfacet
  facet normal 7.227949e-01 6.910626e-01 0.000000e+00
    outer loop
      vertex   -9.789929e+00 -8.553204e+00 3.000000e+00
      vertex   -8.983815e+00 -9.396333e+00 0.000000e+00
      vertex   -9.789929e+00 -8.553204e+00 0.000000e+00
    endloop
  endfacet
  facet normal 7.818315e-01 6.234898e-01 0.000000e+00
    outer loop
      vertex   -9.789929e+00 -8.553204e+00 3.000000e+00
      vertex   -9.789929e+00 -8.553204e+00 0.000000e+00
      vertex   -1.051722e+01 -7.641208e+00 3.000000e+00
    endloop
  endfacet
  facet normal 7.818315e-01 6.234898e-01 0.000000e+00
    outer loop
      vertex   -1.051722e+01 -7.641208e+00 3.000000e+00
      vertex   -9.789929e+00 -8.553204e+00 0.000000e+00
      vertex   -1.051722e+01 -7.641208e+00 0.000000e+00
    endloop
  endfacet
  facet normal 8.345733e-01 5.508970e-01 0.000000e+00
    outer loop
      vertex   -1.051722e+01 -7.641208e+00 3.000000e+00
      vertex   -1.051722e+01 -7.641208e+00 0.000000e+00
      vertex   -1.115983e+01 -6.667691e+00 3.000000e+00
    endloop
  endfacet
  facet normal 8.345733e-01 5.508970e-01 0.000000e+00
    outer loop
      vertex   -1.115983e+01 -6.667691e+00 3.000000e+00
      vertex   -1.051722e+01 -7.641208e+00 0.000000e+00
      vertex   -1.115983e+01 -6.667691e+00 0.000000e+00
    endloop
  endfacet
  facet normal 8.805955e-01 4.738687e-01 0.000000e+00
    outer loop
      vertex   -1.115983e+01 -6.667691e+00 3.000000e+00
      vertex   -1.115983e+01 -6.667691e+00 0.000000e+00
      vertex   -1.171260e+01 -5.640489e+00 3.000000e+00
    endloop
  endfacet
  facet normal 8.805955e-01 4.738687e-01 0.000000e+00
    outer loop
      vertex   -1.171260e+01 -5.640489e+00 3.000000e+00
      vertex   -1.115983e+01 -6.667691e+00 0.000000e+00
      vertex   -1.171260e+01 -5.640489e+00 0.000000e+00
    endloop
  endfacet
  facet normal 9.195278e-01 3.930250e-01 0.000000e+00
    outer loop
      vertex   -1.171260e+01 -5.640489e+00 3.000000e+00
      vertex   -1.171260e+01 -5.640489e+00 0.000000e+00
      vertex   -1.217105e+01 -4.567873e+00 3.000000e+00
    endloop
  endfacet
  facet normal 9.195278e-01 3.930250e-01 0.000000e+00
    outer loop
      vertex   -1.217105e+01 -4.567873e+00 3.000000e+00
      vertex   -1.171260e+01 -5.640489e+00 0.000000e+00
      vertex   -1.217105e+01 -4.567873e+00 0.000000e+00
    endloop
  endfacet
  facet normal 9.510565e-01 3.090170e-01 0.000000e+00
    outer loop
      vertex   -1.217105e+01 -4.567873e+00 3.000000e+00
      vertex   -1.217105e+01 -4.567873e+00 0.000000e+00
      vertex   -1.253152e+01 -3.458479e+00 3.000000e+00
    endloop
  endfacet
  facet normal 9.510565e-01 3.090170e-01 0.000000e+00
    outer loop
      vertex   -1.253152e+01 -3.458479e+00 3.000000e+00
      vertex   -1.217105e+01 -4.567873e+00 0.000000e+00
      vertex   -1.253152e+01 -3.458479e+00 0.000000e+00
    endloop
  endfacet
  facet normal 9.749279e-01 2.225209e-01 0.000000e+00
    outer loop
      vertex   -1.253152e+01 -3.458479e+00 3.000000e+00
      vertex   -1.253152e+01 -3.458479e+00 0.000000e+00
      vertex   -1.279108e+01 -2.321240e+00 3.000000e+00
    endloop
  endfacet
  facet normal 9.749279e-01 2.225209e-01 0.000000e+00
    outer loop
      vertex   -1.279108e+01 -2.321240e+00 3.000000e+00
      vertex   -1.253152e+01 -3.458479e+00 0.000000e+00
      vertex   -1.279108e+01 -2.321240e+00 0.000000e+00
    endloop
  endfacet
  facet normal 9.909498e-01 1.342333e-01 0.000000e+00
    outer loop
      vertex   -1.279108e+01 -2.321240e+00 3.000000e+00
      vertex   -1.279108e+01 -2.321240e+00 0.000000e+00
      vertex   -1.294767e+01 -1.165311e+00 3.000000e+00
    endloop
  endfacet
  facet normal 9.909498e-01 1.342333e-01 0.000000e+00
    outer loop
      vertex   -1.294767e+01 -1.165311e+00 3.000000e+00
      vertex   -1.279108e+01 -2.321240e+00 0.000000e+00
      vertex   -1.294767e+01 -1.165311e+00 0.000000e+00
    endloop
  endfacet
  facet normal 1.000000e+00 0.000000e+00 0.000000e+00
    outer loop
      vertex   2.000000e+01 2.400000e+01 -5.100000e+01
      vertex   2.000000e+01 2.700000e+01 -5.100000e+01
      vertex   2.000000e+01 2.400000e+01 0.000000e+00
    endloop
  endfacet
  facet normal 1.000000e+00 -0.000000e+00 0.000000e+00
    outer loop
      vertex   2.000000e+01 2.400000e+01 0.000000e+00
      vertex   2.000000e+01 2.700000e+01 -5.100000e+01
      vertex   2.000000e+01 2.700000e+01 3.000000e+00
    endloop
  endfacet
  facet normal 1.000000e+00 0.000000e+00 -0.000000e+00
    outer loop
      vertex   2.000000e+01 2.400000e+01 0.000000e+00
      vertex   2.000000e+01 2.700000e+01 3.000000e+00
      vertex   2.000000e+01 0.000000e+00 3.000000e+00
    endloop
  endfacet
  facet normal 1.000000e+00 0.000000e+00 0.000000e+00
    outer loop
      vertex   2.000000e+01 0.000000e+00 3.000000e+00
      vertex   2.000000e+01 0.000000e+00 0.000000e+00
      vertex   2.000000e+01 2.400000e+01 0.000000e+00
    endloop
  endfacet
  facet normal -9.993628e-01 -3.569233e-02 -0.000000e+00
    outer loop
      vertex   -2.000000e+01 0.000000e+00 3.000000e+00
      vertex   -2.000000e+01 0.000000e+00 0.000000e+00
      vertex   -1.994904e+01 -1.426784e+00 3.000000e+00
    endloop
  endfacet
  facet normal -9.993628e-01 -3.569233e-02 -0.000000e+00
    outer loop
      vertex   -1.994904e+01 -1.426784e+00 3.000000e+00
      vertex   -2.000000e+01 0.000000e+00 0.000000e+00
      vertex   -1.994904e+01 -1.426784e+00 0.000000e+00
    endloop
  endfacet
  facet normal -9.942703e-01 -1.068951e-01 -0.000000e+00
    outer loop
      vertex   -1.994904e+01 -1.426784e+00 3.000000e+00
      vertex   -1.994904e+01 -1.426784e+00 0.000000e+00
      vertex   -1.979643e+01 -2.846297e+00 0.000000e+00
    endloop
  endfacet
  facet normal -9.942703e-01 -1.068951e-01 0.000000e+00
    outer loop
      vertex   -1.994904e+01 -1.426784e+00 3.000000e+00
      vertex   -1.979643e+01 -2.846297e+00 0.000000e+00
      vertex   -1.979643e+01 -2.846297e+00 3.000000e+00
    endloop
  endfacet
  facet normal -9.841112e-01 -1.775532e-01 -0.000000e+00
    outer loop
      vertex   -1.979643e+01 -2.846297e+00 3.000000e+00
      vertex   -1.979643e+01 -2.846297e+00 0.000000e+00
      vertex   -1.954294e+01 -4.251306e+00 0.000000e+00
    endloop
  endfacet
  facet normal -9.841112e-01 -1.775532e-01 0.000000e+00
    outer loop
      vertex   -1.979643e+01 -2.846297e+00 3.000000e+00
      vertex   -1.954294e+01 -4.251306e+00 0.000000e+00
      vertex   -1.954294e+01 -4.251306e+00 3.000000e+00
    endloop
  endfacet
  facet normal -9.689373e-01 -2.473065e-01 -0.000000e+00
    outer loop
      vertex   -1.954294e+01 -4.251306e+00 3.000000e+00
      vertex   -1.954294e+01 -4.251306e+00 0.000000e+00
      vertex   -1.918986e+01 -5.634651e+00 0.000000e+00
    endloop
  endfacet
  facet normal -9.689373e-01 -2.473065e-01 0.000000e+00
    outer loop
      vertex   -1.954294e+01 -4.251306e+00 3.000000e+00
      vertex   -1.918986e+01 -5.634651e+00 0.000000e+00
      vertex   -1.918986e+01 -5.634651e+00 3.000000e+00
    endloop
  endfacet
  facet normal -9.488259e-01 -3.157996e-01 -0.000000e+00
    outer loop
      vertex   -1.918986e+01 -5.634651e+00 3.000000e+00
      vertex   -1.918986e+01 -5.634651e+00 0.000000e+00
      vertex   -1.873899e+01 -6.989284e+00 0.000000e+00
    endloop
  endfacet
  facet normal -9.488259e-01 -3.157996e-01 0.000000e+00
    outer loop
      vertex   -1.918986e+01 -5.634651e+00 3.000000e+00
      vertex   -1.873899e+01 -6.989284e+00 0.000000e+00
      vertex   -1.873899e+01 -6.989284e+00 3.000000e+00
    endloop
  endfacet
  facet normal -9.238795e-01 -3.826834e-01 -0.000000e+00
    outer loop
      vertex   -1.873899e+01 -6.989284e+00 3.000000e+00
      vertex   -1.873899e+01 -6.989284e+00 0.000000e+00
      vertex   -1.819264e+01 -8.308300e+00 0.000000e+00
    endloop
  endfacet
  facet normal -9.238795e-01 -3.826834e-01 0.000000e+00
    outer loop
      vertex   -1.873899e+01 -6.989284e+00 3.000000e+00
      vertex   -1.819264e+01 -8.308300e+00 0.000000e+00
      vertex   -1.819264e+01 -8.308300e+00 3.000000e+00
    endloop
  endfacet
  facet normal -8.942253e-01 -4.476172e-01 -0.000000e+00
    outer loop
      vertex   -1.819264e+01 -8.308300e+00 3.000000e+00
      vertex   -1.819264e+01 -8.308300e+00 0.000000e+00
      vertex   -1.755358e+01 -9.584980e+00 0.000000e+00
    endloop
  endfacet
  facet normal -8.942253e-01 -4.476172e-01 0.000000e+00
    outer loop
      vertex   -1.819264e+01 -8.308300e+00 3.000000e+00
      vertex   -1.755358e+01 -9.584980e+00 0.000000e+00
      vertex   -1.755358e+01 -9.584980e+00 3.000000e+00
    endloop
  endfacet
  facet normal -8.600142e-01 -5.102700e-01 -0.000000e+00
    outer loop
      vertex   -1.755358e+01 -9.584980e+00 3.000000e+00
      vertex   -1.755358e+01 -9.584980e+00 0.000000e+00
      vertex   -1.682507e+01 -1.081282e+01 0.000000e+00
    endloop
  endfacet
  facet normal -8.600142e-01 -5.102700e-01 0.000000e+00
    outer loop
      vertex   -1.755358e+01 -9.584980e+00 3.000000e+00
      vertex   -1.682507e+01 -1.081282e+01 0.000000e+00
      vertex   -1.682507e+01 -1.081282e+01 3.000000e+00
    endloop
  endfacet
  facet normal -8.214208e-01 -5.703226e-01 -0.000000e+00
    outer loop
      vertex   -1.682507e+01 -1.081282e+01 3.000000e+00
      vertex   -1.682507e+01 -1.081282e+01 0.000000e+00
      vertex   -1.601082e+01 -1.198555e+01 0.000000e+00
    endloop
  endfacet
  facet normal -8.214208e-01 -5.703226e-01 0.000000e+00
    outer loop
      vertex   -1.682507e+01 -1.081282e+01 3.000000e+00
      vertex   -1.601082e+01 -1.198555e+01 0.000000e+00
      vertex   -1.601082e+01 -1.198555e+01 3.000000e+00
    endloop
  endfacet
  facet normal -7.786415e-01 -6.274690e-01 -0.000000e+00
    outer loop
      vertex   -1.601082e+01 -1.198555e+01 3.000000e+00
      vertex   -1.601082e+01 -1.198555e+01 0.000000e+00
      vertex   -1.511499e+01 -1.309721e+01 0.000000e+00
    endloop
  endfacet
  facet normal -7.786415e-01 -6.274690e-01 0.000000e+00
    outer loop
      vertex   -1.601082e+01 -1.198555e+01 3.000000e+00
      vertex   -1.511499e+01 -1.309721e+01 0.000000e+00
      vertex   -1.511499e+01 -1.309721e+01 3.000000e+00
    endloop
  endfacet
  facet normal -7.318945e-01 -6.814179e-01 -0.000000e+00
    outer loop
      vertex   -1.511499e+01 -1.309721e+01 3.000000e+00
      vertex   -1.511499e+01 -1.309721e+01 0.000000e+00
      vertex   -1.414214e+01 -1.414214e+01 0.000000e+00
    endloop
  endfacet
  facet normal -7.318945e-01 -6.814179e-01 0.000000e+00
    outer loop
      vertex   -1.511499e+01 -1.309721e+01 3.000000e+00
      vertex   -1.414214e+01 -1.414214e+01 0.000000e+00
      vertex   -1.414214e+01 -1.414214e+01 3.000000e+00
    endloop
  endfacet
  facet normal -6.814179e-01 -7.318945e-01 -0.000000e+00
    outer loop
      vertex   -1.414214e+01 -1.414214e+01 3.000000e+00
      vertex   -1.414214e+01 -1.414214e+01 0.000000e+00
      vertex   -1.309721e+01 -1.511499e+01 0.000000e+00
    endloop
  endfacet
  facet normal -6.814179e-01 -7.318945e-01 0.000000e+00
    outer loop
      vertex   -1.414214e+01 -1.414214e+01 3.000000e+00
      vertex   -1.309721e+01 -1.511499e+01 0.000000e+00
      vertex   -1.309721e+01 -1.511499e+01 3.000000e+00
    endloop
  endfacet
  facet normal -6.274690e-01 -7.786415e-01 -0.000000e+00
    outer loop
      vertex   -1.309721e+01 -1.511499e+01 3.000000e+00
      vertex   -1.309721e+01 -1.511499e+01 0.000000e+00
      vertex   -1.198555e+01 -1.601082e+01 0.000000e+00
    endloop
  endfacet
  facet normal -6.274690e-01 -7.786415e-01 0.000000e+00
    outer loop
      vertex   -1.309721e+01 -1.511499e+01 3.000000e+00
      vertex   -1.198555e+01 -1.601082e+01 0.000000e+00
      vertex   -1.198555e+01 -1.601082e+01 3.000000e+00
    endloop
  endfacet
  facet normal -5.703226e-01 -8.214208e-01 -0.000000e+00
    outer loop
      vertex   -1.198555e+01 -1.601082e+01 3.000000e+00
      vertex   -1.198555e+01 -1.601082e+01 0.000000e+00
      vertex   -1.081282e+01 -1.682507e+01 0.000000e+00
    endloop
  endfacet
  facet normal -5.703226e-01 -8.214208e-01 0.000000e+00
    outer loop
      vertex   -1.198555e+01 -1.601082e+01 3.000000e+00
      vertex   -1.081282e+01 -1.682507e+01 0.000000e+00
      vertex   -1.081282e+01 -1.682507e+01 3.000000e+00
    endloop
  endfacet
  facet normal -5.102700e-01 -8.600142e-01 -0.000000e+00
    outer loop
      vertex   -1.081282e+01 -1.682507e+01 3.000000e+00
      vertex   -1.081282e+01 -1.682507e+01 0.000000e+00
      vertex   -9.584980e+00 -1.755358e+01 0.000000e+00
    endloop
  endfacet
  facet normal -5.102700e-01 -8.600142e-01 0.000000e+00
    outer loop
      vertex   -1.081282e+01 -1.682507e+01 3.000000e+00
      vertex   -9.584980e+00 -1.755358e+01 0.000000e+00
      vertex   -9.584980e+00 -1.755358e+01 3.000000e+00
    endloop
  endfacet
  facet normal -4.476172e-01 -8.942253e-01 -0.000000e+00
    outer loop
      vertex   -9.584980e+00 -1.755358e+01 3.000000e+00
      vertex   -9.584980e+00 -1.755358e+01 0.000000e+00
      vertex   -8.308300e+00 -1.819264e+01 0.000000e+00
    endloop
  endfacet
  facet normal -4.476172e-01 -8.942253e-01 0.000000e+00
    outer loop
      vertex   -9.584980e+00 -1.755358e+01 3.000000e+00
      vertex   -8.308300e+00 -1.819264e+01 0.000000e+00
      vertex   -8.308300e+00 -1.819264e+01 3.000000e+00
    endloop
  endfacet
  facet normal -3.826834e-01 -9.238795e-01 -0.000000e+00
    outer loop
      vertex   -8.308300e+00 -1.819264e+01 3.000000e+00
      vertex   -8.308300e+00 -1.819264e+01 0.000000e+00
      vertex   -6.989284e+00 -1.873899e+01 0.000000e+00
    endloop
  endfacet
  facet normal -3.826834e-01 -9.238795e-01 0.000000e+00
    outer loop
      vertex   -8.308300e+00 -1.819264e+01 3.000000e+00
      vertex   -6.989284e+00 -1.873899e+01 0.000000e+00
      vertex   -6.989284e+00 -1.873899e+01 3.000000e+00
    endloop
  endfacet
  facet normal -3.157996e-01 -9.488259e-01 -0.000000e+00
    outer loop
      vertex   -6.989284e+00 -1.873899e+01 3.000000e+00
      vertex   -6.989284e+00 -1.873899e+01 0.000000e+00
      vertex   -5.634651e+00 -1.918986e+01 0.000000e+00
    endloop
  endfacet
  facet normal -3.157996e-01 -9.488259e-01 0.000000e+00
    outer loop
      vertex   -6.989284e+00 -1.873899e+01 3.000000e+00
      vertex   -5.634651e+00 -1.918986e+01 0.000000e+00
      vertex   -5.634651e+00 -1.918986e+01 3.000000e+00
    endloop
  endfacet
  facet normal -2.473065e-01 -9.689373e-01 -0.000000e+00
    outer loop
      vertex   -5.634651e+00 -1.918986e+01 3.000000e+00
      vertex   -5.634651e+00 -1.918986e+01 0.000000e+00
      vertex   -4.251306e+00 -1.954294e+01 0.000000e+00
    endloop
  endfacet
  facet normal -2.473065e-01 -9.689373e-01 0.000000e+00
    outer loop
      vertex   -5.634651e+00 -1.918986e+01 3.000000e+00
      vertex   -4.251306e+00 -1.954294e+01 0.000000e+00
      vertex   -4.251306e+00 -1.954294e+01 3.000000e+00
    endloop
  endfacet
  facet normal -1.775532e-01 -9.841112e-01 -0.000000e+00
    outer loop
      vertex   -4.251306e+00 -1.954294e+01 3.000000e+00
      vertex   -4.251306e+00 -1.954294e+01 0.000000e+00
      vertex   -2.846297e+00 -1.979643e+01 0.000000e+00
    endloop
  endfacet
  facet normal -1.775532e-01 -9.841112e-01 0.000000e+00
    outer loop
      vertex   -4.251306e+00 -1.954294e+01 3.000000e+00
      vertex   -2.846297e+00 -1.979643e+01 0.000000e+00
      vertex   -2.846297e+00 -1.979643e+01 3.000000e+00
    endloop
  endfacet
  facet normal -1.068951e-01 -9.942703e-01 -0.000000e+00
    outer loop
      vertex   -2.846297e+00 -1.979643e+01 3.000000e+00
      vertex   -2.846297e+00 -1.979643e+01 0.000000e+00
      vertex   -1.426784e+00 -1.994904e+01 0.000000e+00
    endloop
  endfacet
  facet normal -1.068951e-01 -9.942703e-01 0.000000e+00
    outer loop
      vertex   -2.846297e+00 -1.979643e+01 3.000000e+00
      vertex   -1.426784e+00 -1.994904e+01 0.000000e+00
      vertex   -1.426784e+00 -1.994904e+01 3.000000e+00
    endloop
  endfacet
  facet normal -3.569233e-02 -9.993628e-01 -0.000000e+00
    outer loop
      vertex   -1.426784e+00 -1.994904e+01 3.000000e+00
      vertex   -1.426784e+00 -1.994904e+01 0.000000e+00
      vertex   1.224647e-15 -2.000000e+01 0.000000e+00
    endloop
  endfacet
  facet normal -3.569233e-02 -9.993628e-01 0.000000e+00
    outer loop
      vertex   -1.426784e+00 -1.994904e+01 3.000000e+00
      vertex   1.224647e-15 -2.000000e+01 0.000000e+00
      vertex   1.224647e-15 -2.000000e+01 3.000000e+00
    endloop
  endfacet
  facet normal 3.569233e-02 -9.993628e-01 0.000000e+00
    outer loop
      vertex   1.224647e-15 -2.000000e+01 3.000000e+00
      vertex   1.224647e-15 -2.000000e+01 0.000000e+00
      vertex   1.426784e+00 -1.994904e+01 0.000000e+00
    endloop
  endfacet
  facet normal 3.569233e-02 -9.993628e-01 0.000000e+00
    outer loop
      vertex   1.224647e-15 -2.000000e+01 3.000000e+00
      vertex   1.426784e+00 -1.994904e+01 0.000000e+00
      vertex   1.426784e+00 -1.994904e+01 3.000000e+00
    endloop
  endfacet
  facet normal 1.068951e-01 -9.942703e-01 0.000000e+00
    outer loop
      vertex   1.426784e+00 -1.994904e+01 3.000000e+00
      vertex   1.426784e+00 -1.994904e+01 0.000000e+00
      vertex   2.846297e+00 -1.979643e+01 0.000000e+00
    endloop
  endfacet
  facet normal 1.068951e-01 -9.942703e-01 0.000000e+00
    outer loop
      vertex   1.426784e+00 -1.994904e+01 3.000000e+00
      vertex   2.846297e+00 -1.979643e+01 0.000000e+00
      vertex   2.846297e+00 -1.979643e+01 3.000000e+00
    endloop
  endfacet
  facet normal 1.775532e-01 -9.841112e-01 0.000000e+00
    outer loop
      vertex   2.846297e+00 -1.979643e+01 3.000000e+00
      vertex   2.846297e+00 -1.979643e+01 0.000000e+00
      vertex   4.251306e+00 -1.954294e+01 0.000000e+00
    endloop
  endfacet
  facet normal 1.775532e-01 -9.841112e-01 0.000000e+00
    outer loop
      vertex   2.846297e+00 -1.979643e+01 3.000000e+00
      vertex   4.251306e+00 -1.954294e+01 0.000000e+00
      vertex   4.251306e+00 -1.954294e+01 3.000000e+00
    endloop
  endfacet
  facet normal 2.473065e-01 -9.689373e-01 0.000000e+00
    outer loop
      vertex   4.251306e+00 -1.954294e+01 3.000000e+00
      vertex   4.251306e+00 -1.954294e+01 0.000000e+00
      vertex   5.634651e+00 -1.918986e+01 0.000000e+00
    endloop
  endfacet
  facet normal 2.473065e-01 -9.689373e-01 0.000000e+00
    outer loop
      vertex   4.251306e+00 -1.954294e+01 3.000000e+00
      vertex   5.634651e+00 -1.918986e+01 0.000000e+00
      vertex   5.634651e+00 -1.918986e+01 3.000000e+00
    endloop
  endfacet
  facet normal 3.157996e-01 -9.488259e-01 0.000000e+00
    outer loop
      vertex   5.634651e+00 -1.918986e+01 3.000000e+00
      vertex   5.634651e+00 -1.918986e+01 0.000000e+00
      vertex   6.989284e+00 -1.873899e+01 0.000000e+00
    endloop
  endfacet
  facet normal 3.157996e-01 -9.488259e-01 0.000000e+00
    outer loop
      vertex   5.634651e+00 -1.918986e+01 3.000000e+00
      vertex   6.989284e+00 -1.873899e+01 0.000000e+00
      vertex   6.989284e+00 -1.873899e+01 3.000000e+00
    endloop
  endfacet
  facet normal 3.826834e-01 -9.238795e-01 0.000000e+00
    outer loop
      vertex   6.989284e+00 -1.873899e+01 3.000000e+00
      vertex   6.989284e+00 -1.873899e+01 0.000000e+00
      vertex   8.308300e+00 -1.819264e+01 0.000000e+00
    endloop
  endfacet
  facet normal 3.826834e-01 -9.238795e-01 0.000000e+00
    outer loop
      vertex   6.989284e+00 -1.873899e+01 3.000000e+00
      vertex   8.308300e+00 -1.819264e+01 0.000000e+00
      vertex   8.308300e+00 -1.819264e+01 3.000000e+00
    endloop
  endfacet
  facet normal 4.476172e-01 -8.942253e-01 0.000000e+00
    outer loop
      vertex   8.308300e+00 -1.819264e+01 3.000000e+00
      vertex   8.308300e+00 -1.819264e+01 0.000000e+00
      vertex   9.584980e+00 -1.755358e+01 0.000000e+00
    endloop
  endfacet
  facet normal 4.476172e-01 -8.942253e-01 0.000000e+00
    outer loop
      vertex   8.308300e+00 -1.819264e+01 3.000000e+00
      vertex   9.584980e+00 -1.755358e+01 0.000000e+00
      vertex   9.584980e+00 -1.755358e+01 3.000000e+00
    endloop
  endfacet
  facet normal 5.102700e-01 -8.600142e-01 0.000000e+00
    outer loop
      vertex   9.584980e+00 -1.755358e+01 3.000000e+00
      vertex   9.584980e+00 -1.755358e+01 0.000000e+00
      vertex   1.081282e+01 -1.682507e+01 0.000000e+00
    endloop
  endfacet
  facet normal 5.102700e-01 -8.600142e-01 0.000000e+00
    outer loop
      vertex   9.584980e+00 -1.755358e+01 3.000000e+00
      vertex   1.081282e+01 -1.682507e+01 0.000000e+00
      vertex   1.081282e+01 -1.682507e+01 3.000000e+00
    endloop
  endfacet
  facet normal 5.703226e-01 -8.214208e-01 0.000000e+00
    outer loop
      vertex   1.081282e+01 -1.682507e+01 3.000000e+00
      vertex   1.081282e+01 -1.682507e+01 0.000000e+00
      vertex   1.198555e+01 -1.601082e+01 0.000000e+00
    endloop
  endfacet
  facet normal 5.703226e-01 -8.214208e-01 0.000000e+00
    outer loop
      vertex   1.081282e+01 -1.682507e+01 3.000000e+00
      vertex   1.198555e+01 -1.601082e+01 0.000000e+00
      vertex   1.198555e+01 -1.601082e+01 3.000000e+00
    endloop
  endfacet
  facet normal 6.274690e-01 -7.786415e-01 0.000000e+00
    outer loop
      vertex   1.198555e+01 -1.601082e+01 3.000000e+00
      vertex   1.198555e+01 -1.601082e+01 0.000000e+00
      vertex   1.309721e+01 -1.511499e+01 0.000000e+00
    endloop
  endfacet
  facet normal 6.274690e-01 -7.786415e-01 0.000000e+00
    outer loop
      vertex   1.198555e+01 -1.601082e+01 3.000000e+00
      vertex   1.309721e+01 -1.511499e+01 0.000000e+00
      vertex   1.309721e+01 -1.511499e+01 3.000000e+00
    endloop
  endfacet
  facet normal 6.814179e-01 -7.318945e-01 0.000000e+00
    outer loop
      vertex   1.309721e+01 -1.511499e+01 3.000000e+00
      vertex   1.309721e+01 -1.511499e+01 0.000000e+00
      vertex   1.414214e+01 -1.414214e+01 0.000000e+00
    endloop
  endfacet
  facet normal 6.814179e-01 -7.318945e-01 0.000000e+00
    outer loop
      vertex   1.309721e+01 -1.511499e+01 3.000000e+00
      vertex   1.414214e+01 -1.414214e+01 0.000000e+00
      vertex   1.414214e+01 -1.414214e+01 3.000000e+00
    endloop
  endfacet
  facet normal 7.318945e-01 -6.814179e-01 0.000000e+00
    outer loop
      vertex   1.414214e+01 -1.414214e+01 3.000000e+00
      vertex   1.414214e+01 -1.414214e+01 0.000000e+00
      vertex   1.511499e+01 -1.309721e+01 0.000000e+00
    endloop
  endfacet
  facet normal 7.318945e-01 -6.814179e-01 0.000000e+00
    outer loop
      vertex   1.414214e+01 -1.414214e+01 3.000000e+00
      vertex   1.511499e+01 -1.309721e+01 0.000000e+00
      vertex   1.511499e+01 -1.309721e+01 3.000000e+00
    endloop
  endfacet
  facet normal 7.786415e-01 -6.274690e-01 0.000000e+00
    outer loop
      vertex   1.511499e+01 -1.309721e+01 3.000000e+00
      vertex   1.511499e+01 -1.309721e+01 0.000000e+00
      vertex   1.601082e+01 -1.198555e+01 0.000000e+00
    endloop
  endfacet
  facet normal 7.786415e-01 -6.274690e-01 0.000000e+00
    outer loop
      vertex   1.511499e+01 -1.309721e+01 3.000000e+00
      vertex   1.601082e+01 -1.198555e+01 0.000000e+00
      vertex   1.601082e+01 -1.198555e+01 3.000000e+00
    endloop
  endfacet
  facet normal 8.214208e-01 -5.703226e-01 0.000000e+00
    outer loop
      vertex   1.601082e+01 -1.198555e+01 3.000000e+00
      vertex   1.601082e+01 -1.198555e+01 0.000000e+00
      vertex   1.682507e+01 -1.081282e+01 0.000000e+00
    endloop
  endfacet
  facet normal 8.214208e-01 -5.703226e-01 0.000000e+00
    outer loop
      vertex   1.601082e+01 -1.198555e+01 3.000000e+00
      vertex   1.682507e+01 -1.081282e+01 0.000000e+00
      vertex   1.682507e+01 -1.081282e+01 3.000000e+00
    endloop
  endfacet
  facet normal 8.600142e-01 -5.102700e-01 0.000000e+00
    outer loop
      vertex   1.682507e+01 -1.081282e+01 3.000000e+00
      vertex   1.682507e+01 -1.081282e+01 0.000000e+00
      vertex   1.755358e+01 -9.584980e+00 0.000000e+00
    endloop
  endfacet
  facet normal 8.600142e-01 -5.102700e-01 0.000000e+00
    outer loop
      vertex   1.682507e+01 -1.081282e+01 3.000000e+00
      vertex   1.755358e+01 -9.584980e+00 0.000000e+00
      vertex   1.755358e+01 -9.584980e+00 3.000000e+00
    endloop
  endfacet
  facet normal 8.942253e-01 -4.476172e-01 0.000000e+00
    outer loop
      vertex   1.755358e+01 -9.584980e+00 3.000000e+00
      vertex   1.755358e+01 -9.584980e+00 0.000000e+00
      vertex   1.819264e+01 -8.308300e+00 0.000000e+00
    endloop
  endfacet
  facet normal 8.942253e-01 -4.476172e-01 0.000000e+00
    outer loop
      vertex   1.755358e+01 -9.584980e+00 3.000000e+00
      vertex   1.819264e+01 -8.308300e+00 0.000000e+00
      vertex   1.819264e+01 -8.308300e+00 3.000000e+00
    endloop
  endfacet
  facet normal 9.238795e-01 -3.826834e-01 0.000000e+00
    outer loop
      vertex   1.819264e+01 -8.308300e+00 3.000000e+00
      vertex   1.819264e+01 -8.308300e+00 0.000000e+00
      vertex   1.873899e+01 -6.989284e+00 0.000000e+00
    endloop
  endfacet
  facet normal 9.238795e-01 -3.826834e-01 0.000000e+00
    outer loop
      vertex   1.819264e+01 -8.308300e+00 3.000000e+00
      vertex   1.873899e+01 -6.989284e+00 0.000000e+00
      vertex   1.873899e+01 -6.989284e+00 3.000000e+00
    endloop
  endfacet
  facet normal 9.488259e-01 -3.157996e-01 0.000000e+00
    outer loop
      vertex   1.873899e+01 -6.989284e+00 3.000000e+00
      vertex   1.873899e+01 -6.989284e+00 0.000000e+00
      vertex   1.918986e+01 -5.634651e+00 0.000000e+00
    endloop
  endfacet
  facet normal 9.488259e-01 -3.157996e-01 0.000000e+00
    outer loop
      vertex   1.873899e+01 -6.989284e+00 3.000000e+00
      vertex   1.918986e+01 -5.634651e+00 0.000000e+00
      vertex   1.918986e+01 -5.634651e+00 3.000000e+00
    endloop
  endfacet
  facet normal 9.689373e-01 -2.473065e-01 0.000000e+00
    outer loop
      vertex   1.918986e+01 -5.634651e+00 3.000000e+00
      vertex   1.918986e+01 -5.634651e+00 0.000000e+00
      vertex   1.954294e+01 -4.251306e+00 0.000000e+00
    endloop
  endfacet
  facet normal 9.689373e-01 -2.473065e-01 0.000000e+00
    outer loop
      vertex   1.918986e+01 -5.634651e+00 3.000000e+00
      vertex   1.954294e+01 -4.251306e+00 0.000000e+00
      vertex   1.954294e+01 -4.251306e+00 3.000000e+00
    endloop
  endfacet
  facet normal 9.841112e-01 -1.775532e-01 0.000000e+00
    outer loop
      vertex   1.954294e+01 -4.251306e+00 3.000000e+00
      vertex   1.954294e+01 -4.251306e+00 0.000000e+00
      vertex   1.979643e+01 -2.846297e+00 0.000000e+00
    endloop
  endfacet
  facet normal 9.841112e-01 -1.775532e-01 0.000000e+00
    outer loop
      vertex   1.954294e+01 -4.251306e+00 3.000000e+00
      vertex   1.979643e+01 -2.846297e+00 0.000000e+00
      vertex   1.979643e+01 -2.846297e+00 3.000000e+00
    endloop
  endfacet
  facet normal 9.942703e-01 -1.068951e-01 0.000000e+00
    outer loop
      vertex   1.979643e+01 -2.846297e+00 3.000000e+00
      vertex   1.979643e+01 -2.846297e+00 0.000000e+00
      vertex   1.994904e+01 -1.426784e+00 0.000000e+00
    endloop
  endfacet
  facet normal 9.942703e-01 -1.068951e-01 0.000000e+00
    outer loop
      vertex   1.979643e+01 -2.846297e+00 3.000000e+00
      vertex   1.994904e+01 -1.426784e+00 0.000000e+00
      vertex   1.994904e+01 -1.426784e+00 3.000000e+00
    endloop
  endfacet
  facet normal 9.993628e-01 -3.569254e-02 0.000000e+00
    outer loop
      vertex   1.994904e+01 -1.426784e+00 3.000000e+00
      vertex   1.994904e+01 -1.426784e+00 0.000000e+00
      vertex   2.000000e+01 0.000000e+00 3.000000e+00
    endloop
  endfacet
  facet normal 9.993628e-01 -3.569254e-02 0.000000e+00
    outer loop
      vertex   2.000000e+01 0.000000e+00 3.000000e+00
      vertex   1.994904e+01 -1.426784e+00 0.000000e+00
      vertex   2.000000e+01 0.000000e+00 0.000000e+00
    endloop
  endfacet
  facet normal 0.000000e+00 0.000000e+00 -1.000000e+00
    outer loop
      vertex   -1.294767e+01 -1.165311e+00 0.000000e+00
      vertex   -1.391262e+01 -2.005332e-01 0.000000e+00
      vertex   -1.300000e+01 -1.592041e-15 0.000000e+00
    endloop
  endfacet
  facet normal -0.000000e+00 0.000000e+00 -1.000000e+00
    outer loop
      vertex   -1.300000e+01 -1.592041e-15 0.000000e+00
      vertex   -1.391262e+01 -2.005332e-01 0.000000e+00
      vertex   -1.391262e+01 2.005332e-01 0.000000e+00
    endloop
  endfacet
  facet normal 0.000000e+00 0.000000e+00 -1.000000e+00
    outer loop
      vertex   -1.300000e+01 -1.592041e-15 0.000000e+00
      vertex   -1.391262e+01 2.005332e-01 0.000000e+00
      vertex   -1.294767e+01 1.165311e+00 0.000000e+00
    endloop
  endfacet
  facet normal 0.000000e+00 0.000000e+00 -1.000000e+00
    outer loop
      vertex   -1.294767e+01 1.165311e+00 0.000000e+00
      vertex   -1.391262e+01 2.005332e-01 0.000000e+00
      vertex   -1.401236e+01 5.889993e-01 0.000000e+00
    endloop
  endfacet
  facet normal 0.000000e+00 0.000000e+00 -1.000000e+00
    outer loop
      vertex   -1.294767e+01 1.165311e+00 0.000000e+00
      vertex   -1.401236e+01 5.889993e-01 0.000000e+00
      vertex   -1.420557e+01 9.404564e-01 0.000000e+00
    endloop
  endfacet
  facet normal 0.000000e+00 0.000000e+00 -1.000000e+00
    outer loop
      vertex   -1.279108e+01 -2.321240e+00 0.000000e+00
      vertex   -1.420557e+01 -9.404564e-01 0.000000e+00
      vertex   -1.294767e+01 -1.165311e+00 0.000000e+00
    endloop
  endfacet
  facet normal 0.000000e+00 0.000000e+00 -1.000000e+00
    outer loop
      vertex   -1.294767e+01 -1.165311e+00 0.000000e+00
      vertex   -1.420557e+01 -9.404564e-01 0.000000e+00
      vertex   -1.401236e+01 -5.889993e-01 0.000000e+00
    endloop
  endfacet
  facet normal 0.000000e+00 0.000000e+00 -1.000000e+00
    outer loop
      vertex   -1.294767e+01 -1.165311e+00 0.000000e+00
      vertex   -1.401236e+01 -5.889993e-01 0.000000e+00
      vertex   -1.391262e+01 -2.005332e-01 0.000000e+00
    endloop
  endfacet
  facet normal 0.000000e+00 0.000000e+00 -1.000000e+00
    outer loop
      vertex   -1.253152e+01 -3.458479e+00 0.000000e+00
      vertex   -1.481875e+01 -1.447723e+00 0.000000e+00
      vertex   -1.279108e+01 -2.321240e+00 0.000000e+00
    endloop
  endfacet
  facet normal 0.000000e+00 0.000000e+00 -1.000000e+00
    outer loop
      vertex   -1.279108e+01 -2.321240e+00 0.000000e+00
      vertex   -1.481875e+01 -1.447723e+00 0.000000e+00
      vertex   -1.448012e+01 -1.232821e+00 0.000000e+00
    endloop
  endfacet
  facet normal 0.000000e+00 0.000000e+00 -1.000000e+00
    outer loop
      vertex   -1.279108e+01 -2.321240e+00 0.000000e+00
      vertex   -1.448012e+01 -1.232821e+00 0.000000e+00
      vertex   -1.420557e+01 -9.404564e-01 0.000000e+00
    endloop
  endfacet
  facet normal 0.000000e+00 0.000000e+00 -1.000000e+00
    outer loop
      vertex   -1.217105e+01 -4.567873e+00 0.000000e+00
      vertex   -1.560046e+01 -1.596843e+00 0.000000e+00
      vertex   -1.253152e+01 -3.458479e+00 0.000000e+00
    endloop
  endfacet
  facet normal 0.000000e+00 0.000000e+00 -1.000000e+00
    outer loop
      vertex   -1.253152e+01 -3.458479e+00 0.000000e+00
      vertex   -1.560046e+01 -1.596843e+00 0.000000e+00
      vertex   -1.520019e+01 -1.571660e+00 0.000000e+00
    endloop
  endfacet
  facet normal 0.000000e+00 0.000000e+00 -1.000000e+00
    outer loop
      vertex   -1.253152e+01 -3.458479e+00 0.000000e+00
      vertex   -1.520019e+01 -1.571660e+00 0.000000e+00
      vertex   -1.481875e+01 -1.447723e+00 0.000000e+00
    endloop
  endfacet
  facet normal -0.000000e+00 0.000000e+00 -1.000000e+00
    outer loop
      vertex   -1.171260e+01 -5.640489e+00 0.000000e+00
      vertex   -1.819264e+01 -8.308300e+00 0.000000e+00
      vertex   -1.217105e+01 -4.567873e+00 0.000000e+00
    endloop
  endfacet
  facet normal 0.000000e+00 0.000000e+00 -1.000000e+00
    outer loop
      vertex   -1.217105e+01 -4.567873e+00 0.000000e+00
      vertex   -1.819264e+01 -8.308300e+00 0.000000e+00
      vertex   -1.873899e+01 -6.989284e+00 0.000000e+00
    endloop
  endfacet
  facet normal -0.000000e+00 0.000000e+00 -1.000000e+00
    outer loop
      vertex   -1.217105e+01 -4.567873e+00 0.000000e+00
      vertex   -1.873899e+01 -6.989284e+00 0.000000e+00
      vertex   -1.560046e+01 -1.596843e+00 0.000000e+00
    endloop
  endfacet
  facet normal 0.000000e+00 0.000000e+00 -1.000000e+00
    outer loop
      vertex   -1.560046e+01 -1.596843e+00 0.000000e+00
      vertex   -1.873899e+01 -6.989284e+00 0.000000e+00
      vertex   -1.918986e+01 -5.634651e+00 0.000000e+00
    endloop
  endfacet
  facet normal -0.000000e+00 0.000000e+00 -1.000000e+00
    outer loop
      vertex   -1.560046e+01 -1.596843e+00 0.000000e+00
      vertex   -1.918986e+01 -5.634651e+00 0.000000e+00
      vertex   -1.599443e+01 -1.521690e+00 0.000000e+00
    endloop
  endfacet
  facet normal 0.000000e+00 0.000000e+00 -1.000000e+00
    outer loop
      vertex   -1.599443e+01 -1.521690e+00 0.000000e+00
      vertex   -1.918986e+01 -5.634651e+00 0.000000e+00
      vertex   -1.954294e+01 -4.251306e+00 0.000000e+00
    endloop
  endfacet
  facet normal -0.000000e+00 0.000000e+00 -1.000000e+00
    outer loop
      vertex   -1.599443e+01 -1.521690e+00 0.000000e+00
      vertex   -1.954294e+01 -4.251306e+00 0.000000e+00
      vertex   -1.635732e+01 -1.350925e+00 0.000000e+00
    endloop
  endfacet
  facet normal 0.000000e+00 0.000000e+00 -1.000000e+00
    outer loop
      vertex   -1.635732e+01 -1.350925e+00 0.000000e+00
      vertex   -1.954294e+01 -4.251306e+00 0.000000e+00
      vertex   -1.979643e+01 -2.846297e+00 0.000000e+00
    endloop
  endfacet
  facet normal -0.000000e+00 0.000000e+00 -1.000000e+00
    outer loop
      vertex   -1.635732e+01 -1.350925e+00 0.000000e+00
      vertex   -1.979643e+01 -2.846297e+00 0.000000e+00
      vertex   -1.666635e+01 -1.095275e+00 0.000000e+00
    endloop
  endfacet
  facet normal -0.000000e+00 0.000000e+00 -1.000000e+00
    outer loop
      vertex   -1.666635e+01 -1.095275e+00 0.000000e+00
      vertex   -1.979643e+01 -2.846297e+00 0.000000e+00
      vertex   -1.690209e+01 -7.708059e-01 0.000000e+00
    endloop
  endfacet
  facet normal 0.000000e+00 0.000000e+00 -1.000000e+00
    outer loop
      vertex   -1.690209e+01 -7.708059e-01 0.000000e+00
      vertex   -1.979643e+01 -2.846297e+00 0.000000e+00
      vertex   -1.994904e+01 -1.426784e+00 0.000000e+00
    endloop
  endfacet
  facet normal -0.000000e+00 0.000000e+00 -1.000000e+00
    outer loop
      vertex   -1.690209e+01 -7.708059e-01 0.000000e+00
      vertex   -1.994904e+01 -1.426784e+00 0.000000e+00
      vertex   -1.704973e+01 -3.979038e-01 0.000000e+00
    endloop
  endfacet
  facet normal -0.000000e+00 0.000000e+00 -1.000000e+00
    outer loop
      vertex   -1.704973e+01 -3.979038e-01 0.000000e+00
      vertex   -1.994904e+01 -1.426784e+00 0.000000e+00
      vertex   -2.000000e+01 0.000000e+00 0.000000e+00
    endloop
  endfacet
  facet normal 0.000000e+00 0.000000e+00 -1.000000e+00
    outer loop
      vertex   -1.704973e+01 -3.979038e-01 0.000000e+00
      vertex   -2.000000e+01 0.000000e+00 0.000000e+00
      vertex   -1.710000e+01 -1.959435e-16 0.000000e+00
    endloop
  endfacet
  facet normal 0.000000e+00 0.000000e+00 -1.000000e+00
    outer loop
      vertex   -1.710000e+01 -1.959435e-16 0.000000e+00
      vertex   -2.000000e+01 0.000000e+00 0.000000e+00
      vertex   -1.704973e+01 3.979038e-01 0.000000e+00
    endloop
  endfacet
  facet normal -0.000000e+00 0.000000e+00 -1.000000e+00
    outer loop
      vertex   -1.704973e+01 3.979038e-01 0.000000e+00
      vertex   -2.000000e+01 0.000000e+00 0.000000e+00
      vertex   -1.690209e+01 7.708059e-01 0.000000e+00
    endloop
  endfacet
  facet normal -0.000000e+00 0.000000e+00 -1.000000e+00
    outer loop
      vertex   -1.690209e+01 7.708059e-01 0.000000e+00
      vertex   -2.000000e+01 0.000000e+00 0.000000e+00
      vertex   -1.666635e+01 1.095275e+00 0.000000e+00
    endloop
  endfacet
  facet normal -0.000000e+00 0.000000e+00 -1.000000e+00
    outer loop
      vertex   -1.666635e+01 1.095275e+00 0.000000e+00
      vertex   -2.000000e+01 0.000000e+00 0.000000e+00
      vertex   -1.635732e+01 1.350925e+00 0.000000e+00
    endloop
  endfacet
  facet normal -0.000000e+00 0.000000e+00 -1.000000e+00
    outer loop
      vertex   -1.635732e+01 1.350925e+00 0.000000e+00
      vertex   -2.000000e+01 0.000000e+00 0.000000e+00
      vertex   -2.000000e+01 2.400000e+01 0.000000e+00
    endloop
  endfacet
  facet normal 0.000000e+00 0.000000e+00 -1.000000e+00
    outer loop
      vertex   -1.635732e+01 1.350925e+00 0.000000e+00
      vertex   -2.000000e+01 2.400000e+01 0.000000e+00
      vertex   -1.171260e+01 5.640489e+00 0.000000e+00
    endloop
  endfacet
  facet normal 0.000000e+00 0.000000e+00 -1.000000e+00
    outer loop
      vertex   -1.171260e+01 5.640489e+00 0.000000e+00
      vertex   -2.000000e+01 2.400000e+01 0.000000e+00
      vertex   -1.115983e+01 6.667691e+00 0.000000e+00
    endloop
  endfacet
  facet normal 0.000000e+00 0.000000e+00 -1.000000e+00
    outer loop
      vertex   -1.115983e+01 6.667691e+00 0.000000e+00
      vertex   -2.000000e+01 2.400000e+01 0.000000e+00
      vertex   -9.367029e+00 1.341355e+01 0.000000e+00
    endloop
  endfacet
  facet normal 0.000000e+00 0.000000e+00 -1.000000e+00
    outer loop
      vertex   -1.115983e+01 6.667691e+00 0.000000e+00
      vertex   -9.367029e+00 1.341355e+01 0.000000e+00
      vertex   -1.051722e+01 7.641208e+00 0.000000e+00
    endloop
  endfacet
  facet normal 0.000000e+00 0.000000e+00 -1.000000e+00
    outer loop
      vertex   -1.051722e+01 7.641208e+00 0.000000e+00
      vertex   -9.367029e+00 1.341355e+01 0.000000e+00
      vertex   -9.316762e+00 1.301564e+01 0.000000e+00
    endloop
  endfacet
  facet normal 0.000000e+00 0.000000e+00 -1.000000e+00
    outer loop
      vertex   -1.051722e+01 7.641208e+00 0.000000e+00
      vertex   -9.316762e+00 1.301564e+01 0.000000e+00
      vertex   -9.789929e+00 8.553204e+00 0.000000e+00
    endloop
  endfacet
  facet normal 0.000000e+00 0.000000e+00 -1.000000e+00
    outer loop
      vertex   -9.789929e+00 8.553204e+00 0.000000e+00
      vertex   -9.316762e+00 1.301564e+01 0.000000e+00
      vertex   -9.169119e+00 1.264274e+01 0.000000e+00
    endloop
  endfacet
  facet normal 0.000000e+00 0.000000e+00 -1.000000e+00
    outer loop
      vertex   -9.789929e+00 8.553204e+00 0.000000e+00
      vertex   -9.169119e+00 1.264274e+01 0.000000e+00
      vertex   -8.983815e+00 9.396333e+00 0.000000e+00
    endloop
  endfacet
  facet normal 0.000000e+00 0.000000e+00 -1.000000e+00
    outer loop
      vertex   -8.983815e+00 9.396333e+00 0.000000e+00
      vertex   -9.169119e+00 1.264274e+01 0.000000e+00
      vertex   -8.933378e+00 1.231827e+01 0.000000e+00
    endloop
  endfacet
  facet normal 0.000000e+00 0.000000e+00 -1.000000e+00
    outer loop
      vertex   -8.983815e+00 9.396333e+00 0.000000e+00
      vertex   -8.933378e+00 1.231827e+01 0.000000e+00
      vertex   -8.624351e+00 1.206262e+01 0.000000e+00
    endloop
  endfacet
  facet normal 0.000000e+00 0.000000e+00 -1.000000e+00
    outer loop
      vertex   -1.819264e+01 -8.308300e+00 0.000000e+00
      vertex   -1.171260e+01 -5.640489e+00 0.000000e+00
      vertex   -1.755358e+01 -9.584980e+00 0.000000e+00
    endloop
  endfacet
  facet normal 0.000000e+00 0.000000e+00 -1.000000e+00
    outer loop
      vertex   -1.755358e+01 -9.584980e+00 0.000000e+00
      vertex   -1.171260e+01 -5.640489e+00 0.000000e+00
      vertex   -1.115983e+01 -6.667691e+00 0.000000e+00
    endloop
  endfacet
  facet normal 0.000000e+00 0.000000e+00 -1.000000e+00
    outer loop
      vertex   -1.755358e+01 -9.584980e+00 0.000000e+00
      vertex   -1.115983e+01 -6.667691e+00 0.000000e+00
      vertex   -1.682507e+01 -1.081282e+01 0.000000e+00
    endloop
  endfacet
  facet normal 0.000000e+00 0.000000e+00 -1.000000e+00
    outer loop
      vertex   -1.682507e+01 -1.081282e+01 0.000000e+00
      vertex   -1.115983e+01 -6.667691e+00 0.000000e+00
      vertex   -1.601082e+01 -1.198555e+01 0.000000e+00
    endloop
  endfacet
  facet normal 0.000000e+00 0.000000e+00 -1.000000e+00
    outer loop
      vertex   -1.601082e+01 -1.198555e+01 0.000000e+00
      vertex   -1.115983e+01 -6.667691e+00 0.000000e+00
      vertex   -1.051722e+01 -7.641208e+00 0.000000e+00
    endloop
  endfacet
  facet normal 0.000000e+00 0.000000e+00 -1.000000e+00
    outer loop
      vertex   -1.601082e+01 -1.198555e+01 0.000000e+00
      vertex   -1.051722e+01 -7.641208e+00 0.000000e+00
      vertex   -1.511499e+01 -1.309721e+01 0.000000e+00
    endloop
  endfacet
  facet normal 0.000000e+00 0.000000e+00 -1.000000e+00
    outer loop
      vertex   -1.511499e+01 -1.309721e+01 0.000000e+00
      vertex   -1.051722e+01 -7.641208e+00 0.000000e+00
      vertex   -9.789929e+00 -8.553204e+00 0.000000e+00
    endloop
  endfacet
  facet normal 0.000000e+00 0.000000e+00 -1.000000e+00
    outer loop
      vertex   -1.511499e+01 -1.309721e+01 0.000000e+00
      vertex   -9.789929e+00 -8.553204e+00 0.000000e+00
      vertex   -1.414214e+01 -1.414214e+01 0.000000e+00
    endloop
  endfacet
  facet normal 0.000000e+00 0.000000e+00 -1.000000e+00
    outer loop
      vertex   -1.414214e+01 -1.414214e+01 0.000000e+00
      vertex   -9.789929e+00 -8.553204e+00 0.000000e+00
      vertex   -9.135050e+00 -1.266241e+01 0.000000e+00
    endloop
  endfacet
  facet normal 0.000000e+00 0.000000e+00 -1.000000e+00
    outer loop
      vertex   -1.414214e+01 -1.414214e+01 0.000000e+00
      vertex   -9.135050e+00 -1.266241e+01 0.000000e+00
      vertex   -9.282692e+00 -1.303531e+01 0.000000e+00
    endloop
  endfacet
  facet normal 0.000000e+00 0.000000e+00 -1.000000e+00
    outer loop
      vertex   -9.789929e+00 -8.553204e+00 0.000000e+00
      vertex   -8.983815e+00 -9.396333e+00 0.000000e+00
      vertex   -9.135050e+00 -1.266241e+01 0.000000e+00
    endloop
  endfacet
  facet normal 0.000000e+00 0.000000e+00 -1.000000e+00
    outer loop
      vertex   -9.135050e+00 -1.266241e+01 0.000000e+00
      vertex   -8.983815e+00 -9.396333e+00 0.000000e+00
      vertex   -8.899309e+00 -1.233794e+01 0.000000e+00
    endloop
  endfacet
  facet normal 0.000000e+00 0.000000e+00 -1.000000e+00
    outer loop
      vertex   -8.899309e+00 -1.233794e+01 0.000000e+00
      vertex   -8.983815e+00 -9.396333e+00 0.000000e+00
      vertex   -8.590282e+00 -1.208229e+01 0.000000e+00
    endloop
  endfacet
  facet normal 0.000000e+00 0.000000e+00 -1.000000e+00
    outer loop
      vertex   -8.590282e+00 -1.208229e+01 0.000000e+00
      vertex   -8.983815e+00 -9.396333e+00 0.000000e+00
      vertex   -8.105368e+00 -1.016381e+01 0.000000e+00
    endloop
  endfacet
  facet normal 0.000000e+00 0.000000e+00 -1.000000e+00
    outer loop
      vertex   -8.590282e+00 -1.208229e+01 0.000000e+00
      vertex   -8.105368e+00 -1.016381e+01 0.000000e+00
      vertex   -8.227386e+00 -1.191153e+01 0.000000e+00
    endloop
  endfacet
  facet normal 0.000000e+00 0.000000e+00 -1.000000e+00
    outer loop
      vertex   -8.227386e+00 -1.191153e+01 0.000000e+00
      vertex   -8.105368e+00 -1.016381e+01 0.000000e+00
      vertex   -7.833424e+00 -1.183638e+01 0.000000e+00
    endloop
  endfacet
  facet normal 0.000000e+00 0.000000e+00 -1.000000e+00
    outer loop
      vertex   -7.833424e+00 -1.183638e+01 0.000000e+00
      vertex   -8.105368e+00 -1.016381e+01 0.000000e+00
      vertex   -7.161661e+00 -1.084945e+01 0.000000e+00
    endloop
  endfacet
  facet normal 0.000000e+00 0.000000e+00 -1.000000e+00
    outer loop
      vertex   -7.833424e+00 -1.183638e+01 0.000000e+00
      vertex   -7.161661e+00 -1.084945e+01 0.000000e+00
      vertex   -7.433149e+00 -1.186156e+01 0.000000e+00
    endloop
  endfacet
  facet normal 0.000000e+00 0.000000e+00 -1.000000e+00
    outer loop
      vertex   -7.433149e+00 -1.186156e+01 0.000000e+00
      vertex   -7.161661e+00 -1.084945e+01 0.000000e+00
      vertex   -7.051712e+00 -1.198549e+01 0.000000e+00
    endloop
  endfacet
  facet normal 0.000000e+00 0.000000e+00 -1.000000e+00
    outer loop
      vertex   -7.051712e+00 -1.198549e+01 0.000000e+00
      vertex   -7.161661e+00 -1.084945e+01 0.000000e+00
      vertex   -6.160293e+00 -1.144774e+01 0.000000e+00
    endloop
  endfacet
  facet normal 0.000000e+00 0.000000e+00 -1.000000e+00
    outer loop
      vertex   -7.051712e+00 -1.198549e+01 0.000000e+00
      vertex   -6.160293e+00 -1.144774e+01 0.000000e+00
      vertex   -6.713081e+00 -1.220040e+01 0.000000e+00
    endloop
  endfacet
  facet normal 0.000000e+00 0.000000e+00 -1.000000e+00
    outer loop
      vertex   -6.713081e+00 -1.220040e+01 0.000000e+00
      vertex   -6.160293e+00 -1.144774e+01 0.000000e+00
      vertex   -6.438532e+00 -1.249276e+01 0.000000e+00
    endloop
  endfacet
  facet normal 0.000000e+00 0.000000e+00 -1.000000e+00
    outer loop
      vertex   -6.438532e+00 -1.249276e+01 0.000000e+00
      vertex   -6.160293e+00 -1.144774e+01 0.000000e+00
      vertex   -5.109325e+00 -1.195386e+01 0.000000e+00
    endloop
  endfacet
  facet normal 0.000000e+00 0.000000e+00 -1.000000e+00
    outer loop
      vertex   -6.438532e+00 -1.249276e+01 0.000000e+00
      vertex   -5.109325e+00 -1.195386e+01 0.000000e+00
      vertex   -6.245317e+00 -1.284422e+01 0.000000e+00
    endloop
  endfacet
  facet normal 0.000000e+00 0.000000e+00 -1.000000e+00
    outer loop
      vertex   -6.245317e+00 -1.284422e+01 0.000000e+00
      vertex   -5.109325e+00 -1.195386e+01 0.000000e+00
      vertex   -6.145575e+00 -1.323268e+01 0.000000e+00
    endloop
  endfacet
  facet normal 0.000000e+00 0.000000e+00 -1.000000e+00
    outer loop
      vertex   -6.145575e+00 -1.323268e+01 0.000000e+00
      vertex   -5.109325e+00 -1.195386e+01 0.000000e+00
      vertex   -4.017221e+00 -1.236373e+01 0.000000e+00
    endloop
  endfacet
  facet normal 0.000000e+00 0.000000e+00 -1.000000e+00
    outer loop
      vertex   -6.145575e+00 -1.323268e+01 0.000000e+00
      vertex   -4.017221e+00 -1.236373e+01 0.000000e+00
      vertex   -6.145575e+00 -1.363375e+01 0.000000e+00
    endloop
  endfacet
  facet normal 0.000000e+00 -0.000000e+00 -1.000000e+00
    outer loop
      vertex   -6.145575e+00 -1.363375e+01 0.000000e+00
      vertex   -4.017221e+00 -1.236373e+01 0.000000e+00
      vertex   -6.245317e+00 -1.402222e+01 0.000000e+00
    endloop
  endfacet
  facet normal 0.000000e+00 0.000000e+00 -1.000000e+00
    outer loop
      vertex   -6.245317e+00 -1.402222e+01 0.000000e+00
      vertex   -4.017221e+00 -1.236373e+01 0.000000e+00
      vertex   -2.892772e+00 -1.267406e+01 0.000000e+00
    endloop
  endfacet
  facet normal 0.000000e+00 -0.000000e+00 -1.000000e+00
    outer loop
      vertex   -6.245317e+00 -1.402222e+01 0.000000e+00
      vertex   -2.892772e+00 -1.267406e+01 0.000000e+00
      vertex   -6.438532e+00 -1.437367e+01 0.000000e+00
    endloop
  endfacet
  facet normal 0.000000e+00 0.000000e+00 -1.000000e+00
    outer loop
      vertex   -6.438532e+00 -1.437367e+01 0.000000e+00
      vertex   -2.892772e+00 -1.267406e+01 0.000000e+00
      vertex   -4.251306e+00 -1.954294e+01 0.000000e+00
    endloop
  endfacet
  facet normal 0.000000e+00 0.000000e+00 -1.000000e+00
    outer loop
      vertex   -6.438532e+00 -1.437367e+01 0.000000e+00
      vertex   -4.251306e+00 -1.954294e+01 0.000000e+00
      vertex   -5.634651e+00 -1.918986e+01 0.000000e+00
    endloop
  endfacet
  facet normal 0.000000e+00 0.000000e+00 -1.000000e+00
    outer loop
      vertex   -4.251306e+00 -1.954294e+01 0.000000e+00
      vertex   -2.892772e+00 -1.267406e+01 0.000000e+00
      vertex   -2.846297e+00 -1.979643e+01 0.000000e+00
    endloop
  endfacet
  facet normal 0.000000e+00 0.000000e+00 -1.000000e+00
    outer loop
      vertex   -2.846297e+00 -1.979643e+01 0.000000e+00
      vertex   -2.892772e+00 -1.267406e+01 0.000000e+00
      vertex   -1.745032e+00 -1.288235e+01 0.000000e+00
    endloop
  endfacet
  facet normal 0.000000e+00 0.000000e+00 -1.000000e+00
    outer loop
      vertex   -2.846297e+00 -1.979643e+01 0.000000e+00
      vertex   -1.745032e+00 -1.288235e+01 0.000000e+00
      vertex   -1.426784e+00 -1.994904e+01 0.000000e+00
    endloop
  endfacet
  facet normal 0.000000e+00 0.000000e+00 -1.000000e+00
    outer loop
      vertex   -1.426784e+00 -1.994904e+01 0.000000e+00
      vertex   -1.745032e+00 -1.288235e+01 0.000000e+00
      vertex   -5.832428e-01 -1.298691e+01 0.000000e+00
    endloop
  endfacet
  facet normal 0.000000e+00 0.000000e+00 -1.000000e+00
    outer loop
      vertex   -1.426784e+00 -1.994904e+01 0.000000e+00
      vertex   -5.832428e-01 -1.298691e+01 0.000000e+00
      vertex   1.224647e-15 -2.000000e+01 0.000000e+00
    endloop
  endfacet
  facet normal 0.000000e+00 0.000000e+00 -1.000000e+00
    outer loop
      vertex   1.224647e-15 -2.000000e+01 0.000000e+00
      vertex   -5.832428e-01 -1.298691e+01 0.000000e+00
      vertex   5.832428e-01 -1.298691e+01 0.000000e+00
    endloop
  endfacet
  facet normal 0.000000e+00 0.000000e+00 -1.000000e+00
    outer loop
      vertex   1.224647e-15 -2.000000e+01 0.000000e+00
      vertex   5.832428e-01 -1.298691e+01 0.000000e+00
      vertex   1.426784e+00 -1.994904e+01 0.000000e+00
    endloop
  endfacet
  facet normal 0.000000e+00 0.000000e+00 -1.000000e+00
    outer loop
      vertex   1.426784e+00 -1.994904e+01 0.000000e+00
      vertex   5.832428e-01 -1.298691e+01 0.000000e+00
      vertex   1.745032e+00 -1.288235e+01 0.000000e+00
    endloop
  endfacet
  facet normal 0.000000e+00 0.000000e+00 -1.000000e+00
    outer loop
      vertex   1.426784e+00 -1.994904e+01 0.000000e+00
      vertex   1.745032e+00 -1.288235e+01 0.000000e+00
      vertex   2.846297e+00 -1.979643e+01 0.000000e+00
    endloop
  endfacet
  facet normal 0.000000e+00 0.000000e+00 -1.000000e+00
    outer loop
      vertex   2.846297e+00 -1.979643e+01 0.000000e+00
      vertex   1.745032e+00 -1.288235e+01 0.000000e+00
      vertex   2.892772e+00 -1.267406e+01 0.000000e+00
    endloop
  endfacet
  facet normal 0.000000e+00 0.000000e+00 -1.000000e+00
    outer loop
      vertex   2.846297e+00 -1.979643e+01 0.000000e+00
      vertex   2.892772e+00 -1.267406e+01 0.000000e+00
      vertex   4.251306e+00 -1.954294e+01 0.000000e+00
    endloop
  endfacet
  facet normal 0.000000e+00 0.000000e+00 -1.000000e+00
    outer loop
      vertex   4.251306e+00 -1.954294e+01 0.000000e+00
      vertex   2.892772e+00 -1.267406e+01 0.000000e+00
      vertex   6.347909e+00 -1.419420e+01 0.000000e+00
    endloop
  endfacet
  facet normal 0.000000e+00 0.000000e+00 -1.000000e+00
    outer loop
      vertex   4.251306e+00 -1.954294e+01 0.000000e+00
      vertex   6.347909e+00 -1.419420e+01 0.000000e+00
      vertex   6.583650e+00 -1.451867e+01 0.000000e+00
    endloop
  endfacet
  facet normal 0.000000e+00 0.000000e+00 -1.000000e+00
    outer loop
      vertex   6.347909e+00 -1.419420e+01 0.000000e+00
      vertex   2.892772e+00 -1.267406e+01 0.000000e+00
      vertex   6.200267e+00 -1.382130e+01 0.000000e+00
    endloop
  endfacet
  facet normal 0.000000e+00 0.000000e+00 -1.000000e+00
    outer loop
      vertex   6.200267e+00 -1.382130e+01 0.000000e+00
      vertex   2.892772e+00 -1.267406e+01 0.000000e+00
      vertex   4.017221e+00 -1.236373e+01 0.000000e+00
    endloop
  endfacet
  facet normal 0.000000e+00 0.000000e+00 -1.000000e+00
    outer loop
      vertex   6.200267e+00 -1.382130e+01 0.000000e+00
      vertex   4.017221e+00 -1.236373e+01 0.000000e+00
      vertex   6.150000e+00 -1.342339e+01 0.000000e+00
    endloop
  endfacet
  facet normal 0.000000e+00 0.000000e+00 -1.000000e+00
    outer loop
      vertex   6.150000e+00 -1.342339e+01 0.000000e+00
      vertex   4.017221e+00 -1.236373e+01 0.000000e+00
      vertex   5.109325e+00 -1.195386e+01 0.000000e+00
    endloop
  endfacet
  facet normal 0.000000e+00 0.000000e+00 -1.000000e+00
    outer loop
      vertex   6.150000e+00 -1.342339e+01 0.000000e+00
      vertex   5.109325e+00 -1.195386e+01 0.000000e+00
      vertex   6.200267e+00 -1.302549e+01 0.000000e+00
    endloop
  endfacet
  facet normal 0.000000e+00 0.000000e+00 -1.000000e+00
    outer loop
      vertex   6.200267e+00 -1.302549e+01 0.000000e+00
      vertex   5.109325e+00 -1.195386e+01 0.000000e+00
      vertex   6.347909e+00 -1.265259e+01 0.000000e+00
    endloop
  endfacet
  facet normal 0.000000e+00 0.000000e+00 -1.000000e+00
    outer loop
      vertex   6.347909e+00 -1.265259e+01 0.000000e+00
      vertex   5.109325e+00 -1.195386e+01 0.000000e+00
      vertex   6.160293e+00 -1.144774e+01 0.000000e+00
    endloop
  endfacet
  facet normal 0.000000e+00 0.000000e+00 -1.000000e+00
    outer loop
      vertex   6.347909e+00 -1.265259e+01 0.000000e+00
      vertex   6.160293e+00 -1.144774e+01 0.000000e+00
      vertex   6.583650e+00 -1.232812e+01 0.000000e+00
    endloop
  endfacet
  facet normal 0.000000e+00 0.000000e+00 -1.000000e+00
    outer loop
      vertex   6.583650e+00 -1.232812e+01 0.000000e+00
      vertex   6.160293e+00 -1.144774e+01 0.000000e+00
      vertex   6.892677e+00 -1.207247e+01 0.000000e+00
    endloop
  endfacet
  facet normal 0.000000e+00 0.000000e+00 -1.000000e+00
    outer loop
      vertex   6.892677e+00 -1.207247e+01 0.000000e+00
      vertex   6.160293e+00 -1.144774e+01 0.000000e+00
      vertex   7.161661e+00 -1.084945e+01 0.000000e+00
    endloop
  endfacet
  facet normal 0.000000e+00 0.000000e+00 -1.000000e+00
    outer loop
      vertex   6.892677e+00 -1.207247e+01 0.000000e+00
      vertex   7.161661e+00 -1.084945e+01 0.000000e+00
      vertex   7.255573e+00 -1.190170e+01 0.000000e+00
    endloop
  endfacet
  facet normal 0.000000e+00 0.000000e+00 -1.000000e+00
    outer loop
      vertex   7.255573e+00 -1.190170e+01 0.000000e+00
      vertex   7.161661e+00 -1.084945e+01 0.000000e+00
      vertex   7.649535e+00 -1.182655e+01 0.000000e+00
    endloop
  endfacet
  facet normal 0.000000e+00 0.000000e+00 -1.000000e+00
    outer loop
      vertex   7.649535e+00 -1.182655e+01 0.000000e+00
      vertex   7.161661e+00 -1.084945e+01 0.000000e+00
      vertex   8.105368e+00 -1.016381e+01 0.000000e+00
    endloop
  endfacet
  facet normal 0.000000e+00 0.000000e+00 -1.000000e+00
    outer loop
      vertex   7.649535e+00 -1.182655e+01 0.000000e+00
      vertex   8.105368e+00 -1.016381e+01 0.000000e+00
      vertex   8.049810e+00 -1.185173e+01 0.000000e+00
    endloop
  endfacet
  facet normal 0.000000e+00 0.000000e+00 -1.000000e+00
    outer loop
      vertex   8.049810e+00 -1.185173e+01 0.000000e+00
      vertex   8.105368e+00 -1.016381e+01 0.000000e+00
      vertex   8.431247e+00 -1.197567e+01 0.000000e+00
    endloop
  endfacet
  facet normal 0.000000e+00 0.000000e+00 -1.000000e+00
    outer loop
      vertex   8.431247e+00 -1.197567e+01 0.000000e+00
      vertex   8.105368e+00 -1.016381e+01 0.000000e+00
      vertex   8.769878e+00 -1.219057e+01 0.000000e+00
    endloop
  endfacet
  facet normal 0.000000e+00 0.000000e+00 -1.000000e+00
    outer loop
      vertex   8.769878e+00 -1.219057e+01 0.000000e+00
      vertex   8.105368e+00 -1.016381e+01 0.000000e+00
      vertex   8.983815e+00 -9.396333e+00 0.000000e+00
    endloop
  endfacet
  facet normal 0.000000e+00 0.000000e+00 -1.000000e+00
    outer loop
      vertex   8.769878e+00 -1.219057e+01 0.000000e+00
      vertex   8.983815e+00 -9.396333e+00 0.000000e+00
      vertex   9.044427e+00 -1.248294e+01 0.000000e+00
    endloop
  endfacet
  facet normal 0.000000e+00 0.000000e+00 -1.000000e+00
    outer loop
      vertex   9.044427e+00 -1.248294e+01 0.000000e+00
      vertex   8.983815e+00 -9.396333e+00 0.000000e+00
      vertex   9.789929e+00 -8.553204e+00 0.000000e+00
    endloop
  endfacet
  facet normal 0.000000e+00 0.000000e+00 -1.000000e+00
    outer loop
      vertex   9.044427e+00 -1.248294e+01 0.000000e+00
      vertex   9.789929e+00 -8.553204e+00 0.000000e+00
      vertex   9.237642e+00 -1.283439e+01 0.000000e+00
    endloop
  endfacet
  facet normal 0.000000e+00 0.000000e+00 -1.000000e+00
    outer loop
      vertex   9.237642e+00 -1.283439e+01 0.000000e+00
      vertex   9.789929e+00 -8.553204e+00 0.000000e+00
      vertex   1.414214e+01 -1.414214e+01 0.000000e+00
    endloop
  endfacet
  facet normal 0.000000e+00 0.000000e+00 -1.000000e+00
    outer loop
      vertex   9.237642e+00 -1.283439e+01 0.000000e+00
      vertex   1.414214e+01 -1.414214e+01 0.000000e+00
      vertex   9.337383e+00 -1.322286e+01 0.000000e+00
    endloop
  endfacet
  facet normal 0.000000e+00 0.000000e+00 -1.000000e+00
    outer loop
      vertex   9.337383e+00 -1.322286e+01 0.000000e+00
      vertex   1.414214e+01 -1.414214e+01 0.000000e+00
      vertex   1.309721e+01 -1.511499e+01 0.000000e+00
    endloop
  endfacet
  facet normal 0.000000e+00 0.000000e+00 -1.000000e+00
    outer loop
      vertex   9.337383e+00 -1.322286e+01 0.000000e+00
      vertex   1.309721e+01 -1.511499e+01 0.000000e+00
      vertex   9.337383e+00 -1.362393e+01 0.000000e+00
    endloop
  endfacet
  facet normal 0.000000e+00 0.000000e+00 -1.000000e+00
    outer loop
      vertex   9.337383e+00 -1.362393e+01 0.000000e+00
      vertex   1.309721e+01 -1.511499e+01 0.000000e+00
      vertex   1.198555e+01 -1.601082e+01 0.000000e+00
    endloop
  endfacet
  facet normal 0.000000e+00 -0.000000e+00 -1.000000e+00
    outer loop
      vertex   9.337383e+00 -1.362393e+01 0.000000e+00
      vertex   1.198555e+01 -1.601082e+01 0.000000e+00
      vertex   9.237642e+00 -1.401239e+01 0.000000e+00
    endloop
  endfacet
  facet normal 0.000000e+00 0.000000e+00 -1.000000e+00
    outer loop
      vertex   9.237642e+00 -1.401239e+01 0.000000e+00
      vertex   1.198555e+01 -1.601082e+01 0.000000e+00
      vertex   1.081282e+01 -1.682507e+01 0.000000e+00
    endloop
  endfacet
  facet normal 0.000000e+00 -0.000000e+00 -1.000000e+00
    outer loop
      vertex   9.237642e+00 -1.401239e+01 0.000000e+00
      vertex   1.081282e+01 -1.682507e+01 0.000000e+00
      vertex   9.044427e+00 -1.436385e+01 0.000000e+00
    endloop
  endfacet
  facet normal 0.000000e+00 -0.000000e+00 -1.000000e+00
    outer loop
      vertex   9.044427e+00 -1.436385e+01 0.000000e+00
      vertex   1.081282e+01 -1.682507e+01 0.000000e+00
      vertex   8.769878e+00 -1.465621e+01 0.000000e+00
    endloop
  endfacet
  facet normal 0.000000e+00 0.000000e+00 -1.000000e+00
    outer loop
      vertex   8.769878e+00 -1.465621e+01 0.000000e+00
      vertex   1.081282e+01 -1.682507e+01 0.000000e+00
      vertex   9.584980e+00 -1.755358e+01 0.000000e+00
    endloop
  endfacet
  facet normal 0.000000e+00 -0.000000e+00 -1.000000e+00
    outer loop
      vertex   8.769878e+00 -1.465621e+01 0.000000e+00
      vertex   9.584980e+00 -1.755358e+01 0.000000e+00
      vertex   8.431247e+00 -1.487112e+01 0.000000e+00
    endloop
  endfacet
  facet normal 0.000000e+00 -0.000000e+00 -1.000000e+00
    outer loop
      vertex   8.431247e+00 -1.487112e+01 0.000000e+00
      vertex   9.584980e+00 -1.755358e+01 0.000000e+00
      vertex   8.049810e+00 -1.499505e+01 0.000000e+00
    endloop
  endfacet
  facet normal 0.000000e+00 0.000000e+00 -1.000000e+00
    outer loop
      vertex   8.049810e+00 -1.499505e+01 0.000000e+00
      vertex   9.584980e+00 -1.755358e+01 0.000000e+00
      vertex   8.308300e+00 -1.819264e+01 0.000000e+00
    endloop
  endfacet
  facet normal 0.000000e+00 -0.000000e+00 -1.000000e+00
    outer loop
      vertex   8.049810e+00 -1.499505e+01 0.000000e+00
      vertex   8.308300e+00 -1.819264e+01 0.000000e+00
      vertex   7.649535e+00 -1.502024e+01 0.000000e+00
    endloop
  endfacet
  facet normal -0.000000e+00 -0.000000e+00 -1.000000e+00
    outer loop
      vertex   7.649535e+00 -1.502024e+01 0.000000e+00
      vertex   8.308300e+00 -1.819264e+01 0.000000e+00
      vertex   7.255573e+00 -1.494508e+01 0.000000e+00
    endloop
  endfacet
  facet normal 0.000000e+00 -0.000000e+00 -1.000000e+00
    outer loop
      vertex   7.255573e+00 -1.494508e+01 0.000000e+00
      vertex   8.308300e+00 -1.819264e+01 0.000000e+00
      vertex   6.989284e+00 -1.873899e+01 0.000000e+00
    endloop
  endfacet
  facet normal -0.000000e+00 0.000000e+00 -1.000000e+00
    outer loop
      vertex   7.255573e+00 -1.494508e+01 0.000000e+00
      vertex   6.989284e+00 -1.873899e+01 0.000000e+00
      vertex   6.892677e+00 -1.477432e+01 0.000000e+00
    endloop
  endfacet
  facet normal 0.000000e+00 -0.000000e+00 -1.000000e+00
    outer loop
      vertex   6.892677e+00 -1.477432e+01 0.000000e+00
      vertex   6.989284e+00 -1.873899e+01 0.000000e+00
      vertex   5.634651e+00 -1.918986e+01 0.000000e+00
    endloop
  endfacet
  facet normal -0.000000e+00 0.000000e+00 -1.000000e+00
    outer loop
      vertex   6.892677e+00 -1.477432e+01 0.000000e+00
      vertex   5.634651e+00 -1.918986e+01 0.000000e+00
      vertex   6.583650e+00 -1.451867e+01 0.000000e+00
    endloop
  endfacet
  facet normal 0.000000e+00 0.000000e+00 -1.000000e+00
    outer loop
      vertex   6.583650e+00 -1.451867e+01 0.000000e+00
      vertex   5.634651e+00 -1.918986e+01 0.000000e+00
      vertex   4.251306e+00 -1.954294e+01 0.000000e+00
    endloop
  endfacet
  facet normal 0.000000e+00 0.000000e+00 -1.000000e+00
    outer loop
      vertex   1.414214e+01 -1.414214e+01 0.000000e+00
      vertex   9.789929e+00 -8.553204e+00 0.000000e+00
      vertex   1.511499e+01 -1.309721e+01 0.000000e+00
    endloop
  endfacet
  facet normal 0.000000e+00 0.000000e+00 -1.000000e+00
    outer loop
      vertex   1.511499e+01 -1.309721e+01 0.000000e+00
      vertex   9.789929e+00 -8.553204e+00 0.000000e+00
      vertex   1.051722e+01 -7.641208e+00 0.000000e+00
    endloop
  endfacet
  facet normal 0.000000e+00 0.000000e+00 -1.000000e+00
    outer loop
      vertex   1.511499e+01 -1.309721e+01 0.000000e+00
      vertex   1.051722e+01 -7.641208e+00 0.000000e+00
      vertex   1.601082e+01 -1.198555e+01 0.000000e+00
    endloop
  endfacet
  facet normal 0.000000e+00 0.000000e+00 -1.000000e+00
    outer loop
      vertex   1.601082e+01 -1.198555e+01 0.000000e+00
      vertex   1.051722e+01 -7.641208e+00 0.000000e+00
      vertex   1.115983e+01 -6.667691e+00 0.000000e+00
    endloop
  endfacet
  facet normal 0.000000e+00 0.000000e+00 -1.000000e+00
    outer loop
      vertex   1.601082e+01 -1.198555e+01 0.000000e+00
      vertex   1.115983e+01 -6.667691e+00 0.000000e+00
      vertex   1.682507e+01 -1.081282e+01 0.000000e+00
    endloop
  endfacet
  facet normal 0.000000e+00 0.000000e+00 -1.000000e+00
    outer loop
      vertex   1.682507e+01 -1.081282e+01 0.000000e+00
      vertex   1.115983e+01 -6.667691e+00 0.000000e+00
      vertex   1.755358e+01 -9.584980e+00 0.000000e+00
    endloop
  endfacet
  facet normal 0.000000e+00 0.000000e+00 -1.000000e+00
    outer loop
      vertex   1.755358e+01 -9.584980e+00 0.000000e+00
      vertex   1.115983e+01 -6.667691e+00 0.000000e+00
      vertex   1.171260e+01 -5.640489e+00 0.000000e+00
    endloop
  endfacet
  facet normal 0.000000e+00 0.000000e+00 -1.000000e+00
    outer loop
      vertex   1.755358e+01 -9.584980e+00 0.000000e+00
      vertex   1.171260e+01 -5.640489e+00 0.000000e+00
      vertex   1.819264e+01 -8.308300e+00 0.000000e+00
    endloop
  endfacet
  facet normal 0.000000e+00 0.000000e+00 -1.000000e+00
    outer loop
      vertex   1.819264e+01 -8.308300e+00 0.000000e+00
      vertex   1.171260e+01 -5.640489e+00 0.000000e+00
      vertex   1.217105e+01 -4.567873e+00 0.000000e+00
    endloop
  endfacet
  facet normal 0.000000e+00 0.000000e+00 -1.000000e+00
    outer loop
      vertex   1.819264e+01 -8.308300e+00 0.000000e+00
      vertex   1.217105e+01 -4.567873e+00 0.000000e+00
      vertex   1.873899e+01 -6.989284e+00 0.000000e+00
    endloop
  endfacet
  facet normal 0.000000e+00 0.000000e+00 -1.000000e+00
    outer loop
      vertex   1.873899e+01 -6.989284e+00 0.000000e+00
      vertex   1.217105e+01 -4.567873e+00 0.000000e+00
      vertex   1.253152e+01 -3.458479e+00 0.000000e+00
    endloop
  endfacet
  facet normal 0.000000e+00 0.000000e+00 -1.000000e+00
    outer loop
      vertex   1.873899e+01 -6.989284e+00 0.000000e+00
      vertex   1.253152e+01 -3.458479e+00 0.000000e+00
      vertex   1.539952e+01 -1.577173e+00 0.000000e+00
    endloop
  endfacet
  facet normal -0.000000e+00 0.000000e+00 -1.000000e+00
    outer loop
      vertex   1.539952e+01 -1.577173e+00 0.000000e+00
      vertex   1.253152e+01 -3.458479e+00 0.000000e+00
      vertex   1.500556e+01 -1.502020e+00 0.000000e+00
    endloop
  endfacet
  facet normal 0.000000e+00 0.000000e+00 -1.000000e+00
    outer loop
      vertex   1.500556e+01 -1.502020e+00 0.000000e+00
      vertex   1.253152e+01 -3.458479e+00 0.000000e+00
      vertex   1.279108e+01 -2.321240e+00 0.000000e+00
    endloop
  endfacet
  facet normal -0.000000e+00 0.000000e+00 -1.000000e+00
    outer loop
      vertex   1.500556e+01 -1.502020e+00 0.000000e+00
      vertex   1.279108e+01 -2.321240e+00 0.000000e+00
      vertex   1.464266e+01 -1.331255e+00 0.000000e+00
    endloop
  endfacet
  facet normal -0.000000e+00 0.000000e+00 -1.000000e+00
    outer loop
      vertex   1.464266e+01 -1.331255e+00 0.000000e+00
      vertex   1.279108e+01 -2.321240e+00 0.000000e+00
      vertex   1.433364e+01 -1.075605e+00 0.000000e+00
    endloop
  endfacet
  facet normal 0.000000e+00 0.000000e+00 -1.000000e+00
    outer loop
      vertex   1.433364e+01 -1.075605e+00 0.000000e+00
      vertex   1.279108e+01 -2.321240e+00 0.000000e+00
      vertex   1.294767e+01 -1.165311e+00 0.000000e+00
    endloop
  endfacet
  facet normal -0.000000e+00 0.000000e+00 -1.000000e+00
    outer loop
      vertex   1.433364e+01 -1.075605e+00 0.000000e+00
      vertex   1.294767e+01 -1.165311e+00 0.000000e+00
      vertex   1.409790e+01 -7.511357e-01 0.000000e+00
    endloop
  endfacet
  facet normal -0.000000e+00 0.000000e+00 -1.000000e+00
    outer loop
      vertex   1.409790e+01 -7.511357e-01 0.000000e+00
      vertex   1.294767e+01 -1.165311e+00 0.000000e+00
      vertex   1.395025e+01 -3.782337e-01 0.000000e+00
    endloop
  endfacet
  facet normal -0.000000e+00 0.000000e+00 -1.000000e+00
    outer loop
      vertex   1.395025e+01 -3.782337e-01 0.000000e+00
      vertex   1.294767e+01 -1.165311e+00 0.000000e+00
      vertex   1.300000e+01 0.000000e+00 0.000000e+00
    endloop
  endfacet
  facet normal 0.000000e+00 0.000000e+00 -1.000000e+00
    outer loop
      vertex   1.395025e+01 -3.782337e-01 0.000000e+00
      vertex   1.300000e+01 0.000000e+00 0.000000e+00
      vertex   1.389999e+01 1.967014e-02 0.000000e+00
    endloop
  endfacet
  facet normal -0.000000e+00 0.000000e+00 -1.000000e+00
    outer loop
      vertex   1.389999e+01 1.967014e-02 0.000000e+00
      vertex   1.300000e+01 0.000000e+00 0.000000e+00
      vertex   1.395025e+01 4.175740e-01 0.000000e+00
    endloop
  endfacet
  facet normal -0.000000e+00 0.000000e+00 -1.000000e+00
    outer loop
      vertex   1.395025e+01 4.175740e-01 0.000000e+00
      vertex   1.300000e+01 0.000000e+00 0.000000e+00
      vertex   1.294767e+01 1.165311e+00 0.000000e+00
    endloop
  endfacet
  facet normal 0.000000e+00 0.000000e+00 -1.000000e+00
    outer loop
      vertex   1.395025e+01 4.175740e-01 0.000000e+00
      vertex   1.294767e+01 1.165311e+00 0.000000e+00
      vertex   1.409790e+01 7.904760e-01 0.000000e+00
    endloop
  endfacet
  facet normal 0.000000e+00 0.000000e+00 -1.000000e+00
    outer loop
      vertex   1.409790e+01 7.904760e-01 0.000000e+00
      vertex   1.294767e+01 1.165311e+00 0.000000e+00
      vertex   1.433364e+01 1.114946e+00 0.000000e+00
    endloop
  endfacet
  facet normal 0.000000e+00 0.000000e+00 -1.000000e+00
    outer loop
      vertex   1.433364e+01 1.114946e+00 0.000000e+00
      vertex   1.294767e+01 1.165311e+00 0.000000e+00
      vertex   1.279108e+01 2.321240e+00 0.000000e+00
    endloop
  endfacet
  facet normal 0.000000e+00 0.000000e+00 -1.000000e+00
    outer loop
      vertex   1.433364e+01 1.114946e+00 0.000000e+00
      vertex   1.279108e+01 2.321240e+00 0.000000e+00
      vertex   1.464266e+01 1.370595e+00 0.000000e+00
    endloop
  endfacet
  facet normal 0.000000e+00 0.000000e+00 -1.000000e+00
    outer loop
      vertex   1.464266e+01 1.370595e+00 0.000000e+00
      vertex   1.279108e+01 2.321240e+00 0.000000e+00
      vertex   1.500556e+01 1.541361e+00 0.000000e+00
    endloop
  endfacet
  facet normal 0.000000e+00 0.000000e+00 -1.000000e+00
    outer loop
      vertex   1.500556e+01 1.541361e+00 0.000000e+00
      vertex   1.279108e+01 2.321240e+00 0.000000e+00
      vertex   1.253152e+01 3.458479e+00 0.000000e+00
    endloop
  endfacet
  facet normal 0.000000e+00 0.000000e+00 -1.000000e+00
    outer loop
      vertex   1.500556e+01 1.541361e+00 0.000000e+00
      vertex   1.253152e+01 3.458479e+00 0.000000e+00
      vertex   1.539952e+01 1.616513e+00 0.000000e+00
    endloop
  endfacet
  facet normal 0.000000e+00 0.000000e+00 -1.000000e+00
    outer loop
      vertex   1.539952e+01 1.616513e+00 0.000000e+00
      vertex   1.253152e+01 3.458479e+00 0.000000e+00
      vertex   1.217105e+01 4.567873e+00 0.000000e+00
    endloop
  endfacet
  facet normal 0.000000e+00 0.000000e+00 -1.000000e+00
    outer loop
      vertex   1.539952e+01 1.616513e+00 0.000000e+00
      vertex   1.217105e+01 4.567873e+00 0.000000e+00
      vertex   1.579980e+01 1.591330e+00 0.000000e+00
    endloop
  endfacet
  facet normal 0.000000e+00 0.000000e+00 -1.000000e+00
    outer loop
      vertex   1.579980e+01 1.591330e+00 0.000000e+00
      vertex   1.217105e+01 4.567873e+00 0.000000e+00
      vertex   1.171260e+01 5.640489e+00 0.000000e+00
    endloop
  endfacet
  facet normal 0.000000e+00 0.000000e+00 -1.000000e+00
    outer loop
      vertex   1.579980e+01 1.591330e+00 0.000000e+00
      vertex   1.171260e+01 5.640489e+00 0.000000e+00
      vertex   1.618123e+01 1.467393e+00 0.000000e+00
    endloop
  endfacet
  facet normal 0.000000e+00 0.000000e+00 -1.000000e+00
    outer loop
      vertex   1.618123e+01 1.467393e+00 0.000000e+00
      vertex   1.171260e+01 5.640489e+00 0.000000e+00
      vertex   2.000000e+01 2.400000e+01 0.000000e+00
    endloop
  endfacet
  facet normal 0.000000e+00 0.000000e+00 -1.000000e+00
    outer loop
      vertex   1.618123e+01 1.467393e+00 0.000000e+00
      vertex   2.000000e+01 2.400000e+01 0.000000e+00
      vertex   2.000000e+01 0.000000e+00 0.000000e+00
    endloop
  endfacet
  facet normal 0.000000e+00 0.000000e+00 -1.000000e+00
    outer loop
      vertex   1.171260e+01 5.640489e+00 0.000000e+00
      vertex   1.115983e+01 6.667691e+00 0.000000e+00
      vertex   2.000000e+01 2.400000e+01 0.000000e+00
    endloop
  endfacet
  facet normal 0.000000e+00 0.000000e+00 -1.000000e+00
    outer loop
      vertex   2.000000e+01 2.400000e+01 0.000000e+00
      vertex   1.115983e+01 6.667691e+00 0.000000e+00
      vertex   9.337383e+00 1.322286e+01 0.000000e+00
    endloop
  endfacet
  facet normal 0.000000e+00 0.000000e+00 -1.000000e+00
    outer loop
      vertex   2.000000e+01 2.400000e+01 0.000000e+00
      vertex   9.337383e+00 1.322286e+01 0.000000e+00
      vertex   9.337383e+00 1.362393e+01 0.000000e+00
    endloop
  endfacet
  facet normal 0.000000e+00 0.000000e+00 -1.000000e+00
    outer loop
      vertex   1.115983e+01 6.667691e+00 0.000000e+00
      vertex   1.051722e+01 7.641208e+00 0.000000e+00
      vertex   9.337383e+00 1.322286e+01 0.000000e+00
    endloop
  endfacet
  facet normal 0.000000e+00 -0.000000e+00 -1.000000e+00
    outer loop
      vertex   9.337383e+00 1.322286e+01 0.000000e+00
      vertex   1.051722e+01 7.641208e+00 0.000000e+00
      vertex   9.237642e+00 1.283439e+01 0.000000e+00
    endloop
  endfacet
  facet normal 0.000000e+00 0.000000e+00 -1.000000e+00
    outer loop
      vertex   9.237642e+00 1.283439e+01 0.000000e+00
      vertex   1.051722e+01 7.641208e+00 0.000000e+00
      vertex   9.789929e+00 8.553204e+00 0.000000e+00
    endloop
  endfacet
  facet normal 0.000000e+00 -0.000000e+00 -1.000000e+00
    outer loop
      vertex   9.237642e+00 1.283439e+01 0.000000e+00
      vertex   9.789929e+00 8.553204e+00 0.000000e+00
      vertex   9.044427e+00 1.248294e+01 0.000000e+00
    endloop
  endfacet
  facet normal 0.000000e+00 -0.000000e+00 -1.000000e+00
    outer loop
      vertex   9.044427e+00 1.248294e+01 0.000000e+00
      vertex   9.789929e+00 8.553204e+00 0.000000e+00
      vertex   8.983815e+00 9.396333e+00 0.000000e+00
    endloop
  endfacet
  facet normal 0.000000e+00 0.000000e+00 -1.000000e+00
    outer loop
      vertex   9.044427e+00 1.248294e+01 0.000000e+00
      vertex   8.983815e+00 9.396333e+00 0.000000e+00
      vertex   8.769878e+00 1.219057e+01 0.000000e+00
    endloop
  endfacet
  facet normal 0.000000e+00 -0.000000e+00 -1.000000e+00
    outer loop
      vertex   8.769878e+00 1.219057e+01 0.000000e+00
      vertex   8.983815e+00 9.396333e+00 0.000000e+00
      vertex   8.105368e+00 1.016381e+01 0.000000e+00
    endloop
  endfacet
  facet normal 0.000000e+00 0.000000e+00 -1.000000e+00
    outer loop
      vertex   8.769878e+00 1.219057e+01 0.000000e+00
      vertex   8.105368e+00 1.016381e+01 0.000000e+00
      vertex   8.431247e+00 1.197567e+01 0.000000e+00
    endloop
  endfacet
  facet normal 0.000000e+00 0.000000e+00 -1.000000e+00
    outer loop
      vertex   8.431247e+00 1.197567e+01 0.000000e+00
      vertex   8.105368e+00 1.016381e+01 0.000000e+00
      vertex   8.049810e+00 1.185173e+01 0.000000e+00
    endloop
  endfacet
  facet normal 0.000000e+00 -0.000000e+00 -1.000000e+00
    outer loop
      vertex   8.049810e+00 1.185173e+01 0.000000e+00
      vertex   8.105368e+00 1.016381e+01 0.000000e+00
      vertex   7.649535e+00 1.182655e+01 0.000000e+00
    endloop
  endfacet
  facet normal 0.000000e+00 -0.000000e+00 -1.000000e+00
    outer loop
      vertex   7.649535e+00 1.182655e+01 0.000000e+00
      vertex   8.105368e+00 1.016381e+01 0.000000e+00
      vertex   7.161661e+00 1.084945e+01 0.000000e+00
    endloop
  endfacet
  facet normal -0.000000e+00 0.000000e+00 -1.000000e+00
    outer loop
      vertex   7.649535e+00 1.182655e+01 0.000000e+00
      vertex   7.161661e+00 1.084945e+01 0.000000e+00
      vertex   7.255573e+00 1.190170e+01 0.000000e+00
    endloop
  endfacet
  facet normal -0.000000e+00 0.000000e+00 -1.000000e+00
    outer loop
      vertex   7.255573e+00 1.190170e+01 0.000000e+00
      vertex   7.161661e+00 1.084945e+01 0.000000e+00
      vertex   6.892677e+00 1.207247e+01 0.000000e+00
    endloop
  endfacet
  facet normal 0.000000e+00 -0.000000e+00 -1.000000e+00
    outer loop
      vertex   6.892677e+00 1.207247e+01 0.000000e+00
      vertex   7.161661e+00 1.084945e+01 0.000000e+00
      vertex   6.160293e+00 1.144774e+01 0.000000e+00
    endloop
  endfacet
  facet normal -0.000000e+00 0.000000e+00 -1.000000e+00
    outer loop
      vertex   6.892677e+00 1.207247e+01 0.000000e+00
      vertex   6.160293e+00 1.144774e+01 0.000000e+00
      vertex   6.583650e+00 1.232812e+01 0.000000e+00
    endloop
  endfacet
  facet normal -0.000000e+00 0.000000e+00 -1.000000e+00
    outer loop
      vertex   6.583650e+00 1.232812e+01 0.000000e+00
      vertex   6.160293e+00 1.144774e+01 0.000000e+00
      vertex   6.347909e+00 1.265259e+01 0.000000e+00
    endloop
  endfacet
  facet normal 0.000000e+00 0.000000e+00 -1.000000e+00
    outer loop
      vertex   6.347909e+00 1.265259e+01 0.000000e+00
      vertex   6.160293e+00 1.144774e+01 0.000000e+00
      vertex   5.109325e+00 1.195386e+01 0.000000e+00
    endloop
  endfacet
  facet normal -0.000000e+00 0.000000e+00 -1.000000e+00
    outer loop
      vertex   6.347909e+00 1.265259e+01 0.000000e+00
      vertex   5.109325e+00 1.195386e+01 0.000000e+00
      vertex   6.200267e+00 1.302549e+01 0.000000e+00
    endloop
  endfacet
  facet normal -0.000000e+00 0.000000e+00 -1.000000e+00
    outer loop
      vertex   6.200267e+00 1.302549e+01 0.000000e+00
      vertex   5.109325e+00 1.195386e+01 0.000000e+00
      vertex   6.150000e+00 1.342339e+01 0.000000e+00
    endloop
  endfacet
  facet normal 0.000000e+00 0.000000e+00 -1.000000e+00
    outer loop
      vertex   6.150000e+00 1.342339e+01 0.000000e+00
      vertex   5.109325e+00 1.195386e+01 0.000000e+00
      vertex   4.017221e+00 1.236373e+01 0.000000e+00
    endloop
  endfacet
  facet normal -0.000000e+00 0.000000e+00 -1.000000e+00
    outer loop
      vertex   6.150000e+00 1.342339e+01 0.000000e+00
      vertex   4.017221e+00 1.236373e+01 0.000000e+00
      vertex   6.200267e+00 1.382130e+01 0.000000e+00
    endloop
  endfacet
  facet normal 0.000000e+00 0.000000e+00 -1.000000e+00
    outer loop
      vertex   6.200267e+00 1.382130e+01 0.000000e+00
      vertex   4.017221e+00 1.236373e+01 0.000000e+00
      vertex   2.892772e+00 1.267406e+01 0.000000e+00
    endloop
  endfacet
  facet normal -0.000000e+00 0.000000e+00 -1.000000e+00
    outer loop
      vertex   6.200267e+00 1.382130e+01 0.000000e+00
      vertex   2.892772e+00 1.267406e+01 0.000000e+00
      vertex   6.347909e+00 1.419420e+01 0.000000e+00
    endloop
  endfacet
  facet normal -0.000000e+00 0.000000e+00 -1.000000e+00
    outer loop
      vertex   6.347909e+00 1.419420e+01 0.000000e+00
      vertex   2.892772e+00 1.267406e+01 0.000000e+00
      vertex   6.583650e+00 1.451867e+01 0.000000e+00
    endloop
  endfacet
  facet normal 0.000000e+00 0.000000e+00 -1.000000e+00
    outer loop
      vertex   6.583650e+00 1.451867e+01 0.000000e+00
      vertex   2.892772e+00 1.267406e+01 0.000000e+00
      vertex   1.745032e+00 1.288235e+01 0.000000e+00
    endloop
  endfacet
  facet normal -0.000000e+00 0.000000e+00 -1.000000e+00
    outer loop
      vertex   6.583650e+00 1.451867e+01 0.000000e+00
      vertex   1.745032e+00 1.288235e+01 0.000000e+00
      vertex   6.892677e+00 1.477432e+01 0.000000e+00
    endloop
  endfacet
  facet normal 0.000000e+00 0.000000e+00 -1.000000e+00
    outer loop
      vertex   6.892677e+00 1.477432e+01 0.000000e+00
      vertex   1.745032e+00 1.288235e+01 0.000000e+00
      vertex   5.832428e-01 1.298691e+01 0.000000e+00
    endloop
  endfacet
  facet normal 0.000000e+00 0.000000e+00 -1.000000e+00
    outer loop
      vertex   6.892677e+00 1.477432e+01 0.000000e+00
      vertex   5.832428e-01 1.298691e+01 0.000000e+00
      vertex   -5.832428e-01 1.298691e+01 0.000000e+00
    endloop
  endfacet
  facet normal 0.000000e+00 0.000000e+00 -1.000000e+00
    outer loop
      vertex   -1.745032e+00 1.288235e+01 0.000000e+00
      vertex   -6.747150e+00 1.464637e+01 0.000000e+00
      vertex   -5.832428e-01 1.298691e+01 0.000000e+00
    endloop
  endfacet
  facet normal 0.000000e+00 0.000000e+00 -1.000000e+00
    outer loop
      vertex   -5.832428e-01 1.298691e+01 0.000000e+00
      vertex   -6.747150e+00 1.464637e+01 0.000000e+00
      vertex   -7.085782e+00 1.486127e+01 0.000000e+00
    endloop
  endfacet
  facet normal 0.000000e+00 0.000000e+00 -1.000000e+00
    outer loop
      vertex   -5.832428e-01 1.298691e+01 0.000000e+00
      vertex   -7.085782e+00 1.486127e+01 0.000000e+00
      vertex   6.892677e+00 1.477432e+01 0.000000e+00
    endloop
  endfacet
  facet normal 0.000000e+00 0.000000e+00 -1.000000e+00
    outer loop
      vertex   6.892677e+00 1.477432e+01 0.000000e+00
      vertex   -7.085782e+00 1.486127e+01 0.000000e+00
      vertex   7.255573e+00 1.494508e+01 0.000000e+00
    endloop
  endfacet
  facet normal -0.000000e+00 0.000000e+00 -1.000000e+00
    outer loop
      vertex   7.255573e+00 1.494508e+01 0.000000e+00
      vertex   -7.085782e+00 1.486127e+01 0.000000e+00
      vertex   -7.467218e+00 1.498521e+01 0.000000e+00
    endloop
  endfacet
  facet normal 0.000000e+00 0.000000e+00 -1.000000e+00
    outer loop
      vertex   7.255573e+00 1.494508e+01 0.000000e+00
      vertex   -7.467218e+00 1.498521e+01 0.000000e+00
      vertex   -2.000000e+01 2.400000e+01 0.000000e+00
    endloop
  endfacet
  facet normal 0.000000e+00 0.000000e+00 -1.000000e+00
    outer loop
      vertex   -2.000000e+01 2.400000e+01 0.000000e+00
      vertex   -7.467218e+00 1.498521e+01 0.000000e+00
      vertex   -7.867493e+00 1.501039e+01 0.000000e+00
    endloop
  endfacet
  facet normal 0.000000e+00 0.000000e+00 -1.000000e+00
    outer loop
      vertex   -2.000000e+01 2.400000e+01 0.000000e+00
      vertex   -7.867493e+00 1.501039e+01 0.000000e+00
      vertex   -8.261456e+00 1.493524e+01 0.000000e+00
    endloop
  endfacet
  facet normal 0.000000e+00 0.000000e+00 -1.000000e+00
    outer loop
      vertex   -6.747150e+00 1.464637e+01 0.000000e+00
      vertex   -1.745032e+00 1.288235e+01 0.000000e+00
      vertex   -6.472601e+00 1.435400e+01 0.000000e+00
    endloop
  endfacet
  facet normal 0.000000e+00 0.000000e+00 -1.000000e+00
    outer loop
      vertex   -6.472601e+00 1.435400e+01 0.000000e+00
      vertex   -1.745032e+00 1.288235e+01 0.000000e+00
      vertex   -2.892772e+00 1.267406e+01 0.000000e+00
    endloop
  endfacet
  facet normal 0.000000e+00 0.000000e+00 -1.000000e+00
    outer loop
      vertex   -6.472601e+00 1.435400e+01 0.000000e+00
      vertex   -2.892772e+00 1.267406e+01 0.000000e+00
      vertex   -6.279386e+00 1.400255e+01 0.000000e+00
    endloop
  endfacet
  facet normal 0.000000e+00 0.000000e+00 -1.000000e+00
    outer loop
      vertex   -6.279386e+00 1.400255e+01 0.000000e+00
      vertex   -2.892772e+00 1.267406e+01 0.000000e+00
      vertex   -4.017221e+00 1.236373e+01 0.000000e+00
    endloop
  endfacet
  facet normal 0.000000e+00 0.000000e+00 -1.000000e+00
    outer loop
      vertex   -6.279386e+00 1.400255e+01 0.000000e+00
      vertex   -4.017221e+00 1.236373e+01 0.000000e+00
      vertex   -6.179645e+00 1.361408e+01 0.000000e+00
    endloop
  endfacet
  facet normal 0.000000e+00 0.000000e+00 -1.000000e+00
    outer loop
      vertex   -6.179645e+00 1.361408e+01 0.000000e+00
      vertex   -4.017221e+00 1.236373e+01 0.000000e+00
      vertex   -6.179645e+00 1.321301e+01 0.000000e+00
    endloop
  endfacet
  facet normal 0.000000e+00 0.000000e+00 -1.000000e+00
    outer loop
      vertex   -6.179645e+00 1.321301e+01 0.000000e+00
      vertex   -4.017221e+00 1.236373e+01 0.000000e+00
      vertex   -5.109325e+00 1.195386e+01 0.000000e+00
    endloop
  endfacet
  facet normal 0.000000e+00 -0.000000e+00 -1.000000e+00
    outer loop
      vertex   -6.179645e+00 1.321301e+01 0.000000e+00
      vertex   -5.109325e+00 1.195386e+01 0.000000e+00
      vertex   -6.279386e+00 1.282455e+01 0.000000e+00
    endloop
  endfacet
  facet normal 0.000000e+00 -0.000000e+00 -1.000000e+00
    outer loop
      vertex   -6.279386e+00 1.282455e+01 0.000000e+00
      vertex   -5.109325e+00 1.195386e+01 0.000000e+00
      vertex   -6.472601e+00 1.247309e+01 0.000000e+00
    endloop
  endfacet
  facet normal 0.000000e+00 0.000000e+00 -1.000000e+00
    outer loop
      vertex   -6.472601e+00 1.247309e+01 0.000000e+00
      vertex   -5.109325e+00 1.195386e+01 0.000000e+00
      vertex   -6.160293e+00 1.144774e+01 0.000000e+00
    endloop
  endfacet
  facet normal 0.000000e+00 -0.000000e+00 -1.000000e+00
    outer loop
      vertex   -6.472601e+00 1.247309e+01 0.000000e+00
      vertex   -6.160293e+00 1.144774e+01 0.000000e+00
      vertex   -6.747150e+00 1.218073e+01 0.000000e+00
    endloop
  endfacet
  facet normal 0.000000e+00 -0.000000e+00 -1.000000e+00
    outer loop
      vertex   -6.747150e+00 1.218073e+01 0.000000e+00
      vertex   -6.160293e+00 1.144774e+01 0.000000e+00
      vertex   -7.085782e+00 1.196582e+01 0.000000e+00
    endloop
  endfacet
  facet normal 0.000000e+00 -0.000000e+00 -1.000000e+00
    outer loop
      vertex   -7.085782e+00 1.196582e+01 0.000000e+00
      vertex   -6.160293e+00 1.144774e+01 0.000000e+00
      vertex   -7.161661e+00 1.084945e+01 0.000000e+00
    endloop
  endfacet
  facet normal 0.000000e+00 0.000000e+00 -1.000000e+00
    outer loop
      vertex   -7.085782e+00 1.196582e+01 0.000000e+00
      vertex   -7.161661e+00 1.084945e+01 0.000000e+00
      vertex   -7.467218e+00 1.184189e+01 0.000000e+00
    endloop
  endfacet
  facet normal 0.000000e+00 -0.000000e+00 -1.000000e+00
    outer loop
      vertex   -7.467218e+00 1.184189e+01 0.000000e+00
      vertex   -7.161661e+00 1.084945e+01 0.000000e+00
      vertex   -7.867493e+00 1.181671e+01 0.000000e+00
    endloop
  endfacet
  facet normal 0.000000e+00 -0.000000e+00 -1.000000e+00
    outer loop
      vertex   -7.867493e+00 1.181671e+01 0.000000e+00
      vertex   -7.161661e+00 1.084945e+01 0.000000e+00
      vertex   -8.105368e+00 1.016381e+01 0.000000e+00
    endloop
  endfacet
  facet normal -0.000000e+00 0.000000e+00 -1.000000e+00
    outer loop
      vertex   -7.867493e+00 1.181671e+01 0.000000e+00
      vertex   -8.105368e+00 1.016381e+01 0.000000e+00
      vertex   -8.261456e+00 1.189186e+01 0.000000e+00
    endloop
  endfacet
  facet normal -0.000000e+00 -0.000000e+00 -1.000000e+00
    outer loop
      vertex   -8.261456e+00 1.189186e+01 0.000000e+00
      vertex   -8.105368e+00 1.016381e+01 0.000000e+00
      vertex   -8.624351e+00 1.206262e+01 0.000000e+00
    endloop
  endfacet
  facet normal 0.000000e+00 -0.000000e+00 -1.000000e+00
    outer loop
      vertex   -8.624351e+00 1.206262e+01 0.000000e+00
      vertex   -8.105368e+00 1.016381e+01 0.000000e+00
      vertex   -8.983815e+00 9.396333e+00 0.000000e+00
    endloop
  endfacet
  facet normal 0.000000e+00 0.000000e+00 -1.000000e+00
    outer loop
      vertex   -1.635732e+01 1.350925e+00 0.000000e+00
      vertex   -1.171260e+01 5.640489e+00 0.000000e+00
      vertex   -1.599443e+01 1.521690e+00 0.000000e+00
    endloop
  endfacet
  facet normal 0.000000e+00 0.000000e+00 -1.000000e+00
    outer loop
      vertex   -1.599443e+01 1.521690e+00 0.000000e+00
      vertex   -1.171260e+01 5.640489e+00 0.000000e+00
      vertex   -1.217105e+01 4.567873e+00 0.000000e+00
    endloop
  endfacet
  facet normal 0.000000e+00 0.000000e+00 -1.000000e+00
    outer loop
      vertex   -1.599443e+01 1.521690e+00 0.000000e+00
      vertex   -1.217105e+01 4.567873e+00 0.000000e+00
      vertex   -1.560046e+01 1.596843e+00 0.000000e+00
    endloop
  endfacet
  facet normal 0.000000e+00 0.000000e+00 -1.000000e+00
    outer loop
      vertex   -1.560046e+01 1.596843e+00 0.000000e+00
      vertex   -1.217105e+01 4.567873e+00 0.000000e+00
      vertex   -1.253152e+01 3.458479e+00 0.000000e+00
    endloop
  endfacet
  facet normal 0.000000e+00 0.000000e+00 -1.000000e+00
    outer loop
      vertex   -1.560046e+01 1.596843e+00 0.000000e+00
      vertex   -1.253152e+01 3.458479e+00 0.000000e+00
      vertex   -1.520019e+01 1.571660e+00 0.000000e+00
    endloop
  endfacet
  facet normal 0.000000e+00 0.000000e+00 -1.000000e+00
    outer loop
      vertex   -1.520019e+01 1.571660e+00 0.000000e+00
      vertex   -1.253152e+01 3.458479e+00 0.000000e+00
      vertex   -1.481875e+01 1.447723e+00 0.000000e+00
    endloop
  endfacet
  facet normal 0.000000e+00 0.000000e+00 -1.000000e+00
    outer loop
      vertex   -1.481875e+01 1.447723e+00 0.000000e+00
      vertex   -1.253152e+01 3.458479e+00 0.000000e+00
      vertex   -1.279108e+01 2.321240e+00 0.000000e+00
    endloop
  endfacet
  facet normal 0.000000e+00 0.000000e+00 -1.000000e+00
    outer loop
      vertex   -1.481875e+01 1.447723e+00 0.000000e+00
      vertex   -1.279108e+01 2.321240e+00 0.000000e+00
      vertex   -1.448012e+01 1.232821e+00 0.000000e+00
    endloop
  endfacet
  facet normal 0.000000e+00 0.000000e+00 -1.000000e+00
    outer loop
      vertex   -1.448012e+01 1.232821e+00 0.000000e+00
      vertex   -1.279108e+01 2.321240e+00 0.000000e+00
      vertex   -1.420557e+01 9.404564e-01 0.000000e+00
    endloop
  endfacet
  facet normal 0.000000e+00 0.000000e+00 -1.000000e+00
    outer loop
      vertex   -1.420557e+01 9.404564e-01 0.000000e+00
      vertex   -1.279108e+01 2.321240e+00 0.000000e+00
      vertex   -1.294767e+01 1.165311e+00 0.000000e+00
    endloop
  endfacet
  facet normal -0.000000e+00 0.000000e+00 -1.000000e+00
    outer loop
      vertex   -9.282692e+00 -1.383112e+01 0.000000e+00
      vertex   -1.198555e+01 -1.601082e+01 0.000000e+00
      vertex   -9.332959e+00 -1.343322e+01 0.000000e+00
    endloop
  endfacet
  facet normal 0.000000e+00 0.000000e+00 -1.000000e+00
    outer loop
      vertex   -9.332959e+00 -1.343322e+01 0.000000e+00
      vertex   -1.198555e+01 -1.601082e+01 0.000000e+00
      vertex   -1.309721e+01 -1.511499e+01 0.000000e+00
    endloop
  endfacet
  facet normal -0.000000e+00 0.000000e+00 -1.000000e+00
    outer loop
      vertex   -9.332959e+00 -1.343322e+01 0.000000e+00
      vertex   -1.309721e+01 -1.511499e+01 0.000000e+00
      vertex   -9.282692e+00 -1.303531e+01 0.000000e+00
    endloop
  endfacet
  facet normal 0.000000e+00 0.000000e+00 -1.000000e+00
    outer loop
      vertex   -9.282692e+00 -1.303531e+01 0.000000e+00
      vertex   -1.309721e+01 -1.511499e+01 0.000000e+00
      vertex   -1.414214e+01 -1.414214e+01 0.000000e+00
    endloop
  endfacet
  facet normal 0.000000e+00 -0.000000e+00 -1.000000e+00
    outer loop
      vertex   -9.282692e+00 -1.383112e+01 0.000000e+00
      vertex   -9.135050e+00 -1.420402e+01 0.000000e+00
      vertex   -1.198555e+01 -1.601082e+01 0.000000e+00
    endloop
  endfacet
  facet normal 0.000000e+00 0.000000e+00 -1.000000e+00
    outer loop
      vertex   -1.198555e+01 -1.601082e+01 0.000000e+00
      vertex   -9.135050e+00 -1.420402e+01 0.000000e+00
      vertex   -1.081282e+01 -1.682507e+01 0.000000e+00
    endloop
  endfacet
  facet normal 0.000000e+00 0.000000e+00 -1.000000e+00
    outer loop
      vertex   -1.081282e+01 -1.682507e+01 0.000000e+00
      vertex   -9.135050e+00 -1.420402e+01 0.000000e+00
      vertex   -8.899309e+00 -1.452849e+01 0.000000e+00
    endloop
  endfacet
  facet normal 0.000000e+00 0.000000e+00 -1.000000e+00
    outer loop
      vertex   -1.081282e+01 -1.682507e+01 0.000000e+00
      vertex   -8.899309e+00 -1.452849e+01 0.000000e+00
      vertex   -8.590282e+00 -1.478414e+01 0.000000e+00
    endloop
  endfacet
  facet normal 0.000000e+00 0.000000e+00 -1.000000e+00
    outer loop
      vertex   -1.081282e+01 -1.682507e+01 0.000000e+00
      vertex   -8.590282e+00 -1.478414e+01 0.000000e+00
      vertex   -9.584980e+00 -1.755358e+01 0.000000e+00
    endloop
  endfacet
  facet normal 0.000000e+00 0.000000e+00 -1.000000e+00
    outer loop
      vertex   -9.584980e+00 -1.755358e+01 0.000000e+00
      vertex   -8.590282e+00 -1.478414e+01 0.000000e+00
      vertex   -8.227386e+00 -1.495491e+01 0.000000e+00
    endloop
  endfacet
  facet normal 0.000000e+00 0.000000e+00 -1.000000e+00
    outer loop
      vertex   -9.584980e+00 -1.755358e+01 0.000000e+00
      vertex   -8.227386e+00 -1.495491e+01 0.000000e+00
      vertex   -8.308300e+00 -1.819264e+01 0.000000e+00
    endloop
  endfacet
  facet normal 0.000000e+00 0.000000e+00 -1.000000e+00
    outer loop
      vertex   -8.308300e+00 -1.819264e+01 0.000000e+00
      vertex   -8.227386e+00 -1.495491e+01 0.000000e+00
      vertex   -7.833424e+00 -1.503006e+01 0.000000e+00
    endloop
  endfacet
  facet normal 0.000000e+00 0.000000e+00 -1.000000e+00
    outer loop
      vertex   -8.308300e+00 -1.819264e+01 0.000000e+00
      vertex   -7.833424e+00 -1.503006e+01 0.000000e+00
      vertex   -7.433149e+00 -1.500488e+01 0.000000e+00
    endloop
  endfacet
  facet normal 0.000000e+00 0.000000e+00 -1.000000e+00
    outer loop
      vertex   -8.308300e+00 -1.819264e+01 0.000000e+00
      vertex   -7.433149e+00 -1.500488e+01 0.000000e+00
      vertex   -6.989284e+00 -1.873899e+01 0.000000e+00
    endloop
  endfacet
  facet normal 0.000000e+00 0.000000e+00 -1.000000e+00
    outer loop
      vertex   -6.989284e+00 -1.873899e+01 0.000000e+00
      vertex   -7.433149e+00 -1.500488e+01 0.000000e+00
      vertex   -7.051712e+00 -1.488094e+01 0.000000e+00
    endloop
  endfacet
  facet normal 0.000000e+00 0.000000e+00 -1.000000e+00
    outer loop
      vertex   -6.989284e+00 -1.873899e+01 0.000000e+00
      vertex   -7.051712e+00 -1.488094e+01 0.000000e+00
      vertex   -6.713081e+00 -1.466604e+01 0.000000e+00
    endloop
  endfacet
  facet normal 0.000000e+00 0.000000e+00 -1.000000e+00
    outer loop
      vertex   -6.989284e+00 -1.873899e+01 0.000000e+00
      vertex   -6.713081e+00 -1.466604e+01 0.000000e+00
      vertex   -5.634651e+00 -1.918986e+01 0.000000e+00
    endloop
  endfacet
  facet normal 0.000000e+00 0.000000e+00 -1.000000e+00
    outer loop
      vertex   -5.634651e+00 -1.918986e+01 0.000000e+00
      vertex   -6.713081e+00 -1.466604e+01 0.000000e+00
      vertex   -6.438532e+00 -1.437367e+01 0.000000e+00
    endloop
  endfacet
  facet normal 0.000000e+00 0.000000e+00 -1.000000e+00
    outer loop
      vertex   9.337383e+00 1.362393e+01 0.000000e+00
      vertex   9.237642e+00 1.401239e+01 0.000000e+00
      vertex   2.000000e+01 2.400000e+01 0.000000e+00
    endloop
  endfacet
  facet normal 0.000000e+00 0.000000e+00 -1.000000e+00
    outer loop
      vertex   2.000000e+01 2.400000e+01 0.000000e+00
      vertex   9.237642e+00 1.401239e+01 0.000000e+00
      vertex   9.044427e+00 1.436385e+01 0.000000e+00
    endloop
  endfacet
  facet normal 0.000000e+00 0.000000e+00 -1.000000e+00
    outer loop
      vertex   2.000000e+01 2.400000e+01 0.000000e+00
      vertex   9.044427e+00 1.436385e+01 0.000000e+00
      vertex   8.769878e+00 1.465621e+01 0.000000e+00
    endloop
  endfacet
  facet normal 0.000000e+00 0.000000e+00 -1.000000e+00
    outer loop
      vertex   8.769878e+00 1.465621e+01 0.000000e+00
      vertex   8.431247e+00 1.487112e+01 0.000000e+00
      vertex   2.000000e+01 2.400000e+01 0.000000e+00
    endloop
  endfacet
  facet normal 0.000000e+00 0.000000e+00 -1.000000e+00
    outer loop
      vertex   2.000000e+01 2.400000e+01 0.000000e+00
      vertex   8.431247e+00 1.487112e+01 0.000000e+00
      vertex   8.049810e+00 1.499505e+01 0.000000e+00
    endloop
  endfacet
  facet normal 0.000000e+00 0.000000e+00 -1.000000e+00
    outer loop
      vertex   2.000000e+01 2.400000e+01 0.000000e+00
      vertex   8.049810e+00 1.499505e+01 0.000000e+00
      vertex   7.649535e+00 1.502024e+01 0.000000e+00
    endloop
  endfacet
  facet normal -0.000000e+00 0.000000e+00 -1.000000e+00
    outer loop
      vertex   7.649535e+00 1.502024e+01 0.000000e+00
      vertex   7.255573e+00 1.494508e+01 0.000000e+00
      vertex   2.000000e+01 2.400000e+01 0.000000e+00
    endloop
  endfacet
  facet normal -0.000000e+00 0.000000e+00 -1.000000e+00
    outer loop
      vertex   2.000000e+01 2.400000e+01 0.000000e+00
      vertex   7.255573e+00 1.494508e+01 0.000000e+00
      vertex   -2.000000e+01 2.400000e+01 0.000000e+00
    endloop
  endfacet
  facet normal -0.000000e+00 0.000000e+00 -1.000000e+00
    outer loop
      vertex   -8.261456e+00 1.493524e+01 0.000000e+00
      vertex   -8.624351e+00 1.476447e+01 0.000000e+00
      vertex   -2.000000e+01 2.400000e+01 0.000000e+00
    endloop
  endfacet
  facet normal 0.000000e+00 0.000000e+00 -1.000000e+00
    outer loop
      vertex   -2.000000e+01 2.400000e+01 0.000000e+00
      vertex   -8.624351e+00 1.476447e+01 0.000000e+00
      vertex   -8.933378e+00 1.450882e+01 0.000000e+00
    endloop
  endfacet
  facet normal 0.000000e+00 0.000000e+00 -1.000000e+00
    outer loop
      vertex   -2.000000e+01 2.400000e+01 0.000000e+00
      vertex   -8.933378e+00 1.450882e+01 0.000000e+00
      vertex   -9.169119e+00 1.418435e+01 0.000000e+00
    endloop
  endfacet
  facet normal -0.000000e+00 0.000000e+00 -1.000000e+00
    outer loop
      vertex   -9.169119e+00 1.418435e+01 0.000000e+00
      vertex   -9.316762e+00 1.381145e+01 0.000000e+00
      vertex   -2.000000e+01 2.400000e+01 0.000000e+00
    endloop
  endfacet
  facet normal 0.000000e+00 0.000000e+00 -1.000000e+00
    outer loop
      vertex   -2.000000e+01 2.400000e+01 0.000000e+00
      vertex   -9.316762e+00 1.381145e+01 0.000000e+00
      vertex   -9.367029e+00 1.341355e+01 0.000000e+00
    endloop
  endfacet
  facet normal 0.000000e+00 0.000000e+00 -1.000000e+00
    outer loop
      vertex   1.539952e+01 -1.577173e+00 0.000000e+00
      vertex   1.579980e+01 -1.551989e+00 0.000000e+00
      vertex   1.873899e+01 -6.989284e+00 0.000000e+00
    endloop
  endfacet
  facet normal 0.000000e+00 0.000000e+00 -1.000000e+00
    outer loop
      vertex   1.873899e+01 -6.989284e+00 0.000000e+00
      vertex   1.579980e+01 -1.551989e+00 0.000000e+00
      vertex   1.918986e+01 -5.634651e+00 0.000000e+00
    endloop
  endfacet
  facet normal 0.000000e+00 0.000000e+00 -1.000000e+00
    outer loop
      vertex   1.918986e+01 -5.634651e+00 0.000000e+00
      vertex   1.579980e+01 -1.551989e+00 0.000000e+00
      vertex   1.618123e+01 -1.428053e+00 0.000000e+00
    endloop
  endfacet
  facet normal 0.000000e+00 0.000000e+00 -1.000000e+00
    outer loop
      vertex   1.918986e+01 -5.634651e+00 0.000000e+00
      vertex   1.618123e+01 -1.428053e+00 0.000000e+00
      vertex   1.954294e+01 -4.251306e+00 0.000000e+00
    endloop
  endfacet
  facet normal 0.000000e+00 0.000000e+00 -1.000000e+00
    outer loop
      vertex   1.954294e+01 -4.251306e+00 0.000000e+00
      vertex   1.618123e+01 -1.428053e+00 0.000000e+00
      vertex   1.651987e+01 -1.213151e+00 0.000000e+00
    endloop
  endfacet
  facet normal 0.000000e+00 0.000000e+00 -1.000000e+00
    outer loop
      vertex   1.954294e+01 -4.251306e+00 0.000000e+00
      vertex   1.651987e+01 -1.213151e+00 0.000000e+00
      vertex   1.979643e+01 -2.846297e+00 0.000000e+00
    endloop
  endfacet
  facet normal 0.000000e+00 0.000000e+00 -1.000000e+00
    outer loop
      vertex   1.979643e+01 -2.846297e+00 0.000000e+00
      vertex   1.651987e+01 -1.213151e+00 0.000000e+00
      vertex   1.679441e+01 -9.207863e-01 0.000000e+00
    endloop
  endfacet
  facet normal 0.000000e+00 0.000000e+00 -1.000000e+00
    outer loop
      vertex   1.979643e+01 -2.846297e+00 0.000000e+00
      vertex   1.679441e+01 -9.207863e-01 0.000000e+00
      vertex   1.994904e+01 -1.426784e+00 0.000000e+00
    endloop
  endfacet
  facet normal 0.000000e+00 0.000000e+00 -1.000000e+00
    outer loop
      vertex   1.994904e+01 -1.426784e+00 0.000000e+00
      vertex   1.679441e+01 -9.207863e-01 0.000000e+00
      vertex   1.698763e+01 -5.693291e-01 0.000000e+00
    endloop
  endfacet
  facet normal 0.000000e+00 0.000000e+00 -1.000000e+00
    outer loop
      vertex   1.994904e+01 -1.426784e+00 0.000000e+00
      vertex   1.698763e+01 -5.693291e-01 0.000000e+00
      vertex   1.708737e+01 -1.808630e-01 0.000000e+00
    endloop
  endfacet
  facet normal 0.000000e+00 0.000000e+00 -1.000000e+00
    outer loop
      vertex   1.994904e+01 -1.426784e+00 0.000000e+00
      vertex   1.708737e+01 -1.808630e-01 0.000000e+00
      vertex   2.000000e+01 0.000000e+00 0.000000e+00
    endloop
  endfacet
  facet normal -0.000000e+00 0.000000e+00 -1.000000e+00
    outer loop
      vertex   2.000000e+01 0.000000e+00 0.000000e+00
      vertex   1.708737e+01 -1.808630e-01 0.000000e+00
      vertex   1.708737e+01 2.202033e-01 0.000000e+00
    endloop
  endfacet
  facet normal 0.000000e+00 0.000000e+00 -1.000000e+00
    outer loop
      vertex   2.000000e+01 0.000000e+00 0.000000e+00
      vertex   1.708737e+01 2.202033e-01 0.000000e+00
      vertex   1.698763e+01 6.086694e-01 0.000000e+00
    endloop
  endfacet
  facet normal 0.000000e+00 0.000000e+00 -1.000000e+00
    outer loop
      vertex   1.698763e+01 6.086694e-01 0.000000e+00
      vertex   1.679441e+01 9.601265e-01 0.000000e+00
      vertex   2.000000e+01 0.000000e+00 0.000000e+00
    endloop
  endfacet
  facet normal 0.000000e+00 0.000000e+00 -1.000000e+00
    outer loop
      vertex   2.000000e+01 0.000000e+00 0.000000e+00
      vertex   1.679441e+01 9.601265e-01 0.000000e+00
      vertex   1.651987e+01 1.252491e+00 0.000000e+00
    endloop
  endfacet
  facet normal 0.000000e+00 0.000000e+00 -1.000000e+00
    outer loop
      vertex   2.000000e+01 0.000000e+00 0.000000e+00
      vertex   1.651987e+01 1.252491e+00 0.000000e+00
      vertex   1.618123e+01 1.467393e+00 0.000000e+00
    endloop
  endfacet
endsolid
